pincode,status,is_prime,state
110002,Serviceable,false,
110003,Serviceable,false,
110004,Serviceable,false,
110005,Serviceable,false,
110007,Serviceable,false,
110008,Serviceable,false,
110009,Serviceable,false,
110010,Serviceable,false,
110011,Serviceable,false,
110012,Serviceable,false,
110013,Serviceable,false,
110014,Serviceable,false,
110015,Serviceable,false,
110016,Serviceable,false,
110017,Serviceable,false,
110018,Serviceable,false,
110019,Serviceable,false,
110020,Serviceable,false,
110021,Serviceable,false,
110022,Serviceable,false,
110023,Serviceable,false,
110024,Serviceable,false,
110026,Serviceable,false,
110027,Serviceable,false,
110028,Serviceable,false,
110029,Serviceable,false,
110030,Serviceable,false,
110032,Serviceable,false,
110033,Serviceable,false,
110034,Serviceable,false,
110035,Serviceable,false,
110036,Serviceable,false,
110037,Serviceable,false,
110038,Serviceable,false,
110039,Serviceable,false,
110040,Serviceable,false,
110041,Serviceable,false,
110043,Serviceable,false,
110045,Serviceable,false,
110046,Serviceable,false,
110047,Serviceable,false,
110048,Serviceable,false,
110049,Serviceable,false,
110051,Serviceable,false,
110052,Serviceable,false,
110053,Serviceable,false,
110054,Serviceable,false,
110055,Serviceable,false,
110056,Serviceable,false,
110057,Serviceable,false,
110058,Serviceable,false,
110060,Serviceable,false,
110061,Serviceable,false,
110062,Serviceable,false,
110063,Serviceable,false,
110064,Serviceable,false,
110065,Serviceable,false,
110066,Serviceable,false,
110067,Serviceable,false,
110068,Serviceable,false,
110070,Serviceable,false,
110071,Serviceable,false,
110072,Serviceable,false,
110073,Serviceable,false,
110074,Serviceable,false,
110075,Serviceable,false,
110076,Serviceable,false,
110077,Serviceable,false,
110078,Serviceable,false,
110079,Serviceable,false,
110080,Serviceable,false,
110081,Serviceable,false,
110082,Serviceable,false,
110083,Serviceable,false,
110085,Serviceable,false,
110086,Serviceable,false,
110087,Serviceable,false,
110088,Serviceable,false,
110089,Serviceable,false,
110090,Serviceable,false,
110091,Serviceable,false,
110092,Serviceable,false,
110093,Serviceable,false,
110095,Serviceable,false,
110098,Serviceable,false,
110100,Serviceable,false,
121001,Serviceable,false,
121002,Serviceable,false,
121003,Serviceable,false,
121004,Serviceable,false,
121006,Serviceable,false,
121007,Serviceable,false,
121008,Serviceable,false,
121009,Serviceable,false,
121010,Serviceable,false,
121013,Serviceable,false,
121101,Serviceable,false,
121102,Serviceable,false,
121104,Serviceable,false,
121105,Serviceable,false,
121106,Serviceable,false,
121107,Serviceable,false,
121705,Serviceable,false,
122001,Serviceable,false,
122002,Serviceable,false,
122003,Serviceable,false,
122004,Serviceable,false,
122005,Serviceable,false,
122006,Serviceable,false,
122009,Serviceable,false,
122010,Serviceable,false,
122011,Serviceable,false,
122015,Serviceable,false,
122016,Serviceable,false,
122017,Serviceable,false,
122018,Serviceable,false,
122050,Serviceable,false,
122051,Serviceable,false,
122052,Serviceable,false,
122101,Serviceable,false,
122102,Serviceable,false,
122103,Serviceable,false,
122104,Serviceable,false,
122105,Serviceable,false,
122107,Serviceable,false,
122108,Serviceable,false,
122414,Serviceable,false,
122502,Serviceable,false,
122504,Serviceable,false,
122505,Serviceable,false,
122506,Serviceable,false,
122508,Serviceable,false,
123001,Serviceable,false,
123021,Serviceable,false,
123023,Serviceable,false,
123028,Serviceable,false,
123034,Serviceable,false,
123035,Serviceable,false,
123101,Serviceable,false,
123103,Serviceable,false,
123110,Serviceable,false,
123301,Serviceable,false,
123302,Serviceable,false,
123303,Serviceable,false,
123401,Serviceable,false,
123411,Serviceable,false,
123412,Serviceable,false,
123501,Serviceable,false,
124002,Serviceable,false,
124003,Serviceable,false,
124004,Serviceable,false,
124005,Serviceable,false,
124006,Serviceable,false,
124007,Serviceable,false,
124008,Serviceable,false,
124021,Serviceable,false,
124022,Serviceable,false,
124023,Serviceable,false,
124024,Serviceable,false,
124025,Serviceable,false,
124026,Serviceable,false,
124027,Serviceable,false,
124028,Serviceable,false,
124029,Serviceable,false,
124030,Serviceable,false,
124031,Serviceable,false,
124101,Serviceable,false,
124102,Serviceable,false,
124103,Serviceable,false,
124104,Serviceable,false,
124105,Serviceable,false,
124107,Serviceable,false,
124110,Serviceable,false,
124111,Serviceable,false,
124112,Serviceable,false,
124113,Serviceable,false,
124114,Serviceable,false,
124116,Serviceable,false,
124117,Serviceable,false,
124118,Serviceable,false,
124119,Serviceable,false,
124120,Serviceable,false,
124121,Serviceable,false,
124122,Serviceable,false,
124123,Serviceable,false,
124124,Serviceable,false,
124125,Serviceable,false,
124126,Serviceable,false,
124127,Serviceable,false,
124128,Serviceable,false,
124129,Serviceable,false,
124130,Serviceable,false,
124131,Serviceable,false,
124132,Serviceable,false,
124133,Serviceable,false,
124134,Serviceable,false,
124135,Serviceable,false,
124136,Serviceable,false,
124137,Serviceable,false,
124138,Serviceable,false,
124139,Serviceable,false,
124140,Serviceable,false,
124142,Serviceable,false,
124202,Serviceable,false,
124203,Serviceable,false,
124204,Serviceable,false,
124205,Serviceable,false,
124303,Serviceable,false,
124307,Serviceable,false,
124308,Serviceable,false,
124309,Serviceable,false,
124311,Serviceable,false,
124312,Serviceable,false,
124314,Serviceable,false,
124315,Serviceable,false,
124316,Serviceable,false,
124317,Serviceable,false,
124318,Serviceable,false,
124320,Serviceable,false,
124321,Serviceable,false,
124322,Serviceable,false,
124323,Serviceable,false,
124324,Serviceable,false,
124325,Serviceable,false,
124401,Serviceable,false,
124404,Serviceable,false,
124405,Serviceable,false,
124406,Serviceable,false,
124407,Serviceable,false,
124410,Serviceable,false,
124411,Serviceable,false,
124412,Serviceable,false,
124413,Serviceable,false,
124416,Serviceable,false,
124417,Serviceable,false,
124418,Serviceable,false,
124419,Serviceable,false,
124420,Serviceable,false,
124421,Serviceable,false,
124422,Serviceable,false,
124423,Serviceable,false,
124424,Serviceable,false,
124425,Serviceable,false,
124426,Serviceable,false,
124427,Serviceable,false,
124428,Serviceable,false,
124501,Serviceable,false,
124502,Serviceable,false,
124504,Serviceable,false,
124505,Serviceable,false,
124506,Serviceable,false,
124507,Serviceable,false,
124509,Serviceable,false,
124510,Serviceable,false,
124511,Serviceable,false,
124513,Serviceable,false,
124514,Serviceable,false,
124515,Serviceable,false,
124516,Serviceable,false,
124517,Serviceable,false,
124518,Serviceable,false,
124519,Serviceable,false,
124520,Serviceable,false,
124521,Serviceable,false,
124522,Serviceable,false,
124523,Serviceable,false,
124524,Serviceable,false,
124525,Serviceable,false,
124526,Serviceable,false,
124527,Serviceable,false,
124528,Serviceable,false,
124530,Serviceable,false,
124531,Serviceable,false,
124533,Serviceable,false,
125001,Serviceable,false,
125002,Serviceable,false,
125003,Serviceable,false,
125004,Serviceable,false,
125005,Serviceable,false,
125006,Serviceable,false,
125007,Serviceable,false,
125011,Serviceable,false,
125012,Serviceable,false,
125033,Serviceable,false,
125034,Serviceable,false,
125035,Serviceable,false,
125037,Serviceable,false,
125038,Serviceable,false,
125039,Serviceable,false,
125042,Serviceable,false,
125044,Serviceable,false,
125047,Serviceable,false,
125048,Serviceable,false,
125049,Serviceable,false,
125050,Serviceable,false,
125051,Serviceable,false,
125052,Serviceable,false,
125053,Serviceable,false,
125054,Serviceable,false,
125055,Serviceable,false,
125058,Serviceable,false,
125060,Serviceable,false,
125068,Serviceable,false,
125069,Serviceable,false,
125070,Serviceable,false,
125073,Serviceable,false,
125075,Serviceable,false,
125076,Serviceable,false,
125077,Serviceable,false,
125079,Serviceable,false,
125080,Serviceable,false,
125081,Serviceable,false,
125082,Serviceable,false,
125083,Serviceable,false,
125084,Serviceable,false,
125086,Serviceable,false,
125088,Serviceable,false,
125101,Serviceable,false,
125103,Serviceable,false,
125105,Serviceable,false,
125106,Serviceable,false,
125107,Serviceable,false,
125108,Serviceable,false,
125109,Serviceable,false,
125110,Serviceable,false,
125111,Serviceable,false,
125112,Serviceable,false,
125113,Serviceable,false,
125120,Serviceable,false,
125121,Serviceable,false,
125133,Serviceable,false,
125201,Serviceable,false,
126006,Serviceable,false,
126007,Serviceable,false,
126008,Serviceable,false,
126009,Serviceable,false,
126011,Serviceable,false,
126013,Serviceable,false,
126014,Serviceable,false,
126015,Serviceable,false,
126025,Serviceable,false,
126027,Serviceable,false,
126101,Serviceable,false,
126102,Serviceable,false,
126110,Serviceable,false,
126112,Serviceable,false,
126113,Serviceable,false,
126114,Serviceable,false,
126115,Serviceable,false,
126116,Serviceable,false,
126120,Serviceable,false,
126125,Serviceable,false,
126152,Serviceable,false,
127021,Serviceable,false,
127022,Serviceable,false,
127025,Serviceable,false,
127026,Serviceable,false,
127027,Serviceable,false,
127028,Serviceable,false,
127029,Serviceable,false,
127030,Serviceable,false,
127031,Serviceable,false,
127035,Serviceable,false,
127040,Serviceable,false,
127042,Serviceable,false,
127043,Serviceable,false,
127111,Serviceable,false,
127201,Serviceable,false,
127307,Serviceable,false,
127308,Serviceable,false,
127309,Serviceable,false,
127310,Serviceable,false,
127312,Serviceable,false,
131001,Serviceable,false,
131021,Serviceable,false,
131022,Serviceable,false,
131024,Serviceable,false,
131028,Serviceable,false,
131029,Serviceable,false,
131039,Serviceable,false,
131103,Serviceable,false,
131301,Serviceable,false,
131302,Serviceable,false,
131304,Serviceable,false,
131305,Serviceable,false,
131403,Serviceable,false,
131408,Serviceable,false,
131409,Serviceable,false,
132001,Serviceable,false,
132013,Serviceable,false,
132022,Serviceable,false,
132023,Serviceable,false,
132024,Serviceable,false,
132039,Serviceable,false,
132046,Serviceable,false,
132047,Serviceable,false,
132048,Serviceable,false,
132049,Serviceable,false,
132050,Serviceable,false,
132051,Serviceable,false,
132052,Serviceable,false,
132053,Serviceable,false,
132054,Serviceable,false,
132058,Serviceable,false,
132102,Serviceable,false,
132103,Serviceable,false,
132107,Serviceable,false,
132108,Serviceable,false,
132109,Serviceable,false,
132110,Serviceable,false,
132113,Serviceable,false,
132114,Serviceable,false,
132115,Serviceable,false,
132116,Serviceable,false,
132117,Serviceable,false,
132122,Serviceable,false,
132140,Serviceable,false,
132154,Serviceable,false,
132155,Serviceable,false,
132157,Serviceable,false,
133001,Serviceable,false,
133004,Serviceable,false,
133005,Serviceable,false,
133006,Serviceable,false,
133101,Serviceable,false,
133102,Serviceable,false,
133103,Serviceable,false,
133104,Serviceable,false,
133105,Serviceable,false,
133201,Serviceable,false,
133202,Serviceable,false,
133203,Serviceable,false,
133204,Serviceable,false,
133205,Serviceable,false,
133206,Serviceable,false,
133301,Serviceable,false,
133302,Serviceable,false,
134003,Serviceable,false,
134104,Serviceable,false,
134107,Serviceable,false,
134108,Serviceable,false,
134112,Serviceable,false,
134113,Serviceable,false,
134114,Serviceable,false,
134117,Serviceable,false,
134202,Serviceable,false,
134203,Serviceable,false,
134204,Serviceable,false,
134205,Serviceable,false,
135001,Serviceable,false,
135002,Serviceable,false,
135003,Serviceable,false,
135021,Serviceable,false,
135102,Serviceable,false,
135103,Serviceable,false,
135106,Serviceable,false,
135133,Serviceable,false,
136020,Serviceable,false,
136021,Serviceable,false,
136027,Serviceable,false,
136030,Serviceable,false,
136033,Serviceable,false,
136034,Serviceable,false,
136038,Serviceable,false,
136042,Serviceable,false,
136043,Serviceable,false,
136044,Serviceable,false,
136117,Serviceable,false,
136118,Serviceable,false,
136130,Serviceable,false,
136131,Serviceable,false,
136132,Serviceable,false,
136135,Serviceable,false,
136136,Serviceable,false,
140101,Serviceable,false,
140102,Serviceable,false,
140103,Serviceable,false,
140115,Serviceable,false,
140118,Serviceable,false,
140119,Serviceable,false,
140125,Serviceable,false,
140201,Serviceable,false,
140301,Serviceable,false,
140306,Serviceable,false,
140307,Serviceable,false,
140308,Serviceable,false,
140401,Serviceable,false,
140417,Serviceable,false,
140501,Serviceable,false,
140601,Serviceable,false,
140602,Serviceable,false,
140603,Serviceable,false,
140604,Serviceable,false,
140701,Serviceable,false,
140702,Serviceable,false,
140801,Serviceable,false,
141000,Serviceable,false,
141001,Serviceable,false,
141002,Serviceable,false,
141003,Serviceable,false,
141004,Serviceable,false,
141005,Serviceable,false,
141006,Serviceable,false,
141009,Serviceable,false,
141010,Serviceable,false,
141012,Serviceable,false,
141013,Serviceable,false,
141014,Serviceable,false,
141015,Serviceable,false,
141016,Serviceable,false,
141017,Serviceable,false,
141020,Serviceable,false,
141101,Serviceable,false,
141102,Serviceable,false,
141103,Serviceable,false,
141104,Serviceable,false,
141105,Serviceable,false,
141106,Serviceable,false,
141107,Serviceable,false,
141108,Serviceable,false,
141109,Serviceable,false,
141110,Serviceable,false,
141111,Serviceable,false,
141112,Serviceable,false,
141113,Serviceable,false,
141114,Serviceable,false,
141115,Serviceable,false,
141116,Serviceable,false,
141117,Serviceable,false,
141118,Serviceable,false,
141119,Serviceable,false,
141120,Serviceable,false,
141121,Serviceable,false,
141123,Serviceable,false,
141124,Serviceable,false,
141125,Serviceable,false,
141126,Serviceable,false,
141147,Serviceable,false,
141202,Serviceable,false,
141203,Serviceable,false,
141205,Serviceable,false,
141206,Serviceable,false,
141401,Serviceable,false,
141402,Serviceable,false,
141412,Serviceable,false,
141413,Serviceable,false,
141414,Serviceable,false,
141415,Serviceable,false,
141416,Serviceable,false,
141417,Serviceable,false,
141418,Serviceable,false,
141419,Serviceable,false,
141421,Serviceable,false,
141422,Serviceable,false,
142001,Serviceable,false,
142011,Serviceable,false,
142021,Serviceable,false,
142022,Serviceable,false,
142023,Serviceable,false,
142024,Serviceable,false,
142025,Serviceable,false,
142026,Serviceable,false,
142027,Serviceable,false,
142028,Serviceable,false,
142029,Serviceable,false,
142030,Serviceable,false,
142031,Serviceable,false,
142032,Serviceable,false,
142033,Serviceable,false,
142034,Serviceable,false,
142035,Serviceable,false,
142036,Serviceable,false,
142039,Serviceable,false,
142041,Serviceable,false,
142044,Serviceable,false,
142046,Serviceable,false,
142048,Serviceable,false,
142049,Serviceable,false,
142052,Serviceable,false,
142053,Serviceable,false,
142054,Serviceable,false,
142055,Serviceable,false,
142056,Serviceable,false,
142057,Serviceable,false,
143001,Serviceable,false,
143002,Serviceable,false,
143006,Serviceable,false,
143009,Serviceable,false,
143022,Serviceable,false,
143026,Serviceable,false,
143101,Serviceable,false,
143102,Serviceable,false,
143103,Serviceable,false,
143107,Serviceable,false,
143108,Serviceable,false,
143109,Serviceable,false,
143110,Serviceable,false,
143112,Serviceable,false,
143113,Serviceable,false,
143114,Serviceable,false,
143115,Serviceable,false,
143116,Serviceable,false,
143117,Serviceable,false,
143201,Serviceable,false,
143205,Serviceable,false,
143301,Serviceable,false,
143302,Serviceable,false,
143303,Serviceable,false,
143304,Serviceable,false,
143305,Serviceable,false,
143409,Serviceable,false,
143410,Serviceable,false,
143412,Serviceable,false,
143415,Serviceable,false,
143416,Serviceable,false,
143501,Serviceable,false,
143502,Serviceable,false,
143504,Serviceable,false,
143505,Serviceable,false,
143506,Serviceable,false,
143507,Serviceable,false,
143511,Serviceable,false,
143512,Serviceable,false,
143514,Serviceable,false,
143515,Serviceable,false,
143516,Serviceable,false,
143519,Serviceable,false,
143521,Serviceable,false,
143525,Serviceable,false,
143526,Serviceable,false,
143527,Serviceable,false,
143528,Serviceable,false,
143529,Serviceable,false,
143530,Serviceable,false,
143531,Serviceable,false,
143533,Serviceable,false,
143534,Serviceable,false,
143601,Serviceable,false,
143602,Serviceable,false,
143603,Serviceable,false,
143604,Serviceable,false,
143605,Serviceable,false,
143606,Serviceable,false,
144001,Serviceable,false,
144002,Serviceable,false,
144003,Serviceable,false,
144004,Serviceable,false,
144005,Serviceable,false,
144006,Serviceable,false,
144007,Serviceable,false,
144009,Serviceable,false,
144012,Serviceable,false,
144013,Serviceable,false,
144014,Serviceable,false,
144020,Serviceable,false,
144021,Serviceable,false,
144022,Serviceable,false,
144023,Serviceable,false,
144024,Serviceable,false,
144025,Serviceable,false,
144026,Serviceable,false,
144027,Serviceable,false,
144039,Serviceable,false,
144040,Serviceable,false,
144041,Serviceable,false,
144042,Serviceable,false,
144101,Serviceable,false,
144102,Serviceable,false,
144103,Serviceable,false,
144201,Serviceable,false,
144203,Serviceable,false,
144204,Serviceable,false,
144205,Serviceable,false,
144206,Serviceable,false,
144207,Serviceable,false,
144208,Serviceable,false,
144209,Serviceable,false,
144210,Serviceable,false,
144211,Serviceable,false,
144213,Serviceable,false,
144216,Serviceable,false,
144221,Serviceable,false,
144222,Serviceable,false,
144223,Serviceable,false,
144301,Serviceable,false,
144303,Serviceable,false,
144306,Serviceable,false,
144402,Serviceable,false,
144403,Serviceable,false,
144406,Serviceable,false,
144409,Serviceable,false,
144410,Serviceable,false,
144417,Serviceable,false,
144421,Serviceable,false,
144422,Serviceable,false,
144505,Serviceable,false,
144514,Serviceable,false,
144519,Serviceable,false,
144521,Serviceable,false,
144522,Serviceable,false,
144523,Serviceable,false,
144527,Serviceable,false,
144528,Serviceable,false,
144533,Serviceable,false,
144602,Serviceable,false,
144620,Serviceable,false,
144622,Serviceable,false,
144623,Serviceable,false,
144624,Serviceable,false,
144628,Serviceable,false,
144632,Serviceable,false,
144702,Serviceable,false,
144801,Serviceable,false,
144802,Serviceable,false,
144805,Serviceable,false,
145001,Serviceable,false,
145023,Serviceable,false,
145025,Serviceable,false,
145026,Serviceable,false,
145029,Serviceable,false,
146001,Serviceable,false,
146021,Serviceable,false,
146024,Serviceable,false,
146102,Serviceable,false,
146110,Serviceable,false,
147001,Serviceable,false,
147002,Serviceable,false,
147003,Serviceable,false,
147021,Serviceable,false,
147102,Serviceable,false,
147111,Serviceable,false,
147201,Serviceable,false,
147202,Serviceable,false,
147506,Serviceable,false,
148019,Serviceable,false,
148020,Serviceable,false,
148022,Serviceable,false,
148023,Serviceable,false,
148024,Serviceable,false,
148025,Serviceable,false,
148027,Serviceable,false,
148028,Serviceable,false,
148030,Serviceable,false,
148031,Serviceable,false,
148034,Serviceable,false,
148035,Serviceable,false,
148101,Serviceable,false,
148102,Serviceable,false,
148104,Serviceable,false,
148105,Serviceable,false,
148106,Serviceable,false,
148107,Serviceable,false,
148109,Serviceable,false,
151001,Serviceable,false,
151002,Serviceable,false,
151004,Serviceable,false,
151005,Serviceable,false,
151101,Serviceable,false,
151102,Serviceable,false,
151104,Serviceable,false,
151106,Serviceable,false,
151201,Serviceable,false,
151202,Serviceable,false,
151203,Serviceable,false,
151204,Serviceable,false,
151205,Serviceable,false,
151206,Serviceable,false,
151207,Serviceable,false,
151209,Serviceable,false,
151212,Serviceable,false,
151301,Serviceable,false,
151401,Serviceable,false,
151501,Serviceable,false,
151502,Serviceable,false,
151503,Serviceable,false,
151504,Serviceable,false,
151506,Serviceable,false,
151507,Serviceable,false,
151508,Serviceable,false,
151509,Serviceable,false,
152004,Serviceable,false,
152021,Serviceable,false,
152023,Serviceable,false,
152028,Serviceable,false,
152033,Serviceable,false,
152116,Serviceable,false,
152117,Serviceable,false,
152121,Serviceable,false,
152122,Serviceable,false,
152124,Serviceable,false,
152128,Serviceable,false,
160001,Serviceable,false,
160002,Serviceable,false,
160003,Serviceable,false,
160008,Serviceable,false,
160009,Serviceable,false,
160010,Serviceable,false,
160011,Serviceable,false,
160012,Serviceable,false,
160014,Serviceable,false,
160015,Serviceable,false,
160017,Serviceable,false,
160018,Serviceable,false,
160020,Serviceable,false,
160022,Serviceable,false,
160023,Serviceable,false,
160025,Serviceable,false,
160026,Serviceable,false,
160027,Serviceable,false,
160028,Serviceable,false,
160029,Serviceable,false,
160030,Serviceable,false,
160031,Serviceable,false,
160033,Serviceable,false,
160034,Serviceable,false,
160035,Serviceable,false,
160036,Serviceable,false,
160041,Serviceable,false,
160044,Serviceable,false,
160045,Serviceable,false,
160047,Serviceable,false,
160050,Serviceable,false,
160052,Serviceable,false,
160054,Serviceable,false,
160055,Serviceable,false,
160056,Serviceable,false,
160059,Serviceable,false,
160061,Serviceable,false,
160063,Serviceable,false,
160071,Serviceable,false,
160101,Serviceable,false,
160102,Serviceable,false,
160106,Serviceable,false,
173205,Serviceable,false,
173207,Serviceable,false,
173209,Serviceable,false,
173211,Serviceable,false,
173212,Serviceable,false,
173215,Serviceable,false,
173220,Serviceable,false,
173233,Serviceable,false,
173234,Serviceable,false,
173235,Serviceable,false,
174001,Serviceable,false,
174002,Serviceable,false,
174004,Serviceable,false,
174010,Serviceable,false,
174011,Serviceable,false,
174012,Serviceable,false,
174013,Serviceable,false,
174015,Serviceable,false,
174021,Serviceable,false,
174022,Serviceable,false,
174023,Serviceable,false,
174024,Serviceable,false,
174026,Serviceable,false,
174027,Serviceable,false,
174028,Serviceable,false,
174029,Serviceable,false,
174030,Serviceable,false,
174031,Serviceable,false,
174033,Serviceable,false,
174034,Serviceable,false,
174102,Serviceable,false,
174103,Serviceable,false,
174301,Serviceable,false,
174303,Serviceable,false,
174305,Serviceable,false,
174306,Serviceable,false,
174307,Serviceable,false,
174310,Serviceable,false,
174315,Serviceable,false,
174321,Serviceable,false,
174405,Serviceable,false,
176001,Serviceable,false,
176022,Serviceable,false,
176023,Serviceable,false,
176025,Serviceable,false,
176028,Serviceable,false,
176031,Serviceable,false,
176037,Serviceable,false,
176042,Serviceable,false,
176047,Serviceable,false,
176052,Serviceable,false,
176057,Serviceable,false,
176060,Serviceable,false,
176064,Serviceable,false,
176065,Serviceable,false,
176076,Serviceable,false,
176081,Serviceable,false,
176082,Serviceable,false,
176083,Serviceable,false,
176084,Serviceable,false,
176086,Serviceable,false,
176087,Serviceable,false,
176088,Serviceable,false,
176096,Serviceable,false,
176102,Serviceable,false,
176103,Serviceable,false,
176115,Serviceable,false,
176125,Serviceable,false,
176200,Serviceable,false,
176204,Serviceable,false,
176205,Serviceable,false,
176206,Serviceable,false,
176208,Serviceable,false,
176209,Serviceable,false,
176213,Serviceable,false,
176215,Serviceable,false,
176216,Serviceable,false,
176218,Serviceable,false,
176402,Serviceable,false,
176403,Serviceable,false,
177001,Serviceable,false,
177007,Serviceable,false,
177022,Serviceable,false,
177024,Serviceable,false,
177025,Serviceable,false,
177026,Serviceable,false,
177031,Serviceable,false,
177043,Serviceable,false,
177048,Serviceable,false,
177101,Serviceable,false,
177103,Serviceable,false,
177104,Serviceable,false,
177105,Serviceable,false,
177108,Serviceable,false,
177112,Serviceable,false,
177209,Serviceable,false,
177213,Serviceable,false,
177220,Serviceable,false,
180001,Serviceable,false,
180002,Serviceable,false,
180004,Serviceable,false,
180015,Serviceable,false,
180020,Serviceable,false,
181102,Serviceable,false,
182311,Serviceable,false,
190002,Serviceable,false,
200201,Serviceable,false,
201001,Serviceable,false,
201002,Serviceable,false,
201003,Serviceable,false,
201004,Serviceable,false,
201005,Serviceable,false,
201006,Serviceable,false,
201007,Serviceable,false,
201008,Serviceable,false,
201010,Serviceable,false,
201011,Serviceable,false,
201012,Serviceable,false,
201013,Serviceable,false,
201014,Serviceable,false,
201015,Serviceable,false,
201016,Serviceable,false,
201019,Serviceable,false,
201103,Serviceable,false,
201201,Serviceable,false,
201204,Serviceable,false,
201206,Serviceable,false,
201301,Serviceable,false,
201302,Serviceable,false,
201303,Serviceable,false,
201304,Serviceable,false,
201305,Serviceable,false,
201306,Serviceable,false,
201307,Serviceable,false,
201308,Serviceable,false,
201310,Serviceable,false,
201311,Serviceable,false,
201318,Serviceable,false,
202002,Serviceable,false,
202117,Serviceable,false,
202118,Serviceable,false,
202119,Serviceable,false,
202120,Serviceable,false,
202121,Serviceable,false,
202122,Serviceable,false,
202123,Serviceable,false,
202124,Serviceable,false,
202125,Serviceable,false,
202126,Serviceable,false,
202127,Serviceable,false,
202128,Serviceable,false,
202129,Serviceable,false,
202130,Serviceable,false,
202131,Serviceable,false,
202133,Serviceable,false,
202134,Serviceable,false,
202135,Serviceable,false,
202136,Serviceable,false,
202137,Serviceable,false,
202139,Serviceable,false,
202140,Serviceable,false,
202141,Serviceable,false,
202142,Serviceable,false,
202143,Serviceable,false,
202144,Serviceable,false,
202145,Serviceable,false,
202150,Serviceable,false,
202151,Serviceable,false,
202155,Serviceable,false,
202165,Serviceable,false,
202170,Serviceable,false,
202171,Serviceable,false,
202280,Serviceable,false,
202281,Serviceable,false,
202282,Serviceable,false,
202308,Serviceable,false,
202389,Serviceable,false,
202391,Serviceable,false,
202392,Serviceable,false,
202396,Serviceable,false,
202397,Serviceable,false,
202399,Serviceable,false,
202410,Serviceable,false,
202413,Serviceable,false,
202414,Serviceable,false,
202415,Serviceable,false,
202421,Serviceable,false,
202521,Serviceable,false,
202525,Serviceable,false,
202527,Serviceable,false,
203001,Serviceable,false,
203002,Serviceable,false,
203129,Serviceable,false,
203131,Serviceable,false,
203132,Serviceable,false,
203141,Serviceable,false,
203150,Serviceable,false,
203202,Serviceable,false,
203207,Serviceable,false,
203390,Serviceable,false,
203392,Serviceable,false,
203396,Serviceable,false,
203399,Serviceable,false,
203411,Serviceable,false,
204101,Serviceable,false,
204102,Serviceable,false,
204103,Serviceable,false,
204205,Serviceable,false,
204206,Serviceable,false,
204207,Serviceable,false,
204208,Serviceable,false,
204209,Serviceable,false,
204210,Serviceable,false,
204212,Serviceable,false,
204213,Serviceable,false,
204216,Serviceable,false,
205001,Serviceable,false,
205021,Serviceable,false,
205119,Serviceable,false,
205130,Serviceable,false,
205141,Serviceable,false,
205142,Serviceable,false,
205147,Serviceable,false,
205151,Serviceable,false,
205247,Serviceable,false,
205261,Serviceable,false,
205263,Serviceable,false,
205265,Serviceable,false,
205267,Serviceable,false,
205268,Serviceable,false,
205302,Serviceable,false,
205303,Serviceable,false,
205304,Serviceable,false,
206001,Serviceable,false,
206002,Serviceable,false,
206120,Serviceable,false,
206121,Serviceable,false,
206122,Serviceable,false,
206123,Serviceable,false,
206124,Serviceable,false,
206125,Serviceable,false,
206126,Serviceable,false,
206127,Serviceable,false,
206128,Serviceable,false,
206129,Serviceable,false,
206130,Serviceable,false,
206131,Serviceable,false,
206241,Serviceable,false,
206242,Serviceable,false,
206246,Serviceable,false,
206247,Serviceable,false,
206248,Serviceable,false,
206249,Serviceable,false,
206250,Serviceable,false,
206251,Serviceable,false,
206255,Serviceable,false,
206302,Serviceable,false,
206303,Serviceable,false,
206451,Serviceable,false,
207120,Serviceable,false,
207125,Serviceable,false,
207241,Serviceable,false,
207245,Serviceable,false,
207246,Serviceable,false,
207249,Serviceable,false,
207250,Serviceable,false,
207302,Serviceable,false,
207402,Serviceable,false,
207403,Serviceable,false,
207501,Serviceable,false,
207504,Serviceable,false,
208002,Serviceable,false,
208003,Serviceable,false,
208004,Serviceable,false,
208005,Serviceable,false,
208006,Serviceable,false,
208007,Serviceable,false,
208010,Serviceable,false,
208011,Serviceable,false,
208013,Serviceable,false,
208014,Serviceable,false,
208018,Serviceable,false,
208019,Serviceable,false,
208021,Serviceable,false,
208022,Serviceable,false,
208023,Serviceable,false,
208025,Serviceable,false,
208039,Serviceable,false,
209101,Serviceable,false,
209111,Serviceable,false,
209115,Serviceable,false,
209121,Serviceable,false,
209125,Serviceable,false,
209201,Serviceable,false,
209203,Serviceable,false,
209204,Serviceable,false,
209206,Serviceable,false,
209207,Serviceable,false,
209208,Serviceable,false,
209209,Serviceable,false,
209210,Serviceable,false,
209217,Serviceable,false,
209302,Serviceable,false,
209306,Serviceable,false,
209307,Serviceable,false,
209308,Serviceable,false,
209310,Serviceable,false,
209311,Serviceable,false,
209501,Serviceable,false,
209503,Serviceable,false,
209504,Serviceable,false,
209505,Serviceable,false,
209601,Serviceable,false,
209602,Serviceable,false,
209625,Serviceable,false,
209651,Serviceable,false,
209721,Serviceable,false,
209722,Serviceable,false,
209725,Serviceable,false,
209726,Serviceable,false,
209727,Serviceable,false,
209728,Serviceable,false,
209729,Serviceable,false,
209731,Serviceable,false,
209732,Serviceable,false,
209733,Serviceable,false,
209734,Serviceable,false,
209736,Serviceable,false,
209738,Serviceable,false,
209745,Serviceable,false,
209801,Serviceable,false,
209825,Serviceable,false,
209831,Serviceable,false,
209859,Serviceable,false,
209861,Serviceable,false,
209870,Serviceable,false,
210121,Serviceable,false,
210123,Serviceable,false,
210125,Serviceable,false,
210126,Serviceable,false,
210128,Serviceable,false,
210129,Serviceable,false,
210201,Serviceable,false,
210208,Serviceable,false,
210209,Serviceable,false,
210421,Serviceable,false,
210423,Serviceable,false,
210424,Serviceable,false,
210425,Serviceable,false,
210426,Serviceable,false,
210430,Serviceable,false,
210432,Serviceable,false,
210501,Serviceable,false,
210504,Serviceable,false,
210505,Serviceable,false,
210506,Serviceable,false,
211001,Serviceable,false,
211002,Serviceable,false,
211003,Serviceable,false,
211004,Serviceable,false,
211006,Serviceable,false,
211007,Serviceable,false,
211008,Serviceable,false,
211009,Serviceable,false,
211010,Serviceable,false,
211011,Serviceable,false,
211012,Serviceable,false,
211013,Serviceable,false,
211014,Serviceable,false,
211016,Serviceable,false,
211017,Serviceable,false,
211019,Serviceable,false,
212011,Serviceable,false,
212104,Serviceable,false,
212105,Serviceable,false,
212106,Serviceable,false,
212107,Serviceable,false,
212108,Serviceable,false,
212109,Serviceable,false,
212111,Serviceable,false,
212202,Serviceable,false,
212203,Serviceable,false,
212204,Serviceable,false,
212205,Serviceable,false,
212206,Serviceable,false,
212207,Serviceable,false,
212208,Serviceable,false,
212214,Serviceable,false,
212215,Serviceable,false,
212216,Serviceable,false,
212217,Serviceable,false,
212218,Serviceable,false,
212301,Serviceable,false,
212302,Serviceable,false,
212303,Serviceable,false,
212304,Serviceable,false,
212305,Serviceable,false,
212306,Serviceable,false,
212307,Serviceable,false,
212401,Serviceable,false,
212402,Serviceable,false,
212403,Serviceable,false,
212404,Serviceable,false,
212405,Serviceable,false,
212410,Serviceable,false,
212501,Serviceable,false,
212502,Serviceable,false,
212503,Serviceable,false,
212507,Serviceable,false,
212601,Serviceable,false,
212620,Serviceable,false,
212622,Serviceable,false,
212631,Serviceable,false,
212635,Serviceable,false,
212641,Serviceable,false,
212650,Serviceable,false,
212651,Serviceable,false,
212652,Serviceable,false,
212653,Serviceable,false,
212655,Serviceable,false,
212657,Serviceable,false,
212658,Serviceable,false,
212659,Serviceable,false,
212662,Serviceable,false,
212663,Serviceable,false,
212664,Serviceable,false,
212665,Serviceable,false,
216221,Serviceable,false,
221001,Serviceable,false,
221002,Serviceable,false,
221003,Serviceable,false,
221005,Serviceable,false,
221006,Serviceable,false,
221007,Serviceable,false,
221008,Serviceable,false,
221010,Serviceable,false,
221011,Serviceable,false,
221012,Serviceable,false,
221062,Serviceable,false,
221100,Serviceable,false,
221101,Serviceable,false,
221102,Serviceable,false,
221103,Serviceable,false,
221104,Serviceable,false,
221105,Serviceable,false,
221106,Serviceable,false,
221107,Serviceable,false,
221108,Serviceable,false,
221109,Serviceable,false,
221110,Serviceable,false,
221111,Serviceable,false,
221112,Serviceable,false,
221113,Serviceable,false,
221116,Serviceable,false,
221131,Serviceable,false,
221201,Serviceable,false,
221202,Serviceable,false,
221204,Serviceable,false,
221205,Serviceable,false,
221206,Serviceable,false,
221207,Serviceable,false,
221208,Serviceable,false,
221209,Serviceable,false,
221210,Serviceable,false,
221211,Serviceable,false,
221305,Serviceable,false,
221307,Serviceable,false,
221311,Serviceable,false,
221312,Serviceable,false,
221313,Serviceable,false,
221401,Serviceable,false,
221403,Serviceable,false,
221405,Serviceable,false,
221407,Serviceable,false,
221408,Serviceable,false,
221502,Serviceable,false,
221503,Serviceable,false,
221504,Serviceable,false,
221505,Serviceable,false,
221506,Serviceable,false,
221507,Serviceable,false,
221508,Serviceable,false,
221601,Serviceable,false,
221602,Serviceable,false,
221603,Serviceable,false,
221701,Serviceable,false,
221705,Serviceable,false,
221706,Serviceable,false,
221709,Serviceable,false,
221711,Serviceable,false,
221712,Serviceable,false,
221713,Serviceable,false,
221715,Serviceable,false,
221718,Serviceable,false,
222001,Serviceable,false,
222002,Serviceable,false,
222003,Serviceable,false,
222101,Serviceable,false,
222102,Serviceable,false,
222103,Serviceable,false,
222104,Serviceable,false,
222105,Serviceable,false,
222107,Serviceable,false,
222108,Serviceable,false,
222109,Serviceable,false,
222110,Serviceable,false,
222111,Serviceable,false,
222112,Serviceable,false,
222113,Serviceable,false,
222125,Serviceable,false,
222127,Serviceable,false,
222128,Serviceable,false,
222129,Serviceable,false,
222131,Serviceable,false,
222132,Serviceable,false,
222133,Serviceable,false,
222135,Serviceable,false,
222136,Serviceable,false,
222137,Serviceable,false,
222138,Serviceable,false,
222139,Serviceable,false,
222141,Serviceable,false,
222143,Serviceable,false,
222144,Serviceable,false,
222145,Serviceable,false,
222146,Serviceable,false,
222148,Serviceable,false,
222149,Serviceable,false,
222161,Serviceable,false,
222162,Serviceable,false,
222165,Serviceable,false,
222170,Serviceable,false,
222172,Serviceable,false,
222175,Serviceable,false,
222180,Serviceable,false,
222181,Serviceable,false,
222201,Serviceable,false,
222202,Serviceable,false,
222203,Serviceable,false,
222204,Serviceable,false,
222226,Serviceable,false,
222301,Serviceable,false,
222302,Serviceable,false,
222303,Serviceable,false,
223102,Serviceable,false,
223103,Serviceable,false,
223104,Serviceable,false,
223105,Serviceable,false,
223106,Serviceable,false,
223107,Serviceable,false,
223221,Serviceable,false,
223222,Serviceable,false,
223223,Serviceable,false,
223224,Serviceable,false,
223225,Serviceable,false,
223226,Serviceable,false,
223227,Serviceable,false,
224001,Serviceable,false,
224120,Serviceable,false,
224121,Serviceable,false,
224122,Serviceable,false,
224123,Serviceable,false,
224125,Serviceable,false,
224126,Serviceable,false,
224127,Serviceable,false,
224129,Serviceable,false,
224132,Serviceable,false,
224133,Serviceable,false,
224135,Serviceable,false,
224137,Serviceable,false,
224139,Serviceable,false,
224141,Serviceable,false,
224143,Serviceable,false,
224146,Serviceable,false,
224147,Serviceable,false,
224149,Serviceable,false,
224151,Serviceable,false,
224152,Serviceable,false,
224153,Serviceable,false,
224155,Serviceable,false,
224157,Serviceable,false,
224158,Serviceable,false,
224159,Serviceable,false,
224161,Serviceable,false,
224166,Serviceable,false,
224168,Serviceable,false,
224171,Serviceable,false,
224172,Serviceable,false,
224181,Serviceable,false,
224186,Serviceable,false,
224188,Serviceable,false,
224189,Serviceable,false,
224195,Serviceable,false,
224202,Serviceable,false,
224203,Serviceable,false,
224204,Serviceable,false,
224208,Serviceable,false,
224209,Serviceable,false,
224210,Serviceable,false,
224225,Serviceable,false,
224227,Serviceable,false,
224228,Serviceable,false,
224229,Serviceable,false,
224231,Serviceable,false,
224234,Serviceable,false,
224235,Serviceable,false,
224284,Serviceable,false,
225001,Serviceable,false,
225002,Serviceable,false,
225003,Serviceable,false,
225122,Serviceable,false,
225123,Serviceable,false,
225124,Serviceable,false,
225125,Serviceable,false,
225126,Serviceable,false,
225201,Serviceable,false,
225203,Serviceable,false,
225204,Serviceable,false,
225205,Serviceable,false,
225206,Serviceable,false,
225207,Serviceable,false,
225208,Serviceable,false,
225302,Serviceable,false,
225304,Serviceable,false,
225305,Serviceable,false,
225306,Serviceable,false,
225401,Serviceable,false,
225402,Serviceable,false,
225403,Serviceable,false,
225404,Serviceable,false,
225405,Serviceable,false,
225407,Serviceable,false,
225408,Serviceable,false,
225409,Serviceable,false,
225411,Serviceable,false,
225412,Serviceable,false,
225413,Serviceable,false,
225414,Serviceable,false,
225415,Serviceable,false,
225416,Serviceable,false,
226001,Serviceable,false,
226002,Serviceable,false,
226003,Serviceable,false,
226004,Serviceable,false,
226005,Serviceable,false,
226006,Serviceable,false,
226007,Serviceable,false,
226008,Serviceable,false,
226009,Serviceable,false,
226010,Serviceable,false,
226011,Serviceable,false,
226012,Serviceable,false,
226013,Serviceable,false,
226014,Serviceable,false,
226015,Serviceable,false,
226016,Serviceable,false,
226017,Serviceable,false,
226018,Serviceable,false,
226019,Serviceable,false,
226020,Serviceable,false,
226021,Serviceable,false,
226022,Serviceable,false,
226023,Serviceable,false,
226024,Serviceable,false,
226025,Serviceable,false,
226026,Serviceable,false,
226028,Serviceable,false,
226029,Serviceable,false,
226030,Serviceable,false,
226031,Serviceable,false,
226101,Serviceable,false,
226102,Serviceable,false,
226103,Serviceable,false,
226104,Serviceable,false,
226106,Serviceable,false,
226201,Serviceable,false,
226202,Serviceable,false,
226203,Serviceable,false,
226301,Serviceable,false,
226302,Serviceable,false,
226303,Serviceable,false,
226401,Serviceable,false,
226501,Serviceable,false,
227101,Serviceable,false,
227105,Serviceable,false,
227106,Serviceable,false,
227107,Serviceable,false,
227115,Serviceable,false,
227116,Serviceable,false,
227125,Serviceable,false,
227131,Serviceable,false,
227132,Serviceable,false,
227202,Serviceable,false,
227205,Serviceable,false,
227207,Serviceable,false,
227208,Serviceable,false,
227302,Serviceable,false,
227304,Serviceable,false,
227305,Serviceable,false,
227308,Serviceable,false,
227406,Serviceable,false,
227407,Serviceable,false,
227408,Serviceable,false,
227411,Serviceable,false,
227412,Serviceable,false,
227413,Serviceable,false,
227801,Serviceable,false,
227806,Serviceable,false,
227808,Serviceable,false,
227812,Serviceable,false,
227813,Serviceable,false,
227814,Serviceable,false,
228001,Serviceable,false,
228118,Serviceable,false,
228119,Serviceable,false,
228120,Serviceable,false,
228121,Serviceable,false,
228125,Serviceable,false,
228131,Serviceable,false,
228132,Serviceable,false,
228141,Serviceable,false,
228142,Serviceable,false,
228145,Serviceable,false,
228151,Serviceable,false,
228159,Serviceable,false,
228161,Serviceable,false,
228171,Serviceable,false,
228172,Serviceable,false,
228411,Serviceable,false,
229001,Serviceable,false,
229010,Serviceable,false,
229103,Serviceable,false,
229121,Serviceable,false,
229123,Serviceable,false,
229124,Serviceable,false,
229125,Serviceable,false,
229126,Serviceable,false,
229127,Serviceable,false,
229128,Serviceable,false,
229129,Serviceable,false,
229130,Serviceable,false,
229201,Serviceable,false,
229202,Serviceable,false,
229203,Serviceable,false,
229205,Serviceable,false,
229207,Serviceable,false,
229208,Serviceable,false,
229211,Serviceable,false,
229216,Serviceable,false,
229301,Serviceable,false,
229302,Serviceable,false,
229303,Serviceable,false,
229304,Serviceable,false,
229305,Serviceable,false,
229309,Serviceable,false,
229310,Serviceable,false,
229311,Serviceable,false,
229316,Serviceable,false,
229401,Serviceable,false,
229404,Serviceable,false,
229405,Serviceable,false,
229406,Serviceable,false,
229408,Serviceable,false,
229411,Serviceable,false,
229412,Serviceable,false,
229413,Serviceable,false,
229504,Serviceable,false,
229801,Serviceable,false,
229802,Serviceable,false,
230001,Serviceable,false,
230124,Serviceable,false,
230125,Serviceable,false,
230126,Serviceable,false,
230128,Serviceable,false,
230129,Serviceable,false,
230130,Serviceable,false,
230131,Serviceable,false,
230132,Serviceable,false,
230136,Serviceable,false,
230137,Serviceable,false,
230141,Serviceable,false,
230142,Serviceable,false,
230143,Serviceable,false,
230144,Serviceable,false,
230202,Serviceable,false,
230204,Serviceable,false,
230301,Serviceable,false,
230304,Serviceable,false,
230401,Serviceable,false,
230402,Serviceable,false,
230403,Serviceable,false,
230405,Serviceable,false,
230501,Serviceable,false,
230502,Serviceable,false,
230503,Serviceable,false,
231001,Serviceable,false,
231211,Serviceable,false,
231301,Serviceable,false,
231303,Serviceable,false,
231304,Serviceable,false,
231305,Serviceable,false,
231306,Serviceable,false,
231307,Serviceable,false,
231309,Serviceable,false,
231310,Serviceable,false,
231311,Serviceable,false,
231312,Serviceable,false,
231314,Serviceable,false,
231501,Serviceable,false,
232104,Serviceable,false,
232109,Serviceable,false,
232111,Serviceable,false,
232112,Serviceable,false,
232113,Serviceable,false,
232114,Serviceable,false,
232116,Serviceable,false,
232119,Serviceable,false,
232325,Serviceable,false,
232326,Serviceable,false,
232328,Serviceable,false,
232329,Serviceable,false,
232330,Serviceable,false,
232331,Serviceable,false,
232332,Serviceable,false,
232333,Serviceable,false,
232335,Serviceable,false,
232339,Serviceable,false,
232340,Serviceable,false,
233001,Serviceable,false,
233221,Serviceable,false,
233222,Serviceable,false,
233223,Serviceable,false,
233224,Serviceable,false,
233225,Serviceable,false,
233227,Serviceable,false,
233228,Serviceable,false,
233229,Serviceable,false,
233230,Serviceable,false,
233231,Serviceable,false,
233232,Serviceable,false,
233233,Serviceable,false,
233300,Serviceable,false,
233301,Serviceable,false,
233302,Serviceable,false,
233303,Serviceable,false,
233304,Serviceable,false,
233305,Serviceable,false,
233307,Serviceable,false,
233310,Serviceable,false,
233311,Serviceable,false,
241001,Serviceable,false,
241122,Serviceable,false,
241124,Serviceable,false,
241126,Serviceable,false,
241204,Serviceable,false,
241303,Serviceable,false,
241304,Serviceable,false,
241305,Serviceable,false,
241401,Serviceable,false,
241403,Serviceable,false,
241406,Serviceable,false,
241407,Serviceable,false,
241502,Serviceable,false,
241504,Serviceable,false,
242001,Serviceable,false,
242123,Serviceable,false,
242220,Serviceable,false,
242222,Serviceable,false,
242223,Serviceable,false,
242226,Serviceable,false,
242315,Serviceable,false,
242401,Serviceable,false,
242405,Serviceable,false,
242406,Serviceable,false,
242407,Serviceable,false,
242606,Serviceable,false,
243001,Serviceable,false,
243002,Serviceable,false,
243003,Serviceable,false,
243004,Serviceable,false,
243005,Serviceable,false,
243006,Serviceable,false,
243122,Serviceable,false,
243123,Serviceable,false,
243124,Serviceable,false,
243125,Serviceable,false,
243126,Serviceable,false,
243127,Serviceable,false,
243201,Serviceable,false,
243202,Serviceable,false,
243204,Serviceable,false,
243206,Serviceable,false,
243208,Serviceable,false,
243301,Serviceable,false,
243302,Serviceable,false,
243303,Serviceable,false,
243304,Serviceable,false,
243401,Serviceable,false,
243402,Serviceable,false,
243403,Serviceable,false,
243404,Serviceable,false,
243407,Serviceable,false,
243408,Serviceable,false,
243501,Serviceable,false,
243502,Serviceable,false,
243503,Serviceable,false,
243505,Serviceable,false,
243506,Serviceable,false,
243507,Serviceable,false,
243509,Serviceable,false,
243601,Serviceable,false,
243630,Serviceable,false,
243634,Serviceable,false,
243636,Serviceable,false,
243637,Serviceable,false,
243641,Serviceable,false,
243701,Serviceable,false,
243720,Serviceable,false,
243722,Serviceable,false,
243723,Serviceable,false,
243724,Serviceable,false,
243725,Serviceable,false,
243726,Serviceable,false,
244001,Serviceable,false,
244103,Serviceable,false,
244302,Serviceable,false,
244303,Serviceable,false,
244304,Serviceable,false,
244401,Serviceable,false,
244402,Serviceable,false,
244410,Serviceable,false,
244411,Serviceable,false,
244412,Serviceable,false,
244413,Serviceable,false,
244414,Serviceable,false,
244415,Serviceable,false,
244504,Serviceable,false,
244602,Serviceable,false,
244701,Serviceable,false,
244713,Serviceable,false,
244901,Serviceable,false,
244921,Serviceable,false,
244924,Serviceable,false,
244926,Serviceable,false,
244927,Serviceable,false,
245101,Serviceable,false,
245205,Serviceable,false,
245206,Serviceable,false,
245207,Serviceable,false,
245208,Serviceable,false,
245301,Serviceable,false,
245304,Serviceable,false,
245402,Serviceable,false,
245403,Serviceable,false,
245407,Serviceable,false,
245409,Serviceable,false,
245412,Serviceable,false,
246701,Serviceable,false,
246722,Serviceable,false,
246723,Serviceable,false,
246725,Serviceable,false,
246726,Serviceable,false,
246727,Serviceable,false,
246731,Serviceable,false,
246732,Serviceable,false,
246733,Serviceable,false,
246735,Serviceable,false,
246736,Serviceable,false,
246737,Serviceable,false,
246738,Serviceable,false,
246745,Serviceable,false,
246747,Serviceable,false,
246762,Serviceable,false,
246763,Serviceable,false,
246764,Serviceable,false,
246765,Serviceable,false,
246768,Serviceable,false,
247001,Serviceable,false,
247121,Serviceable,false,
247129,Serviceable,false,
247232,Serviceable,false,
247340,Serviceable,false,
247343,Serviceable,false,
247452,Serviceable,false,
247551,Serviceable,false,
247656,Serviceable,false,
247661,Serviceable,false,
247665,Serviceable,false,
247666,Serviceable,false,
247667,Serviceable,false,
247668,Serviceable,false,
247669,Serviceable,false,
247670,Serviceable,false,
247769,Serviceable,false,
247771,Serviceable,false,
247772,Serviceable,false,
247773,Serviceable,false,
247776,Serviceable,false,
248001,Serviceable,false,
248002,Serviceable,false,
248003,Serviceable,false,
248005,Serviceable,false,
248006,Serviceable,false,
248007,Serviceable,false,
248008,Serviceable,false,
248009,Serviceable,false,
248010,Serviceable,false,
248012,Serviceable,false,
248013,Serviceable,false,
248014,Serviceable,false,
248102,Serviceable,false,
248110,Serviceable,false,
248115,Serviceable,false,
248116,Serviceable,false,
248119,Serviceable,false,
248121,Serviceable,false,
248122,Serviceable,false,
248123,Serviceable,false,
248124,Serviceable,false,
248125,Serviceable,false,
248126,Serviceable,false,
248140,Serviceable,false,
248141,Serviceable,false,
248142,Serviceable,false,
248143,Serviceable,false,
248144,Serviceable,false,
248145,Serviceable,false,
248146,Serviceable,false,
248147,Serviceable,false,
248148,Serviceable,false,
248152,Serviceable,false,
248158,Serviceable,false,
248159,Serviceable,false,
248160,Serviceable,false,
248161,Serviceable,false,
248164,Serviceable,false,
248165,Serviceable,false,
248167,Serviceable,false,
248171,Serviceable,false,
248179,Serviceable,false,
248191,Serviceable,false,
248196,Serviceable,false,
248197,Serviceable,false,
248198,Serviceable,false,
248199,Serviceable,false,
248201,Serviceable,false,
248202,Serviceable,false,
248203,Serviceable,false,
248252,Serviceable,false,
248528,Serviceable,false,
249201,Serviceable,false,
249202,Serviceable,false,
249203,Serviceable,false,
249204,Serviceable,false,
249205,Serviceable,false,
249401,Serviceable,false,
249402,Serviceable,false,
249403,Serviceable,false,
249404,Serviceable,false,
249405,Serviceable,false,
249407,Serviceable,false,
249410,Serviceable,false,
250001,Serviceable,false,
250003,Serviceable,false,
250004,Serviceable,false,
250005,Serviceable,false,
250103,Serviceable,false,
250104,Serviceable,false,
250106,Serviceable,false,
250110,Serviceable,false,
250205,Serviceable,false,
250221,Serviceable,false,
250222,Serviceable,false,
250223,Serviceable,false,
250341,Serviceable,false,
250342,Serviceable,false,
250344,Serviceable,false,
250401,Serviceable,false,
250402,Serviceable,false,
250404,Serviceable,false,
250501,Serviceable,false,
250502,Serviceable,false,
250602,Serviceable,false,
251001,Serviceable,false,
251002,Serviceable,false,
251003,Serviceable,false,
251201,Serviceable,false,
251202,Serviceable,false,
251203,Serviceable,false,
251305,Serviceable,false,
251306,Serviceable,false,
251307,Serviceable,false,
251308,Serviceable,false,
251309,Serviceable,false,
251310,Serviceable,false,
251311,Serviceable,false,
251314,Serviceable,false,
251315,Serviceable,false,
251318,Serviceable,false,
251319,Serviceable,false,
251320,Serviceable,false,
251327,Serviceable,false,
261001,Serviceable,false,
261121,Serviceable,false,
261125,Serviceable,false,
261131,Serviceable,false,
261135,Serviceable,false,
261141,Serviceable,false,
261145,Serviceable,false,
261201,Serviceable,false,
261202,Serviceable,false,
261203,Serviceable,false,
261204,Serviceable,false,
261206,Serviceable,false,
261207,Serviceable,false,
261208,Serviceable,false,
261301,Serviceable,false,
261401,Serviceable,false,
261402,Serviceable,false,
261403,Serviceable,false,
261404,Serviceable,false,
261405,Serviceable,false,
261506,Serviceable,false,
262001,Serviceable,false,
262302,Serviceable,false,
262305,Serviceable,false,
262406,Serviceable,false,
262407,Serviceable,false,
262411,Serviceable,false,
262701,Serviceable,false,
262702,Serviceable,false,
262721,Serviceable,false,
262724,Serviceable,false,
262725,Serviceable,false,
262726,Serviceable,false,
262728,Serviceable,false,
262801,Serviceable,false,
262803,Serviceable,false,
262903,Serviceable,false,
262904,Serviceable,false,
262905,Serviceable,false,
262906,Serviceable,false,
262908,Serviceable,false,
263139,Serviceable,false,
263141,Serviceable,false,
271003,Serviceable,false,
271124,Serviceable,false,
271125,Serviceable,false,
271129,Serviceable,false,
271201,Serviceable,false,
271202,Serviceable,false,
271203,Serviceable,false,
271205,Serviceable,false,
271206,Serviceable,false,
271207,Serviceable,false,
271209,Serviceable,false,
271210,Serviceable,false,
271215,Serviceable,false,
271301,Serviceable,false,
271302,Serviceable,false,
271304,Serviceable,false,
271306,Serviceable,false,
271307,Serviceable,false,
271310,Serviceable,false,
271312,Serviceable,false,
271313,Serviceable,false,
271319,Serviceable,false,
271401,Serviceable,false,
271402,Serviceable,false,
271403,Serviceable,false,
271502,Serviceable,false,
271504,Serviceable,false,
271601,Serviceable,false,
271602,Serviceable,false,
271604,Serviceable,false,
271607,Serviceable,false,
271609,Serviceable,false,
271801,Serviceable,false,
271802,Serviceable,false,
271821,Serviceable,false,
271824,Serviceable,false,
271841,Serviceable,false,
271851,Serviceable,false,
271855,Serviceable,false,
271861,Serviceable,false,
271865,Serviceable,false,
271872,Serviceable,false,
271875,Serviceable,false,
271882,Serviceable,false,
271901,Serviceable,false,
271903,Serviceable,false,
271904,Serviceable,false,
272001,Serviceable,false,
272002,Serviceable,false,
272123,Serviceable,false,
272124,Serviceable,false,
272126,Serviceable,false,
272127,Serviceable,false,
272128,Serviceable,false,
272130,Serviceable,false,
272131,Serviceable,false,
272148,Serviceable,false,
272151,Serviceable,false,
272154,Serviceable,false,
272155,Serviceable,false,
272161,Serviceable,false,
272163,Serviceable,false,
272177,Serviceable,false,
272182,Serviceable,false,
272189,Serviceable,false,
272190,Serviceable,false,
272192,Serviceable,false,
272195,Serviceable,false,
272201,Serviceable,false,
272202,Serviceable,false,
272203,Serviceable,false,
272204,Serviceable,false,
272205,Serviceable,false,
272207,Serviceable,false,
272208,Serviceable,false,
272301,Serviceable,false,
273001,Serviceable,false,
273002,Serviceable,false,
273003,Serviceable,false,
273004,Serviceable,false,
273005,Serviceable,false,
273006,Serviceable,false,
273007,Serviceable,false,
273008,Serviceable,false,
273009,Serviceable,false,
273010,Serviceable,false,
273011,Serviceable,false,
273013,Serviceable,false,
273014,Serviceable,false,
273015,Serviceable,false,
273016,Serviceable,false,
273017,Serviceable,false,
273151,Serviceable,false,
273152,Serviceable,false,
273153,Serviceable,false,
273155,Serviceable,false,
273157,Serviceable,false,
273158,Serviceable,false,
273161,Serviceable,false,
273162,Serviceable,false,
273164,Serviceable,false,
273165,Serviceable,false,
273201,Serviceable,false,
273202,Serviceable,false,
273203,Serviceable,false,
273207,Serviceable,false,
273209,Serviceable,false,
273211,Serviceable,false,
273212,Serviceable,false,
273213,Serviceable,false,
273301,Serviceable,false,
273302,Serviceable,false,
273303,Serviceable,false,
273304,Serviceable,false,
273305,Serviceable,false,
273306,Serviceable,false,
273309,Serviceable,false,
273310,Serviceable,false,
273402,Serviceable,false,
273403,Serviceable,false,
273405,Serviceable,false,
273406,Serviceable,false,
273408,Serviceable,false,
273409,Serviceable,false,
273412,Serviceable,false,
273413,Serviceable,false,
273414,Serviceable,false,
273415,Serviceable,false,
274001,Serviceable,false,
274149,Serviceable,false,
274182,Serviceable,false,
274202,Serviceable,false,
274203,Serviceable,false,
274204,Serviceable,false,
274205,Serviceable,false,
274206,Serviceable,false,
274207,Serviceable,false,
274208,Serviceable,false,
274301,Serviceable,false,
274302,Serviceable,false,
274303,Serviceable,false,
274304,Serviceable,false,
274305,Serviceable,false,
274306,Serviceable,false,
274401,Serviceable,false,
274403,Serviceable,false,
274404,Serviceable,false,
274406,Serviceable,false,
274407,Serviceable,false,
274408,Serviceable,false,
274501,Serviceable,false,
274502,Serviceable,false,
274505,Serviceable,false,
274506,Serviceable,false,
274508,Serviceable,false,
274509,Serviceable,false,
274601,Serviceable,false,
274602,Serviceable,false,
274603,Serviceable,false,
274604,Serviceable,false,
274701,Serviceable,false,
274702,Serviceable,false,
274703,Serviceable,false,
274704,Serviceable,false,
274705,Serviceable,false,
274801,Serviceable,false,
275101,Serviceable,false,
275102,Serviceable,false,
275105,Serviceable,false,
275201,Serviceable,false,
275202,Serviceable,false,
275204,Serviceable,false,
275205,Serviceable,false,
275301,Serviceable,false,
275302,Serviceable,false,
275304,Serviceable,false,
275305,Serviceable,false,
275306,Serviceable,false,
275307,Serviceable,false,
276001,Serviceable,false,
276121,Serviceable,false,
276122,Serviceable,false,
276123,Serviceable,false,
276124,Serviceable,false,
276125,Serviceable,false,
276126,Serviceable,false,
276127,Serviceable,false,
276128,Serviceable,false,
276129,Serviceable,false,
276131,Serviceable,false,
276135,Serviceable,false,
276136,Serviceable,false,
276137,Serviceable,false,
276138,Serviceable,false,
276139,Serviceable,false,
276140,Serviceable,false,
276141,Serviceable,false,
276142,Serviceable,false,
276201,Serviceable,false,
276202,Serviceable,false,
276204,Serviceable,false,
276205,Serviceable,false,
276206,Serviceable,false,
276207,Serviceable,false,
276208,Serviceable,false,
276302,Serviceable,false,
276303,Serviceable,false,
276304,Serviceable,false,
276305,Serviceable,false,
276306,Serviceable,false,
276402,Serviceable,false,
276404,Serviceable,false,
276405,Serviceable,false,
276406,Serviceable,false,
277121,Serviceable,false,
277123,Serviceable,false,
277124,Serviceable,false,
277201,Serviceable,false,
277202,Serviceable,false,
277204,Serviceable,false,
277205,Serviceable,false,
277208,Serviceable,false,
277209,Serviceable,false,
277210,Serviceable,false,
277211,Serviceable,false,
277213,Serviceable,false,
277216,Serviceable,false,
277219,Serviceable,false,
277301,Serviceable,false,
277303,Serviceable,false,
277304,Serviceable,false,
277402,Serviceable,false,
277403,Serviceable,false,
277501,Serviceable,false,
277502,Serviceable,false,
277503,Serviceable,false,
277504,Serviceable,false,
277506,Serviceable,false,
281001,Serviceable,false,
281002,Serviceable,false,
281003,Serviceable,false,
281004,Serviceable,false,
281005,Serviceable,false,
281006,Serviceable,false,
281104,Serviceable,false,
281112,Serviceable,false,
281121,Serviceable,false,
281122,Serviceable,false,
281123,Serviceable,false,
281201,Serviceable,false,
281202,Serviceable,false,
281203,Serviceable,false,
281204,Serviceable,false,
281205,Serviceable,false,
281206,Serviceable,false,
281301,Serviceable,false,
281302,Serviceable,false,
281303,Serviceable,false,
281304,Serviceable,false,
281305,Serviceable,false,
281307,Serviceable,false,
281308,Serviceable,false,
281401,Serviceable,false,
281402,Serviceable,false,
281403,Serviceable,false,
281404,Serviceable,false,
281405,Serviceable,false,
281406,Serviceable,false,
281501,Serviceable,false,
281502,Serviceable,false,
281503,Serviceable,false,
281504,Serviceable,false,
282001,Serviceable,false,
282002,Serviceable,false,
282003,Serviceable,false,
282004,Serviceable,false,
282005,Serviceable,false,
282006,Serviceable,false,
282007,Serviceable,false,
282008,Serviceable,false,
282009,Serviceable,false,
282010,Serviceable,false,
283101,Serviceable,false,
283102,Serviceable,false,
283103,Serviceable,false,
283104,Serviceable,false,
283105,Serviceable,false,
283110,Serviceable,false,
283111,Serviceable,false,
283112,Serviceable,false,
283113,Serviceable,false,
283114,Serviceable,false,
283115,Serviceable,false,
283119,Serviceable,false,
283121,Serviceable,false,
283122,Serviceable,false,
283123,Serviceable,false,
283124,Serviceable,false,
283125,Serviceable,false,
283126,Serviceable,false,
283130,Serviceable,false,
283135,Serviceable,false,
283136,Serviceable,false,
283141,Serviceable,false,
283142,Serviceable,false,
283145,Serviceable,false,
283151,Serviceable,false,
283152,Serviceable,false,
283201,Serviceable,false,
283202,Serviceable,false,
283203,Serviceable,false,
283204,Serviceable,false,
283207,Serviceable,false,
284002,Serviceable,false,
284003,Serviceable,false,
284120,Serviceable,false,
284121,Serviceable,false,
284122,Serviceable,false,
284126,Serviceable,false,
284127,Serviceable,false,
284128,Serviceable,false,
284135,Serviceable,false,
284201,Serviceable,false,
284204,Serviceable,false,
284205,Serviceable,false,
284301,Serviceable,false,
284303,Serviceable,false,
284304,Serviceable,false,
284305,Serviceable,false,
284306,Serviceable,false,
284401,Serviceable,false,
284403,Serviceable,false,
290281,Serviceable,false,
291291,Serviceable,false,
301001,Serviceable,false,
301002,Serviceable,false,
301017,Serviceable,false,
301018,Serviceable,false,
301019,Serviceable,false,
301020,Serviceable,false,
301021,Serviceable,false,
301022,Serviceable,false,
301023,Serviceable,false,
301024,Serviceable,false,
301025,Serviceable,false,
301026,Serviceable,false,
301027,Serviceable,false,
301029,Serviceable,false,
301030,Serviceable,false,
301031,Serviceable,false,
301032,Serviceable,false,
301033,Serviceable,false,
301034,Serviceable,false,
301035,Serviceable,false,
301036,Serviceable,false,
301037,Serviceable,false,
301042,Serviceable,false,
301043,Serviceable,false,
301044,Serviceable,false,
301401,Serviceable,false,
301402,Serviceable,false,
301403,Serviceable,false,
301404,Serviceable,false,
301405,Serviceable,false,
301406,Serviceable,false,
301407,Serviceable,false,
301408,Serviceable,false,
301409,Serviceable,false,
301410,Serviceable,false,
301411,Serviceable,false,
301412,Serviceable,false,
301413,Serviceable,false,
301414,Serviceable,false,
301415,Serviceable,false,
301416,Serviceable,false,
301417,Serviceable,false,
301418,Serviceable,false,
301419,Serviceable,false,
301420,Serviceable,false,
301421,Serviceable,false,
301422,Serviceable,false,
301423,Serviceable,false,
301424,Serviceable,false,
301425,Serviceable,false,
301426,Serviceable,false,
301427,Serviceable,false,
301604,Serviceable,false,
301701,Serviceable,false,
301702,Serviceable,false,
301703,Serviceable,false,
301704,Serviceable,false,
301705,Serviceable,false,
301706,Serviceable,false,
301707,Serviceable,false,
301708,Serviceable,false,
301709,Serviceable,false,
301710,Serviceable,false,
301711,Serviceable,false,
301712,Serviceable,false,
301713,Serviceable,false,
301714,Serviceable,false,
302001,Serviceable,false,
302002,Serviceable,false,
302003,Serviceable,false,
302004,Serviceable,false,
302005,Serviceable,false,
302006,Serviceable,false,
302007,Serviceable,false,
302008,Serviceable,false,
302009,Serviceable,false,
302010,Serviceable,false,
302011,Serviceable,false,
302012,Serviceable,false,
302013,Serviceable,false,
302014,Serviceable,false,
302015,Serviceable,false,
302016,Serviceable,false,
302017,Serviceable,false,
302018,Serviceable,false,
302019,Serviceable,false,
302020,Serviceable,false,
302021,Serviceable,false,
302022,Serviceable,false,
302023,Serviceable,false,
302024,Serviceable,false,
302025,Serviceable,false,
302026,Serviceable,false,
302027,Serviceable,false,
302028,Serviceable,false,
302029,Serviceable,false,
302030,Serviceable,false,
302031,Serviceable,false,
302032,Serviceable,false,
302033,Serviceable,false,
302034,Serviceable,false,
302035,Serviceable,false,
302036,Serviceable,false,
302037,Serviceable,false,
302038,Serviceable,false,
302039,Serviceable,false,
302040,Serviceable,false,
303001,Serviceable,false,
303002,Serviceable,false,
303003,Serviceable,false,
303004,Serviceable,false,
303005,Serviceable,false,
303006,Serviceable,false,
303007,Serviceable,false,
303008,Serviceable,false,
303009,Serviceable,false,
303010,Serviceable,false,
303011,Serviceable,false,
303012,Serviceable,false,
303101,Serviceable,false,
303102,Serviceable,false,
303103,Serviceable,false,
303104,Serviceable,false,
303105,Serviceable,false,
303106,Serviceable,false,
303107,Serviceable,false,
303108,Serviceable,false,
303109,Serviceable,false,
303110,Serviceable,false,
303111,Serviceable,false,
303112,Serviceable,false,
303113,Serviceable,false,
303114,Serviceable,false,
303115,Serviceable,false,
303116,Serviceable,false,
303117,Serviceable,false,
303118,Serviceable,false,
303119,Serviceable,false,
303120,Serviceable,false,
303121,Serviceable,false,
303125,Serviceable,false,
303209,Serviceable,false,
303301,Serviceable,false,
303302,Serviceable,false,
303303,Serviceable,false,
303304,Serviceable,false,
303305,Serviceable,false,
303306,Serviceable,false,
303307,Serviceable,false,
303308,Serviceable,false,
303309,Serviceable,false,
303313,Serviceable,false,
303314,Serviceable,false,
303323,Serviceable,false,
303324,Serviceable,false,
303325,Serviceable,false,
303326,Serviceable,false,
303327,Serviceable,false,
303328,Serviceable,false,
303329,Serviceable,false,
303330,Serviceable,false,
303331,Serviceable,false,
303338,Serviceable,false,
303339,Serviceable,false,
303340,Serviceable,false,
303348,Serviceable,false,
303349,Serviceable,false,
303502,Serviceable,false,
303505,Serviceable,false,
303506,Serviceable,false,
303507,Serviceable,false,
303508,Serviceable,false,
303509,Serviceable,false,
303601,Serviceable,false,
303602,Serviceable,false,
303603,Serviceable,false,
303604,Serviceable,false,
303606,Serviceable,false,
303607,Serviceable,false,
303608,Serviceable,false,
303609,Serviceable,false,
303610,Serviceable,false,
303611,Serviceable,false,
303701,Serviceable,false,
303702,Serviceable,false,
303703,Serviceable,false,
303704,Serviceable,false,
303705,Serviceable,false,
303706,Serviceable,false,
303712,Serviceable,false,
303801,Serviceable,false,
303802,Serviceable,false,
303803,Serviceable,false,
303804,Serviceable,false,
303805,Serviceable,false,
303806,Serviceable,false,
303807,Serviceable,false,
303901,Serviceable,false,
303902,Serviceable,false,
303903,Serviceable,false,
303904,Serviceable,false,
303905,Serviceable,false,
303906,Serviceable,false,
303907,Serviceable,false,
303908,Serviceable,false,
304001,Serviceable,false,
304021,Serviceable,false,
304022,Serviceable,false,
304023,Serviceable,false,
304501,Serviceable,false,
304502,Serviceable,false,
304503,Serviceable,false,
304504,Serviceable,false,
304505,Serviceable,false,
304507,Serviceable,false,
304801,Serviceable,false,
304802,Serviceable,false,
304803,Serviceable,false,
305001,Serviceable,false,
305002,Serviceable,false,
305003,Serviceable,false,
305004,Serviceable,false,
305005,Serviceable,false,
305006,Serviceable,false,
305007,Serviceable,false,
305008,Serviceable,false,
305012,Serviceable,false,
305021,Serviceable,false,
305022,Serviceable,false,
305023,Serviceable,false,
305024,Serviceable,false,
305025,Serviceable,false,
305026,Serviceable,false,
305201,Serviceable,false,
305202,Serviceable,false,
305203,Serviceable,false,
305204,Serviceable,false,
305205,Serviceable,false,
305206,Serviceable,false,
305207,Serviceable,false,
305401,Serviceable,false,
305402,Serviceable,false,
305403,Serviceable,false,
305404,Serviceable,false,
305405,Serviceable,false,
305406,Serviceable,false,
305407,Serviceable,false,
305408,Serviceable,false,
305412,Serviceable,false,
305415,Serviceable,false,
305416,Serviceable,false,
305601,Serviceable,false,
305621,Serviceable,false,
305622,Serviceable,false,
305623,Serviceable,false,
305624,Serviceable,false,
305625,Serviceable,false,
305627,Serviceable,false,
305628,Serviceable,false,
305801,Serviceable,false,
305802,Serviceable,false,
305811,Serviceable,false,
305812,Serviceable,false,
305813,Serviceable,false,
305814,Serviceable,false,
305815,Serviceable,false,
305816,Serviceable,false,
305818,Serviceable,false,
305819,Serviceable,false,
305820,Serviceable,false,
305901,Serviceable,false,
305912,Serviceable,false,
305921,Serviceable,false,
305922,Serviceable,false,
305923,Serviceable,false,
305924,Serviceable,false,
305925,Serviceable,false,
305926,Serviceable,false,
305927,Serviceable,false,
305928,Serviceable,false,
306001,Serviceable,false,
306022,Serviceable,false,
306023,Serviceable,false,
306024,Serviceable,false,
306025,Serviceable,false,
306026,Serviceable,false,
306027,Serviceable,false,
306028,Serviceable,false,
306101,Serviceable,false,
306103,Serviceable,false,
306104,Serviceable,false,
306105,Serviceable,false,
306106,Serviceable,false,
306107,Serviceable,false,
306108,Serviceable,false,
306114,Serviceable,false,
306115,Serviceable,false,
306116,Serviceable,false,
306117,Serviceable,false,
306118,Serviceable,false,
306119,Serviceable,false,
306127,Serviceable,false,
306128,Serviceable,false,
306301,Serviceable,false,
306302,Serviceable,false,
306303,Serviceable,false,
306304,Serviceable,false,
306305,Serviceable,false,
306306,Serviceable,false,
306307,Serviceable,false,
306308,Serviceable,false,
306309,Serviceable,false,
306310,Serviceable,false,
306401,Serviceable,false,
306402,Serviceable,false,
306421,Serviceable,false,
306422,Serviceable,false,
306501,Serviceable,false,
306502,Serviceable,false,
306503,Serviceable,false,
306504,Serviceable,false,
306505,Serviceable,false,
306601,Serviceable,false,
306602,Serviceable,false,
306603,Serviceable,false,
306701,Serviceable,false,
306702,Serviceable,false,
306703,Serviceable,false,
306704,Serviceable,false,
306705,Serviceable,false,
306706,Serviceable,false,
306707,Serviceable,false,
306708,Serviceable,false,
306709,Serviceable,false,
306710,Serviceable,false,
306901,Serviceable,false,
306902,Serviceable,false,
306912,Serviceable,false,
307019,Serviceable,false,
307022,Serviceable,false,
307024,Serviceable,false,
307025,Serviceable,false,
307026,Serviceable,false,
307027,Serviceable,false,
307028,Serviceable,false,
307029,Serviceable,false,
307030,Serviceable,false,
307043,Serviceable,false,
307501,Serviceable,false,
307512,Serviceable,false,
307513,Serviceable,false,
307514,Serviceable,false,
307515,Serviceable,false,
307801,Serviceable,false,
307802,Serviceable,false,
307803,Serviceable,false,
311011,Serviceable,false,
311013,Serviceable,false,
311021,Serviceable,false,
311022,Serviceable,false,
311024,Serviceable,false,
311026,Serviceable,false,
311030,Serviceable,false,
311201,Serviceable,false,
311202,Serviceable,false,
311203,Serviceable,false,
311204,Serviceable,false,
311301,Serviceable,false,
311302,Serviceable,false,
311401,Serviceable,false,
311402,Serviceable,false,
311403,Serviceable,false,
311404,Serviceable,false,
311407,Serviceable,false,
311408,Serviceable,false,
311601,Serviceable,false,
311602,Serviceable,false,
311603,Serviceable,false,
311604,Serviceable,false,
311605,Serviceable,false,
311606,Serviceable,false,
311801,Serviceable,false,
311802,Serviceable,false,
311803,Serviceable,false,
311804,Serviceable,false,
311805,Serviceable,false,
311806,Serviceable,false,
312001,Serviceable,false,
312021,Serviceable,false,
312022,Serviceable,false,
312024,Serviceable,false,
312025,Serviceable,false,
312026,Serviceable,false,
312027,Serviceable,false,
312201,Serviceable,false,
312202,Serviceable,false,
312203,Serviceable,false,
312204,Serviceable,false,
312205,Serviceable,false,
312206,Serviceable,false,
312207,Serviceable,false,
312208,Serviceable,false,
312401,Serviceable,false,
312402,Serviceable,false,
312403,Serviceable,false,
312404,Serviceable,false,
312601,Serviceable,false,
312605,Serviceable,false,
312606,Serviceable,false,
312607,Serviceable,false,
312608,Serviceable,false,
312609,Serviceable,false,
312610,Serviceable,false,
312611,Serviceable,false,
312616,Serviceable,false,
312618,Serviceable,false,
312620,Serviceable,false,
312621,Serviceable,false,
312623,Serviceable,false,
312901,Serviceable,false,
312902,Serviceable,false,
313002,Serviceable,false,
313003,Serviceable,false,
313004,Serviceable,false,
313011,Serviceable,false,
313012,Serviceable,false,
313013,Serviceable,false,
313014,Serviceable,false,
313015,Serviceable,false,
313016,Serviceable,false,
313021,Serviceable,false,
313023,Serviceable,false,
313024,Serviceable,false,
313026,Serviceable,false,
313027,Serviceable,false,
313028,Serviceable,false,
313029,Serviceable,false,
313030,Serviceable,false,
313031,Serviceable,false,
313032,Serviceable,false,
313033,Serviceable,false,
313034,Serviceable,false,
313038,Serviceable,false,
313201,Serviceable,false,
313202,Serviceable,false,
313203,Serviceable,false,
313204,Serviceable,false,
313205,Serviceable,false,
313206,Serviceable,false,
313207,Serviceable,false,
313209,Serviceable,false,
313210,Serviceable,false,
313211,Serviceable,false,
313212,Serviceable,false,
313301,Serviceable,false,
313303,Serviceable,false,
313306,Serviceable,false,
313321,Serviceable,false,
313322,Serviceable,false,
313323,Serviceable,false,
313325,Serviceable,false,
313326,Serviceable,false,
313327,Serviceable,false,
313328,Serviceable,false,
313329,Serviceable,false,
313330,Serviceable,false,
313331,Serviceable,false,
313332,Serviceable,false,
313333,Serviceable,false,
313334,Serviceable,false,
313336,Serviceable,false,
313337,Serviceable,false,
313338,Serviceable,false,
313340,Serviceable,false,
313341,Serviceable,false,
313342,Serviceable,false,
313601,Serviceable,false,
313602,Serviceable,false,
313603,Serviceable,false,
313604,Serviceable,false,
313605,Serviceable,false,
313606,Serviceable,false,
313607,Serviceable,false,
313608,Serviceable,false,
313609,Serviceable,false,
313610,Serviceable,false,
313611,Serviceable,false,
313612,Serviceable,false,
313613,Serviceable,false,
313701,Serviceable,false,
313702,Serviceable,false,
313703,Serviceable,false,
313704,Serviceable,false,
313705,Serviceable,false,
313706,Serviceable,false,
313707,Serviceable,false,
313708,Serviceable,false,
313709,Serviceable,false,
313801,Serviceable,false,
313802,Serviceable,false,
313803,Serviceable,false,
313804,Serviceable,false,
313805,Serviceable,false,
313806,Serviceable,false,
313901,Serviceable,false,
313902,Serviceable,false,
313903,Serviceable,false,
313904,Serviceable,false,
313905,Serviceable,false,
313906,Serviceable,false,
313907,Serviceable,false,
314001,Serviceable,false,
314011,Serviceable,false,
314021,Serviceable,false,
314022,Serviceable,false,
314024,Serviceable,false,
314025,Serviceable,false,
314026,Serviceable,false,
314027,Serviceable,false,
314028,Serviceable,false,
314030,Serviceable,false,
314031,Serviceable,false,
314032,Serviceable,false,
314034,Serviceable,false,
314037,Serviceable,false,
314038,Serviceable,false,
314401,Serviceable,false,
314402,Serviceable,false,
314403,Serviceable,false,
314404,Serviceable,false,
314406,Serviceable,false,
314801,Serviceable,false,
314804,Serviceable,false,
321001,Serviceable,false,
321022,Serviceable,false,
321023,Serviceable,false,
321025,Serviceable,false,
321026,Serviceable,false,
321201,Serviceable,false,
321204,Serviceable,false,
321401,Serviceable,false,
321404,Serviceable,false,
321405,Serviceable,false,
321406,Serviceable,false,
321407,Serviceable,false,
321408,Serviceable,false,
321409,Serviceable,false,
321410,Serviceable,false,
321411,Serviceable,false,
321601,Serviceable,false,
321604,Serviceable,false,
321605,Serviceable,false,
321606,Serviceable,false,
321607,Serviceable,false,
321608,Serviceable,false,
321609,Serviceable,false,
321610,Serviceable,false,
321611,Serviceable,false,
321612,Serviceable,false,
321613,Serviceable,false,
321615,Serviceable,false,
321634,Serviceable,false,
321636,Serviceable,false,
321637,Serviceable,false,
321638,Serviceable,false,
321639,Serviceable,false,
321640,Serviceable,false,
321641,Serviceable,false,
321642,Serviceable,false,
322021,Serviceable,false,
322023,Serviceable,false,
322024,Serviceable,false,
322025,Serviceable,false,
322026,Serviceable,false,
322027,Serviceable,false,
322029,Serviceable,false,
322030,Serviceable,false,
322033,Serviceable,false,
322034,Serviceable,false,
322201,Serviceable,false,
322202,Serviceable,false,
322204,Serviceable,false,
322205,Serviceable,false,
322211,Serviceable,false,
322215,Serviceable,false,
322218,Serviceable,false,
322219,Serviceable,false,
322221,Serviceable,false,
322230,Serviceable,false,
322234,Serviceable,false,
322236,Serviceable,false,
322241,Serviceable,false,
322242,Serviceable,false,
322243,Serviceable,false,
322252,Serviceable,false,
322254,Serviceable,false,
322255,Serviceable,false,
322704,Serviceable,false,
323021,Serviceable,false,
323022,Serviceable,false,
323023,Serviceable,false,
323024,Serviceable,false,
323025,Serviceable,false,
323304,Serviceable,false,
323307,Serviceable,false,
323601,Serviceable,false,
323602,Serviceable,false,
323613,Serviceable,false,
323615,Serviceable,false,
323616,Serviceable,false,
323801,Serviceable,false,
324001,Serviceable,false,
324002,Serviceable,false,
324003,Serviceable,false,
324004,Serviceable,false,
324006,Serviceable,false,
324007,Serviceable,false,
324008,Serviceable,false,
324009,Serviceable,false,
324010,Serviceable,false,
325001,Serviceable,false,
325003,Serviceable,false,
325004,Serviceable,false,
325006,Serviceable,false,
325007,Serviceable,false,
325008,Serviceable,false,
325009,Serviceable,false,
325201,Serviceable,false,
325202,Serviceable,false,
325203,Serviceable,false,
325204,Serviceable,false,
325205,Serviceable,false,
325206,Serviceable,false,
325207,Serviceable,false,
325208,Serviceable,false,
325209,Serviceable,false,
325214,Serviceable,false,
325215,Serviceable,false,
325216,Serviceable,false,
325217,Serviceable,false,
325218,Serviceable,false,
325219,Serviceable,false,
325220,Serviceable,false,
325221,Serviceable,false,
325222,Serviceable,false,
325223,Serviceable,false,
325225,Serviceable,false,
325226,Serviceable,false,
325227,Serviceable,false,
325601,Serviceable,false,
325602,Serviceable,false,
326517,Serviceable,false,
326518,Serviceable,false,
326519,Serviceable,false,
326520,Serviceable,false,
326521,Serviceable,false,
326529,Serviceable,false,
326530,Serviceable,false,
327001,Serviceable,false,
327021,Serviceable,false,
327024,Serviceable,false,
327025,Serviceable,false,
327026,Serviceable,false,
327031,Serviceable,false,
327032,Serviceable,false,
327034,Serviceable,false,
327602,Serviceable,false,
327604,Serviceable,false,
327605,Serviceable,false,
327608,Serviceable,false,
328021,Serviceable,false,
328025,Serviceable,false,
328027,Serviceable,false,
328031,Serviceable,false,
328034,Serviceable,false,
331001,Serviceable,false,
331021,Serviceable,false,
331024,Serviceable,false,
331025,Serviceable,false,
331026,Serviceable,false,
331027,Serviceable,false,
331028,Serviceable,false,
331029,Serviceable,false,
331030,Serviceable,false,
331031,Serviceable,false,
331033,Serviceable,false,
331301,Serviceable,false,
331302,Serviceable,false,
331303,Serviceable,false,
331304,Serviceable,false,
331305,Serviceable,false,
331402,Serviceable,false,
331403,Serviceable,false,
331411,Serviceable,false,
331501,Serviceable,false,
331502,Serviceable,false,
331503,Serviceable,false,
331504,Serviceable,false,
331505,Serviceable,false,
331506,Serviceable,false,
331507,Serviceable,false,
331517,Serviceable,false,
331518,Serviceable,false,
331701,Serviceable,false,
331801,Serviceable,false,
331802,Serviceable,false,
331803,Serviceable,false,
331811,Serviceable,false,
332001,Serviceable,false,
332002,Serviceable,false,
332021,Serviceable,false,
332022,Serviceable,false,
332023,Serviceable,false,
332024,Serviceable,false,
332025,Serviceable,false,
332026,Serviceable,false,
332027,Serviceable,false,
332028,Serviceable,false,
332029,Serviceable,false,
332030,Serviceable,false,
332031,Serviceable,false,
332032,Serviceable,false,
332033,Serviceable,false,
332034,Serviceable,false,
332035,Serviceable,false,
332036,Serviceable,false,
332037,Serviceable,false,
332038,Serviceable,false,
332039,Serviceable,false,
332040,Serviceable,false,
332041,Serviceable,false,
332042,Serviceable,false,
332043,Serviceable,false,
332044,Serviceable,false,
332045,Serviceable,false,
332301,Serviceable,false,
332302,Serviceable,false,
332303,Serviceable,false,
332304,Serviceable,false,
332305,Serviceable,false,
332306,Serviceable,false,
332307,Serviceable,false,
332308,Serviceable,false,
332311,Serviceable,false,
332312,Serviceable,false,
332313,Serviceable,false,
332314,Serviceable,false,
332315,Serviceable,false,
332316,Serviceable,false,
332317,Serviceable,false,
332318,Serviceable,false,
332401,Serviceable,false,
332402,Serviceable,false,
332403,Serviceable,false,
332404,Serviceable,false,
332405,Serviceable,false,
332406,Serviceable,false,
332407,Serviceable,false,
332408,Serviceable,false,
332409,Serviceable,false,
332410,Serviceable,false,
332411,Serviceable,false,
332412,Serviceable,false,
332413,Serviceable,false,
332601,Serviceable,false,
332602,Serviceable,false,
332603,Serviceable,false,
332604,Serviceable,false,
332605,Serviceable,false,
332701,Serviceable,false,
332702,Serviceable,false,
332703,Serviceable,false,
332704,Serviceable,false,
332705,Serviceable,false,
332706,Serviceable,false,
332707,Serviceable,false,
332708,Serviceable,false,
332709,Serviceable,false,
332710,Serviceable,false,
332711,Serviceable,false,
332712,Serviceable,false,
332713,Serviceable,false,
332714,Serviceable,false,
332715,Serviceable,false,
332716,Serviceable,false,
332718,Serviceable,false,
332719,Serviceable,false,
332721,Serviceable,false,
332722,Serviceable,false,
332723,Serviceable,false,
332725,Serviceable,false,
332726,Serviceable,false,
332727,Serviceable,false,
332728,Serviceable,false,
332729,Serviceable,false,
332730,Serviceable,false,
332731,Serviceable,false,
332732,Serviceable,false,
332733,Serviceable,false,
332734,Serviceable,false,
332735,Serviceable,false,
332736,Serviceable,false,
332737,Serviceable,false,
332738,Serviceable,false,
332739,Serviceable,false,
332740,Serviceable,false,
332741,Serviceable,false,
332742,Serviceable,false,
332743,Serviceable,false,
332744,Serviceable,false,
332745,Serviceable,false,
332746,Serviceable,false,
332747,Serviceable,false,
332748,Serviceable,false,
333001,Serviceable,false,
333011,Serviceable,false,
333012,Serviceable,false,
333022,Serviceable,false,
333024,Serviceable,false,
333025,Serviceable,false,
333026,Serviceable,false,
333027,Serviceable,false,
333028,Serviceable,false,
333029,Serviceable,false,
333030,Serviceable,false,
333031,Serviceable,false,
333032,Serviceable,false,
333033,Serviceable,false,
333034,Serviceable,false,
333035,Serviceable,false,
333041,Serviceable,false,
333302,Serviceable,false,
333303,Serviceable,false,
333304,Serviceable,false,
333305,Serviceable,false,
333307,Serviceable,false,
333308,Serviceable,false,
333501,Serviceable,false,
333502,Serviceable,false,
333503,Serviceable,false,
333504,Serviceable,false,
333515,Serviceable,false,
333701,Serviceable,false,
333702,Serviceable,false,
333704,Serviceable,false,
333705,Serviceable,false,
333707,Serviceable,false,
334001,Serviceable,false,
334003,Serviceable,false,
334004,Serviceable,false,
334005,Serviceable,false,
334006,Serviceable,false,
334021,Serviceable,false,
334022,Serviceable,false,
334023,Serviceable,false,
334201,Serviceable,false,
334202,Serviceable,false,
334302,Serviceable,false,
334303,Serviceable,false,
334305,Serviceable,false,
334401,Serviceable,false,
334402,Serviceable,false,
334403,Serviceable,false,
334601,Serviceable,false,
334602,Serviceable,false,
334604,Serviceable,false,
334801,Serviceable,false,
334802,Serviceable,false,
334803,Serviceable,false,
334804,Serviceable,false,
334808,Serviceable,false,
335001,Serviceable,false,
335002,Serviceable,false,
335021,Serviceable,false,
335022,Serviceable,false,
335023,Serviceable,false,
335024,Serviceable,false,
335025,Serviceable,false,
335027,Serviceable,false,
335037,Serviceable,false,
335038,Serviceable,false,
335039,Serviceable,false,
335041,Serviceable,false,
335051,Serviceable,false,
335061,Serviceable,false,
335062,Serviceable,false,
335063,Serviceable,false,
335064,Serviceable,false,
335065,Serviceable,false,
335073,Serviceable,false,
335503,Serviceable,false,
335511,Serviceable,false,
335512,Serviceable,false,
335513,Serviceable,false,
335523,Serviceable,false,
335524,Serviceable,false,
335525,Serviceable,false,
335526,Serviceable,false,
335701,Serviceable,false,
335704,Serviceable,false,
335705,Serviceable,false,
335771,Serviceable,false,
335801,Serviceable,false,
335802,Serviceable,false,
335803,Serviceable,false,
335901,Serviceable,false,
341001,Serviceable,false,
341002,Serviceable,false,
341011,Serviceable,false,
341012,Serviceable,false,
341013,Serviceable,false,
341021,Serviceable,false,
341022,Serviceable,false,
341023,Serviceable,false,
341024,Serviceable,false,
341025,Serviceable,false,
341026,Serviceable,false,
341027,Serviceable,false,
341028,Serviceable,false,
341029,Serviceable,false,
341030,Serviceable,false,
341031,Serviceable,false,
341032,Serviceable,false,
341033,Serviceable,false,
341034,Serviceable,false,
341035,Serviceable,false,
341301,Serviceable,false,
341302,Serviceable,false,
341303,Serviceable,false,
341304,Serviceable,false,
341305,Serviceable,false,
341306,Serviceable,false,
341313,Serviceable,false,
341316,Serviceable,false,
341317,Serviceable,false,
341318,Serviceable,false,
341319,Serviceable,false,
341501,Serviceable,false,
341502,Serviceable,false,
341503,Serviceable,false,
341504,Serviceable,false,
341505,Serviceable,false,
341506,Serviceable,false,
341507,Serviceable,false,
341508,Serviceable,false,
341509,Serviceable,false,
341510,Serviceable,false,
341511,Serviceable,false,
341512,Serviceable,false,
341513,Serviceable,false,
341514,Serviceable,false,
341515,Serviceable,false,
341516,Serviceable,false,
341517,Serviceable,false,
341518,Serviceable,false,
341519,Serviceable,false,
341520,Serviceable,false,
341521,Serviceable,false,
341522,Serviceable,false,
341523,Serviceable,false,
341524,Serviceable,false,
341525,Serviceable,false,
341526,Serviceable,false,
341527,Serviceable,false,
341528,Serviceable,false,
341529,Serviceable,false,
341530,Serviceable,false,
341531,Serviceable,false,
341532,Serviceable,false,
341533,Serviceable,false,
341534,Serviceable,false,
341535,Serviceable,false,
341536,Serviceable,false,
341537,Serviceable,false,
341538,Serviceable,false,
341539,Serviceable,false,
341540,Serviceable,false,
341541,Serviceable,false,
341542,Serviceable,false,
341544,Serviceable,false,
341545,Serviceable,false,
341546,Serviceable,false,
341547,Serviceable,false,
341548,Serviceable,false,
341549,Serviceable,false,
341550,Serviceable,false,
341551,Serviceable,false,
342001,Serviceable,false,
342002,Serviceable,false,
342003,Serviceable,false,
342005,Serviceable,false,
342006,Serviceable,false,
342007,Serviceable,false,
342008,Serviceable,false,
342012,Serviceable,false,
342013,Serviceable,false,
342014,Serviceable,false,
342015,Serviceable,false,
342021,Serviceable,false,
342022,Serviceable,false,
342023,Serviceable,false,
342024,Serviceable,false,
342025,Serviceable,false,
342026,Serviceable,false,
342027,Serviceable,false,
342028,Serviceable,false,
342037,Serviceable,false,
342301,Serviceable,false,
342302,Serviceable,false,
342303,Serviceable,false,
342304,Serviceable,false,
342305,Serviceable,false,
342306,Serviceable,false,
342307,Serviceable,false,
342308,Serviceable,false,
342309,Serviceable,false,
342311,Serviceable,false,
342312,Serviceable,false,
342314,Serviceable,false,
342601,Serviceable,false,
342602,Serviceable,false,
342603,Serviceable,false,
342604,Serviceable,false,
342605,Serviceable,false,
342606,Serviceable,false,
342801,Serviceable,false,
342802,Serviceable,false,
342901,Serviceable,false,
342902,Serviceable,false,
343001,Serviceable,false,
343021,Serviceable,false,
343022,Serviceable,false,
343023,Serviceable,false,
343024,Serviceable,false,
343030,Serviceable,false,
343031,Serviceable,false,
343032,Serviceable,false,
343040,Serviceable,false,
343041,Serviceable,false,
343048,Serviceable,false,
344001,Serviceable,false,
344011,Serviceable,false,
344012,Serviceable,false,
344021,Serviceable,false,
344025,Serviceable,false,
344031,Serviceable,false,
344033,Serviceable,false,
344034,Serviceable,false,
344035,Serviceable,false,
344037,Serviceable,false,
344043,Serviceable,false,
344044,Serviceable,false,
344501,Serviceable,false,
344502,Serviceable,false,
344703,Serviceable,false,
344705,Serviceable,false,
344706,Serviceable,false,
344708,Serviceable,false,
344801,Serviceable,false,
345001,Serviceable,false,
345021,Serviceable,false,
345022,Serviceable,false,
345023,Serviceable,false,
345024,Serviceable,false,
345027,Serviceable,false,
345031,Serviceable,false,
345033,Serviceable,false,
345034,Serviceable,false,
360001,Serviceable,false,
360003,Serviceable,false,
360004,Serviceable,false,
360006,Serviceable,false,
360007,Serviceable,false,
360020,Serviceable,false,
360021,Serviceable,false,
360022,Serviceable,false,
360023,Serviceable,false,
360024,Serviceable,false,
360025,Serviceable,false,
360030,Serviceable,false,
360035,Serviceable,false,
360040,Serviceable,false,
360050,Serviceable,false,
360055,Serviceable,false,
360060,Serviceable,false,
360070,Serviceable,false,
360080,Serviceable,false,
360110,Serviceable,false,
360311,Serviceable,false,
360320,Serviceable,false,
360330,Serviceable,false,
360335,Serviceable,false,
360360,Serviceable,false,
360370,Serviceable,false,
360375,Serviceable,false,
360380,Serviceable,false,
360405,Serviceable,false,
360410,Serviceable,false,
360411,Serviceable,false,
360421,Serviceable,false,
360430,Serviceable,false,
360440,Serviceable,false,
360450,Serviceable,false,
360452,Serviceable,false,
360460,Serviceable,false,
360470,Serviceable,false,
360480,Serviceable,false,
360490,Serviceable,false,
360510,Serviceable,false,
360515,Serviceable,false,
360530,Serviceable,false,
360531,Serviceable,false,
360540,Serviceable,false,
360545,Serviceable,false,
360550,Serviceable,false,
360560,Serviceable,false,
360570,Serviceable,false,
360571,Serviceable,false,
360575,Serviceable,false,
360576,Serviceable,false,
360577,Serviceable,false,
360578,Serviceable,false,
360579,Serviceable,false,
360583,Serviceable,false,
360585,Serviceable,false,
360590,Serviceable,false,
361001,Serviceable,false,
361002,Serviceable,false,
361004,Serviceable,false,
361005,Serviceable,false,
361006,Serviceable,false,
361008,Serviceable,false,
361010,Serviceable,false,
361012,Serviceable,false,
361013,Serviceable,false,
361110,Serviceable,false,
361120,Serviceable,false,
361130,Serviceable,false,
361140,Serviceable,false,
361141,Serviceable,false,
361160,Serviceable,false,
361162,Serviceable,false,
361170,Serviceable,false,
361220,Serviceable,false,
361230,Serviceable,false,
361250,Serviceable,false,
361280,Serviceable,false,
361305,Serviceable,false,
361306,Serviceable,false,
361310,Serviceable,false,
361315,Serviceable,false,
361320,Serviceable,false,
361325,Serviceable,false,
361330,Serviceable,false,
361335,Serviceable,false,
361345,Serviceable,false,
361347,Serviceable,false,
361350,Serviceable,false,
362001,Serviceable,false,
362002,Serviceable,false,
362003,Serviceable,false,
362004,Serviceable,false,
362011,Serviceable,false,
362012,Serviceable,false,
362013,Serviceable,false,
362014,Serviceable,false,
362015,Serviceable,false,
362020,Serviceable,false,
362021,Serviceable,false,
362030,Serviceable,false,
362036,Serviceable,false,
362037,Serviceable,false,
362110,Serviceable,false,
362111,Serviceable,false,
362120,Serviceable,false,
362130,Serviceable,false,
362132,Serviceable,false,
362133,Serviceable,false,
362135,Serviceable,false,
362136,Serviceable,false,
362140,Serviceable,false,
362142,Serviceable,false,
362150,Serviceable,false,
362151,Serviceable,false,
362152,Serviceable,false,
362155,Serviceable,false,
362168,Serviceable,false,
362205,Serviceable,false,
362215,Serviceable,false,
362221,Serviceable,false,
362222,Serviceable,false,
362223,Serviceable,false,
362224,Serviceable,false,
362225,Serviceable,false,
362227,Serviceable,false,
362228,Serviceable,false,
362229,Serviceable,false,
362230,Serviceable,false,
362235,Serviceable,false,
362240,Serviceable,false,
362242,Serviceable,false,
362245,Serviceable,false,
362246,Serviceable,false,
362247,Serviceable,false,
362248,Serviceable,false,
362250,Serviceable,false,
362255,Serviceable,false,
362257,Serviceable,false,
362258,Serviceable,false,
362259,Serviceable,false,
362260,Serviceable,false,
362263,Serviceable,false,
362265,Serviceable,false,
362266,Serviceable,false,
362268,Serviceable,false,
362269,Serviceable,false,
362271,Serviceable,false,
362275,Serviceable,false,
362276,Serviceable,false,
362278,Serviceable,false,
362340,Serviceable,false,
362510,Serviceable,false,
362515,Serviceable,false,
362530,Serviceable,false,
362550,Serviceable,false,
362552,Serviceable,false,
362560,Serviceable,false,
362565,Serviceable,false,
362610,Serviceable,false,
362615,Serviceable,false,
362620,Serviceable,false,
362621,Serviceable,false,
362623,Serviceable,false,
362624,Serviceable,false,
362625,Serviceable,false,
362626,Serviceable,false,
362627,Serviceable,false,
362630,Serviceable,false,
362633,Serviceable,false,
362634,Serviceable,false,
362640,Serviceable,false,
362650,Serviceable,false,
362652,Serviceable,false,
362653,Serviceable,false,
362720,Serviceable,false,
362721,Serviceable,false,
362725,Serviceable,false,
362726,Serviceable,false,
362730,Serviceable,false,
362733,Serviceable,false,
363002,Serviceable,false,
363020,Serviceable,false,
363030,Serviceable,false,
363035,Serviceable,false,
363040,Serviceable,false,
363110,Serviceable,false,
363115,Serviceable,false,
363310,Serviceable,false,
363320,Serviceable,false,
363330,Serviceable,false,
363351,Serviceable,false,
363415,Serviceable,false,
363423,Serviceable,false,
363425,Serviceable,false,
363435,Serviceable,false,
363510,Serviceable,false,
363520,Serviceable,false,
363610,Serviceable,false,
363621,Serviceable,false,
363622,Serviceable,false,
363630,Serviceable,false,
363635,Serviceable,false,
363636,Serviceable,false,
363641,Serviceable,false,
363642,Serviceable,false,
363650,Serviceable,false,
363660,Serviceable,false,
363670,Serviceable,false,
364002,Serviceable,false,
364003,Serviceable,false,
364004,Serviceable,false,
364005,Serviceable,false,
364006,Serviceable,false,
364022,Serviceable,false,
364050,Serviceable,false,
364055,Serviceable,false,
364060,Serviceable,false,
364061,Serviceable,false,
364070,Serviceable,false,
364071,Serviceable,false,
364081,Serviceable,false,
364110,Serviceable,false,
364120,Serviceable,false,
364130,Serviceable,false,
364131,Serviceable,false,
364135,Serviceable,false,
364140,Serviceable,false,
364145,Serviceable,false,
364146,Serviceable,false,
364150,Serviceable,false,
364151,Serviceable,false,
364210,Serviceable,false,
364215,Serviceable,false,
364225,Serviceable,false,
364230,Serviceable,false,
364231,Serviceable,false,
364240,Serviceable,false,
364241,Serviceable,false,
364245,Serviceable,false,
364250,Serviceable,false,
364260,Serviceable,false,
364262,Serviceable,false,
364265,Serviceable,false,
364270,Serviceable,false,
364275,Serviceable,false,
364280,Serviceable,false,
364290,Serviceable,false,
364295,Serviceable,false,
364296,Serviceable,false,
364298,Serviceable,false,
364310,Serviceable,false,
364311,Serviceable,false,
364312,Serviceable,false,
364313,Serviceable,false,
364315,Serviceable,false,
364320,Serviceable,false,
364330,Serviceable,false,
364335,Serviceable,false,
364365,Serviceable,false,
364410,Serviceable,false,
364421,Serviceable,false,
364465,Serviceable,false,
364470,Serviceable,false,
364485,Serviceable,false,
364490,Serviceable,false,
364505,Serviceable,false,
364507,Serviceable,false,
364508,Serviceable,false,
364510,Serviceable,false,
364517,Serviceable,false,
364518,Serviceable,false,
364519,Serviceable,false,
364522,Serviceable,false,
364523,Serviceable,false,
364524,Serviceable,false,
364525,Serviceable,false,
364526,Serviceable,false,
364530,Serviceable,false,
364561,Serviceable,false,
364710,Serviceable,false,
364712,Serviceable,false,
364713,Serviceable,false,
364720,Serviceable,false,
364730,Serviceable,false,
364740,Serviceable,false,
364741,Serviceable,false,
364750,Serviceable,false,
364760,Serviceable,false,
364765,Serviceable,false,
365220,Serviceable,false,
365410,Serviceable,false,
365421,Serviceable,false,
365430,Serviceable,false,
365440,Serviceable,false,
365450,Serviceable,false,
365460,Serviceable,false,
365480,Serviceable,false,
365535,Serviceable,false,
365540,Serviceable,false,
365541,Serviceable,false,
365550,Serviceable,false,
365560,Serviceable,false,
365610,Serviceable,false,
365620,Serviceable,false,
365630,Serviceable,false,
365640,Serviceable,false,
365650,Serviceable,false,
365660,Serviceable,false,
365665,Serviceable,false,
370001,Serviceable,false,
370007,Serviceable,false,
370061,Serviceable,false,
370110,Serviceable,false,
370132,Serviceable,false,
370141,Serviceable,false,
370146,Serviceable,false,
370147,Serviceable,false,
370156,Serviceable,false,
370157,Serviceable,false,
370168,Serviceable,false,
370169,Serviceable,false,
370170,Serviceable,false,
370201,Serviceable,false,
370429,Serviceable,false,
370440,Serviceable,false,
370471,Serviceable,false,
370472,Serviceable,false,
370515,Serviceable,false,
370635,Serviceable,false,
380001,Serviceable,false,
380002,Serviceable,false,
380003,Serviceable,false,
380004,Serviceable,false,
380005,Serviceable,false,
380006,Serviceable,false,
380007,Serviceable,false,
380009,Serviceable,false,
380010,Serviceable,false,
380012,Serviceable,false,
380013,Serviceable,false,
380014,Serviceable,false,
380015,Serviceable,false,
380016,Serviceable,false,
380018,Serviceable,false,
380019,Serviceable,false,
380021,Serviceable,false,
380022,Serviceable,false,
380024,Serviceable,false,
380025,Serviceable,false,
380026,Serviceable,false,
380027,Serviceable,false,
380028,Serviceable,false,
380050,Serviceable,false,
380051,Serviceable,false,
380052,Serviceable,false,
380053,Serviceable,false,
380054,Serviceable,false,
380055,Serviceable,false,
380058,Serviceable,false,
380059,Serviceable,false,
380060,Serviceable,false,
380061,Serviceable,false,
380063,Serviceable,false,
382002,Serviceable,false,
382003,Serviceable,false,
382006,Serviceable,false,
382007,Serviceable,false,
382008,Serviceable,false,
382009,Serviceable,false,
382010,Serviceable,false,
382011,Serviceable,false,
382012,Serviceable,false,
382013,Serviceable,false,
382016,Serviceable,false,
382017,Serviceable,false,
382019,Serviceable,false,
382020,Serviceable,false,
382021,Serviceable,false,
382022,Serviceable,false,
382023,Serviceable,false,
382024,Serviceable,false,
382025,Serviceable,false,
382026,Serviceable,false,
382027,Serviceable,false,
382028,Serviceable,false,
382029,Serviceable,false,
382030,Serviceable,false,
382041,Serviceable,false,
382042,Serviceable,false,
382043,Serviceable,false,
382051,Serviceable,false,
382110,Serviceable,false,
382115,Serviceable,false,
382130,Serviceable,false,
382140,Serviceable,false,
382145,Serviceable,false,
382155,Serviceable,false,
382160,Serviceable,false,
382165,Serviceable,false,
382166,Serviceable,false,
382170,Serviceable,false,
382210,Serviceable,false,
382213,Serviceable,false,
382220,Serviceable,false,
382225,Serviceable,false,
382230,Serviceable,false,
382240,Serviceable,false,
382245,Serviceable,false,
382250,Serviceable,false,
382255,Serviceable,false,
382260,Serviceable,false,
382265,Serviceable,false,
382270,Serviceable,false,
382276,Serviceable,false,
382305,Serviceable,false,
382308,Serviceable,false,
382310,Serviceable,false,
382315,Serviceable,false,
382320,Serviceable,false,
382321,Serviceable,false,
382325,Serviceable,false,
382327,Serviceable,false,
382330,Serviceable,false,
382345,Serviceable,false,
382346,Serviceable,false,
382350,Serviceable,false,
382352,Serviceable,false,
382355,Serviceable,false,
382405,Serviceable,false,
382410,Serviceable,false,
382415,Serviceable,false,
382421,Serviceable,false,
382422,Serviceable,false,
382423,Serviceable,false,
382424,Serviceable,false,
382425,Serviceable,false,
382426,Serviceable,false,
382427,Serviceable,false,
382428,Serviceable,false,
382430,Serviceable,false,
382433,Serviceable,false,
382434,Serviceable,false,
382435,Serviceable,false,
382440,Serviceable,false,
382443,Serviceable,false,
382445,Serviceable,false,
382449,Serviceable,false,
382450,Serviceable,false,
382451,Serviceable,false,
382455,Serviceable,false,
382460,Serviceable,false,
382463,Serviceable,false,
382465,Serviceable,false,
382470,Serviceable,false,
382475,Serviceable,false,
382480,Serviceable,false,
382610,Serviceable,false,
382620,Serviceable,false,
382630,Serviceable,false,
382640,Serviceable,false,
382650,Serviceable,false,
382655,Serviceable,false,
382704,Serviceable,false,
382705,Serviceable,false,
382706,Serviceable,false,
382707,Serviceable,false,
382710,Serviceable,false,
382711,Serviceable,false,
382713,Serviceable,false,
382715,Serviceable,false,
382716,Serviceable,false,
382718,Serviceable,false,
382719,Serviceable,false,
382726,Serviceable,false,
382727,Serviceable,false,
382728,Serviceable,false,
382729,Serviceable,false,
382730,Serviceable,false,
382732,Serviceable,false,
382733,Serviceable,false,
382735,Serviceable,false,
382736,Serviceable,false,
382737,Serviceable,false,
382739,Serviceable,false,
382740,Serviceable,false,
382741,Serviceable,false,
382742,Serviceable,false,
382743,Serviceable,false,
382745,Serviceable,false,
382750,Serviceable,false,
382760,Serviceable,false,
382765,Serviceable,false,
382775,Serviceable,false,
382805,Serviceable,false,
382806,Serviceable,false,
382810,Serviceable,false,
382815,Serviceable,false,
382816,Serviceable,false,
382820,Serviceable,false,
382823,Serviceable,false,
382825,Serviceable,false,
382826,Serviceable,false,
382830,Serviceable,false,
382831,Serviceable,false,
382835,Serviceable,false,
382836,Serviceable,false,
382840,Serviceable,false,
382845,Serviceable,false,
382850,Serviceable,false,
382855,Serviceable,false,
382856,Serviceable,false,
382857,Serviceable,false,
382860,Serviceable,false,
382861,Serviceable,false,
382863,Serviceable,false,
382865,Serviceable,false,
382867,Serviceable,false,
382870,Serviceable,false,
382871,Serviceable,false,
382875,Serviceable,false,
382880,Serviceable,false,
383307,Serviceable,false,
383325,Serviceable,false,
383327,Serviceable,false,
383331,Serviceable,false,
383332,Serviceable,false,
383750,Serviceable,false,
383781,Serviceable,false,
384001,Serviceable,false,
384002,Serviceable,false,
384003,Serviceable,false,
384011,Serviceable,false,
384111,Serviceable,false,
384120,Serviceable,false,
384121,Serviceable,false,
384122,Serviceable,false,
384130,Serviceable,false,
384131,Serviceable,false,
384132,Serviceable,false,
384133,Serviceable,false,
384140,Serviceable,false,
384151,Serviceable,false,
384152,Serviceable,false,
384153,Serviceable,false,
384154,Serviceable,false,
384160,Serviceable,false,
384170,Serviceable,false,
384171,Serviceable,false,
384172,Serviceable,false,
384174,Serviceable,false,
384175,Serviceable,false,
384178,Serviceable,false,
384205,Serviceable,false,
384206,Serviceable,false,
384207,Serviceable,false,
384210,Serviceable,false,
384211,Serviceable,false,
384212,Serviceable,false,
384213,Serviceable,false,
384215,Serviceable,false,
384220,Serviceable,false,
384222,Serviceable,false,
384225,Serviceable,false,
384226,Serviceable,false,
384228,Serviceable,false,
384229,Serviceable,false,
384230,Serviceable,false,
384231,Serviceable,false,
384235,Serviceable,false,
384240,Serviceable,false,
384242,Serviceable,false,
384246,Serviceable,false,
384247,Serviceable,false,
384250,Serviceable,false,
384255,Serviceable,false,
384257,Serviceable,false,
384260,Serviceable,false,
384261,Serviceable,false,
384265,Serviceable,false,
384270,Serviceable,false,
384272,Serviceable,false,
384273,Serviceable,false,
384275,Serviceable,false,
384280,Serviceable,false,
384290,Serviceable,false,
384291,Serviceable,false,
384292,Serviceable,false,
384305,Serviceable,false,
384311,Serviceable,false,
384315,Serviceable,false,
384318,Serviceable,false,
384319,Serviceable,false,
384320,Serviceable,false,
384321,Serviceable,false,
384323,Serviceable,false,
384325,Serviceable,false,
384327,Serviceable,false,
384329,Serviceable,false,
384330,Serviceable,false,
384335,Serviceable,false,
384340,Serviceable,false,
384345,Serviceable,false,
384350,Serviceable,false,
384355,Serviceable,false,
384360,Serviceable,false,
384365,Serviceable,false,
384370,Serviceable,false,
384375,Serviceable,false,
384380,Serviceable,false,
384385,Serviceable,false,
384410,Serviceable,false,
384411,Serviceable,false,
384421,Serviceable,false,
384430,Serviceable,false,
384435,Serviceable,false,
384513,Serviceable,false,
385001,Serviceable,false,
385002,Serviceable,false,
385011,Serviceable,false,
385111,Serviceable,false,
385112,Serviceable,false,
385215,Serviceable,false,
385315,Serviceable,false,
385326,Serviceable,false,
385340,Serviceable,false,
385350,Serviceable,false,
385360,Serviceable,false,
385420,Serviceable,false,
385516,Serviceable,false,
385517,Serviceable,false,
385518,Serviceable,false,
385519,Serviceable,false,
385522,Serviceable,false,
385525,Serviceable,false,
385526,Serviceable,false,
385531,Serviceable,false,
385533,Serviceable,false,
385535,Serviceable,false,
385541,Serviceable,false,
385542,Serviceable,false,
385543,Serviceable,false,
385546,Serviceable,false,
385554,Serviceable,false,
385571,Serviceable,false,
385580,Serviceable,false,
385585,Serviceable,false,
385586,Serviceable,false,
385595,Serviceable,false,
386070,Serviceable,false,
387002,Serviceable,false,
387210,Serviceable,false,
387240,Serviceable,false,
387310,Serviceable,false,
387710,Serviceable,false,
387810,Serviceable,false,
388001,Serviceable,false,
388110,Serviceable,false,
388120,Serviceable,false,
388130,Serviceable,false,
388131,Serviceable,false,
388132,Serviceable,false,
388150,Serviceable,false,
388160,Serviceable,false,
388170,Serviceable,false,
388180,Serviceable,false,
388205,Serviceable,false,
388210,Serviceable,false,
388211,Serviceable,false,
388215,Serviceable,false,
388216,Serviceable,false,
388220,Serviceable,false,
388225,Serviceable,false,
388235,Serviceable,false,
388262,Serviceable,false,
388305,Serviceable,false,
388306,Serviceable,false,
388307,Serviceable,false,
388308,Serviceable,false,
388310,Serviceable,false,
388315,Serviceable,false,
388320,Serviceable,false,
388325,Serviceable,false,
388330,Serviceable,false,
388335,Serviceable,false,
388336,Serviceable,false,
388340,Serviceable,false,
388345,Serviceable,false,
388350,Serviceable,false,
388355,Serviceable,false,
388360,Serviceable,false,
388365,Serviceable,false,
388370,Serviceable,false,
388390,Serviceable,false,
388425,Serviceable,false,
388430,Serviceable,false,
388440,Serviceable,false,
388450,Serviceable,false,
388460,Serviceable,false,
388461,Serviceable,false,
388465,Serviceable,false,
388470,Serviceable,false,
388480,Serviceable,false,
388510,Serviceable,false,
388520,Serviceable,false,
388530,Serviceable,false,
388540,Serviceable,false,
388543,Serviceable,false,
388544,Serviceable,false,
388545,Serviceable,false,
388550,Serviceable,false,
388555,Serviceable,false,
388560,Serviceable,false,
388570,Serviceable,false,
388580,Serviceable,false,
388590,Serviceable,false,
388610,Serviceable,false,
388620,Serviceable,false,
388625,Serviceable,false,
388630,Serviceable,false,
388640,Serviceable,false,
388641,Serviceable,false,
389001,Serviceable,false,
389140,Serviceable,false,
389151,Serviceable,false,
389154,Serviceable,false,
389160,Serviceable,false,
389170,Serviceable,false,
389180,Serviceable,false,
389190,Serviceable,false,
389348,Serviceable,false,
389350,Serviceable,false,
389380,Serviceable,false,
390001,Serviceable,false,
390002,Serviceable,false,
390003,Serviceable,false,
390004,Serviceable,false,
390006,Serviceable,false,
390007,Serviceable,false,
390008,Serviceable,false,
390009,Serviceable,false,
390010,Serviceable,false,
390011,Serviceable,false,
390012,Serviceable,false,
390013,Serviceable,false,
390014,Serviceable,false,
390016,Serviceable,false,
390017,Serviceable,false,
390018,Serviceable,false,
390019,Serviceable,false,
390020,Serviceable,false,
390021,Serviceable,false,
390022,Serviceable,false,
390023,Serviceable,false,
390024,Serviceable,false,
390025,Serviceable,false,
391101,Serviceable,false,
391105,Serviceable,false,
391107,Serviceable,false,
391110,Serviceable,false,
391115,Serviceable,false,
391125,Serviceable,false,
391130,Serviceable,false,
391135,Serviceable,false,
391140,Serviceable,false,
391150,Serviceable,false,
391152,Serviceable,false,
391156,Serviceable,false,
391160,Serviceable,false,
391168,Serviceable,false,
391170,Serviceable,false,
391210,Serviceable,false,
391220,Serviceable,false,
391240,Serviceable,false,
391243,Serviceable,false,
391244,Serviceable,false,
391250,Serviceable,false,
391310,Serviceable,false,
391330,Serviceable,false,
391340,Serviceable,false,
391346,Serviceable,false,
391350,Serviceable,false,
391410,Serviceable,false,
391421,Serviceable,false,
391430,Serviceable,false,
391440,Serviceable,false,
391445,Serviceable,false,
391450,Serviceable,false,
391510,Serviceable,false,
391520,Serviceable,false,
391530,Serviceable,false,
391740,Serviceable,false,
391745,Serviceable,false,
391750,Serviceable,false,
391760,Serviceable,false,
391761,Serviceable,false,
391770,Serviceable,false,
391774,Serviceable,false,
391775,Serviceable,false,
391780,Serviceable,false,
391810,Serviceable,false,
392001,Serviceable,false,
392011,Serviceable,false,
392012,Serviceable,false,
392015,Serviceable,false,
392020,Serviceable,false,
392030,Serviceable,false,
392035,Serviceable,false,
392110,Serviceable,false,
392115,Serviceable,false,
392130,Serviceable,false,
392140,Serviceable,false,
392155,Serviceable,false,
392160,Serviceable,false,
392165,Serviceable,false,
392170,Serviceable,false,
392210,Serviceable,false,
392215,Serviceable,false,
392220,Serviceable,false,
392230,Serviceable,false,
392240,Serviceable,false,
392310,Serviceable,false,
393001,Serviceable,false,
393002,Serviceable,false,
393020,Serviceable,false,
393025,Serviceable,false,
393030,Serviceable,false,
393040,Serviceable,false,
393041,Serviceable,false,
393105,Serviceable,false,
393110,Serviceable,false,
393115,Serviceable,false,
393125,Serviceable,false,
393130,Serviceable,false,
394105,Serviceable,false,
394107,Serviceable,false,
394110,Serviceable,false,
394111,Serviceable,false,
394115,Serviceable,false,
394116,Serviceable,false,
394125,Serviceable,false,
394130,Serviceable,false,
394140,Serviceable,false,
394155,Serviceable,false,
394160,Serviceable,false,
394170,Serviceable,false,
394190,Serviceable,false,
394210,Serviceable,false,
394220,Serviceable,false,
394230,Serviceable,false,
394240,Serviceable,false,
394245,Serviceable,false,
394246,Serviceable,false,
394248,Serviceable,false,
394250,Serviceable,false,
394310,Serviceable,false,
394315,Serviceable,false,
394320,Serviceable,false,
394326,Serviceable,false,
394330,Serviceable,false,
394335,Serviceable,false,
394340,Serviceable,false,
394345,Serviceable,false,
394350,Serviceable,false,
394352,Serviceable,false,
394360,Serviceable,false,
394370,Serviceable,false,
394405,Serviceable,false,
394421,Serviceable,false,
394440,Serviceable,false,
394445,Serviceable,false,
394510,Serviceable,false,
394515,Serviceable,false,
394517,Serviceable,false,
394520,Serviceable,false,
394540,Serviceable,false,
394550,Serviceable,false,
394635,Serviceable,false,
394650,Serviceable,false,
394660,Serviceable,false,
394670,Serviceable,false,
394690,Serviceable,false,
394730,Serviceable,false,
395002,Serviceable,false,
395003,Serviceable,false,
395004,Serviceable,false,
395005,Serviceable,false,
395006,Serviceable,false,
395007,Serviceable,false,
395009,Serviceable,false,
395010,Serviceable,false,
395012,Serviceable,false,
395023,Serviceable,false,
395345,Serviceable,false,
395620,Serviceable,false,
396001,Serviceable,false,
396002,Serviceable,false,
396007,Serviceable,false,
396030,Serviceable,false,
396045,Serviceable,false,
396050,Serviceable,false,
396055,Serviceable,false,
396060,Serviceable,false,
396065,Serviceable,false,
396105,Serviceable,false,
396110,Serviceable,false,
396120,Serviceable,false,
396125,Serviceable,false,
396126,Serviceable,false,
396130,Serviceable,false,
396135,Serviceable,false,
396140,Serviceable,false,
396155,Serviceable,false,
396165,Serviceable,false,
396170,Serviceable,false,
396171,Serviceable,false,
396180,Serviceable,false,
396185,Serviceable,false,
396191,Serviceable,false,
396195,Serviceable,false,
396215,Serviceable,false,
396220,Serviceable,false,
396230,Serviceable,false,
396325,Serviceable,false,
396350,Serviceable,false,
396360,Serviceable,false,
396370,Serviceable,false,
396375,Serviceable,false,
396380,Serviceable,false,
396385,Serviceable,false,
396403,Serviceable,false,
396406,Serviceable,false,
396409,Serviceable,false,
396412,Serviceable,false,
396421,Serviceable,false,
396424,Serviceable,false,
396427,Serviceable,false,
396436,Serviceable,false,
396445,Serviceable,false,
396460,Serviceable,false,
396463,Serviceable,false,
396466,Serviceable,false,
396469,Serviceable,false,
396472,Serviceable,false,
396475,Serviceable,false,
396510,Serviceable,false,
396560,Serviceable,false,
396570,Serviceable,false,
396580,Serviceable,false,
396590,Serviceable,false,
400001,Serviceable,false,
400002,Serviceable,false,
400004,Serviceable,false,
400005,Serviceable,false,
400006,Serviceable,false,
400007,Serviceable,false,
400008,Serviceable,false,
400009,Serviceable,false,
400010,Serviceable,false,
400011,Serviceable,false,
400012,Serviceable,false,
400013,Serviceable,false,
400014,Serviceable,false,
400015,Serviceable,false,
400016,Serviceable,false,
400018,Serviceable,false,
400019,Serviceable,false,
400020,Serviceable,false,
400021,Serviceable,false,
400022,Serviceable,false,
400023,Serviceable,false,
400024,Serviceable,false,
400025,Serviceable,false,
400026,Serviceable,false,
400027,Serviceable,false,
400028,Serviceable,false,
400029,Serviceable,false,
400030,Serviceable,false,
400031,Serviceable,false,
400033,Serviceable,false,
400034,Serviceable,false,
400035,Serviceable,false,
400036,Serviceable,false,
400037,Serviceable,false,
400038,Serviceable,false,
400039,Serviceable,false,
400040,Serviceable,false,
400042,Serviceable,false,
400043,Serviceable,false,
400046,Serviceable,false,
400048,Serviceable,false,
400049,Serviceable,false,
400050,Serviceable,false,
400052,Serviceable,false,
400053,Serviceable,false,
400054,Serviceable,false,
400055,Serviceable,false,
400056,Serviceable,false,
400057,Serviceable,false,
400058,Serviceable,false,
400059,Serviceable,false,
400060,Serviceable,false,
400061,Serviceable,false,
400062,Serviceable,false,
400063,Serviceable,false,
400064,Serviceable,false,
400065,Serviceable,false,
400066,Serviceable,false,
400067,Serviceable,false,
400068,Serviceable,false,
400069,Serviceable,false,
400070,Serviceable,false,
400071,Serviceable,false,
400072,Serviceable,false,
400074,Serviceable,false,
400075,Serviceable,false,
400076,Serviceable,false,
400077,Serviceable,false,
400078,Serviceable,false,
400079,Serviceable,false,
400080,Serviceable,false,
400081,Serviceable,false,
400082,Serviceable,false,
400083,Serviceable,false,
400084,Serviceable,false,
400086,Serviceable,false,
400087,Serviceable,false,
400088,Serviceable,false,
400089,Serviceable,false,
400090,Serviceable,false,
400091,Serviceable,false,
400092,Serviceable,false,
400093,Serviceable,false,
400094,Serviceable,false,
400095,Serviceable,false,
400097,Serviceable,false,
400098,Serviceable,false,
400099,Serviceable,false,
400101,Serviceable,false,
400102,Serviceable,false,
400103,Serviceable,false,
400104,Serviceable,false,
400105,Serviceable,false,
400125,Serviceable,false,
400547,Serviceable,false,
400601,Serviceable,false,
400603,Serviceable,false,
400604,Serviceable,false,
400605,Serviceable,false,
400606,Serviceable,false,
400607,Serviceable,false,
400608,Serviceable,false,
400610,Serviceable,false,
400612,Serviceable,false,
400614,Serviceable,false,
400615,Serviceable,false,
400701,Serviceable,false,
400702,Serviceable,false,
400703,Serviceable,false,
400704,Serviceable,false,
400705,Serviceable,false,
400706,Serviceable,false,
400708,Serviceable,false,
400709,Serviceable,false,
400710,Serviceable,false,
401101,Serviceable,false,
401105,Serviceable,false,
401106,Serviceable,false,
401107,Serviceable,false,
401201,Serviceable,false,
401202,Serviceable,false,
401203,Serviceable,false,
401204,Serviceable,false,
401207,Serviceable,false,
401208,Serviceable,false,
401209,Serviceable,false,
401301,Serviceable,false,
401303,Serviceable,false,
401304,Serviceable,false,
401305,Serviceable,false,
401401,Serviceable,false,
401402,Serviceable,false,
401403,Serviceable,false,
401404,Serviceable,false,
401405,Serviceable,false,
401501,Serviceable,false,
401502,Serviceable,false,
401503,Serviceable,false,
401504,Serviceable,false,
401506,Serviceable,false,
401601,Serviceable,false,
401602,Serviceable,false,
401605,Serviceable,false,
401701,Serviceable,false,
402103,Serviceable,false,
402106,Serviceable,false,
402107,Serviceable,false,
402108,Serviceable,false,
402120,Serviceable,false,
402201,Serviceable,false,
402202,Serviceable,false,
402304,Serviceable,false,
402305,Serviceable,false,
402306,Serviceable,false,
402309,Serviceable,false,
402401,Serviceable,false,
402403,Serviceable,false,
410101,Serviceable,false,
410201,Serviceable,false,
410202,Serviceable,false,
410203,Serviceable,false,
410204,Serviceable,false,
410205,Serviceable,false,
410206,Serviceable,false,
410210,Serviceable,false,
410218,Serviceable,false,
410220,Serviceable,false,
410221,Serviceable,false,
410222,Serviceable,false,
410301,Serviceable,false,
410302,Serviceable,false,
410401,Serviceable,false,
410403,Serviceable,false,
410405,Serviceable,false,
410406,Serviceable,false,
410408,Serviceable,false,
410410,Serviceable,false,
410502,Serviceable,false,
410503,Serviceable,false,
410504,Serviceable,false,
410505,Serviceable,false,
410506,Serviceable,false,
410507,Serviceable,false,
410508,Serviceable,false,
410509,Serviceable,false,
410510,Serviceable,false,
410511,Serviceable,false,
410512,Serviceable,false,
410513,Serviceable,false,
410514,Serviceable,false,
410515,Serviceable,false,
410516,Serviceable,false,
411001,Serviceable,false,
411002,Serviceable,false,
411003,Serviceable,false,
411004,Serviceable,false,
411005,Serviceable,false,
411006,Serviceable,false,
411007,Serviceable,false,
411008,Serviceable,false,
411009,Serviceable,false,
411010,Serviceable,false,
411011,Serviceable,false,
411012,Serviceable,false,
411013,Serviceable,false,
411014,Serviceable,false,
411015,Serviceable,false,
411016,Serviceable,false,
411017,Serviceable,false,
411018,Serviceable,false,
411019,Serviceable,false,
411020,Serviceable,false,
411021,Serviceable,false,
411022,Serviceable,false,
411023,Serviceable,false,
411024,Serviceable,false,
411025,Serviceable,false,
411026,Serviceable,false,
411027,Serviceable,false,
411028,Serviceable,false,
411029,Serviceable,false,
411030,Serviceable,false,
411031,Serviceable,false,
411032,Serviceable,false,
411033,Serviceable,false,
411034,Serviceable,false,
411035,Serviceable,false,
411036,Serviceable,false,
411037,Serviceable,false,
411038,Serviceable,false,
411039,Serviceable,false,
411040,Serviceable,false,
411041,Serviceable,false,
411042,Serviceable,false,
411043,Serviceable,false,
411044,Serviceable,false,
411045,Serviceable,false,
411046,Serviceable,false,
411047,Serviceable,false,
411048,Serviceable,false,
411051,Serviceable,false,
411052,Serviceable,false,
411057,Serviceable,false,
411058,Serviceable,false,
411060,Serviceable,false,
411061,Serviceable,false,
411062,Serviceable,false,
411068,Serviceable,false,
411105,Serviceable,false,
411125,Serviceable,false,
411925,Serviceable,false,
412002,Serviceable,false,
412005,Serviceable,false,
412014,Serviceable,false,
412101,Serviceable,false,
412102,Serviceable,false,
412103,Serviceable,false,
412104,Serviceable,false,
412105,Serviceable,false,
412106,Serviceable,false,
412107,Serviceable,false,
412108,Serviceable,false,
412109,Serviceable,false,
412110,Serviceable,false,
412111,Serviceable,false,
412112,Serviceable,false,
412113,Serviceable,false,
412114,Serviceable,false,
412115,Serviceable,false,
412201,Serviceable,false,
412202,Serviceable,false,
412203,Serviceable,false,
412204,Serviceable,false,
412205,Serviceable,false,
412206,Serviceable,false,
412207,Serviceable,false,
412208,Serviceable,false,
412209,Serviceable,false,
412210,Serviceable,false,
412211,Serviceable,false,
412212,Serviceable,false,
412213,Serviceable,false,
412214,Serviceable,false,
412215,Serviceable,false,
412216,Serviceable,false,
412217,Serviceable,false,
412218,Serviceable,false,
412219,Serviceable,false,
412220,Serviceable,false,
412292,Serviceable,false,
412301,Serviceable,false,
412302,Serviceable,false,
412303,Serviceable,false,
412304,Serviceable,false,
412305,Serviceable,false,
412306,Serviceable,false,
412307,Serviceable,false,
412308,Serviceable,false,
412309,Serviceable,false,
412310,Serviceable,false,
412311,Serviceable,false,
412312,Serviceable,false,
412401,Serviceable,false,
412402,Serviceable,false,
412403,Serviceable,false,
412404,Serviceable,false,
412405,Serviceable,false,
412406,Serviceable,false,
412407,Serviceable,false,
412408,Serviceable,false,
412409,Serviceable,false,
412410,Serviceable,false,
412411,Serviceable,false,
412412,Serviceable,false,
412413,Serviceable,false,
412415,Serviceable,false,
412509,Serviceable,false,
412801,Serviceable,false,
412802,Serviceable,false,
412803,Serviceable,false,
412804,Serviceable,false,
412805,Serviceable,false,
412806,Serviceable,false,
413001,Serviceable,false,
413002,Serviceable,false,
413003,Serviceable,false,
413004,Serviceable,false,
413005,Serviceable,false,
413006,Serviceable,false,
413007,Serviceable,false,
413008,Serviceable,false,
413101,Serviceable,false,
413102,Serviceable,false,
413103,Serviceable,false,
413104,Serviceable,false,
413105,Serviceable,false,
413106,Serviceable,false,
413107,Serviceable,false,
413108,Serviceable,false,
413109,Serviceable,false,
413110,Serviceable,false,
413111,Serviceable,false,
413112,Serviceable,false,
413113,Serviceable,false,
413114,Serviceable,false,
413115,Serviceable,false,
413116,Serviceable,false,
413117,Serviceable,false,
413118,Serviceable,false,
413120,Serviceable,false,
413121,Serviceable,false,
413122,Serviceable,false,
413124,Serviceable,false,
413125,Serviceable,false,
413128,Serviceable,false,
413130,Serviceable,false,
413132,Serviceable,false,
413133,Serviceable,false,
413201,Serviceable,false,
413202,Serviceable,false,
413203,Serviceable,false,
413204,Serviceable,false,
413206,Serviceable,false,
413207,Serviceable,false,
413208,Serviceable,false,
413209,Serviceable,false,
413210,Serviceable,false,
413211,Serviceable,false,
413212,Serviceable,false,
413213,Serviceable,false,
413214,Serviceable,false,
413215,Serviceable,false,
413216,Serviceable,false,
413217,Serviceable,false,
413218,Serviceable,false,
413219,Serviceable,false,
413220,Serviceable,false,
413221,Serviceable,false,
413222,Serviceable,false,
413223,Serviceable,false,
413224,Serviceable,false,
413225,Serviceable,false,
413226,Serviceable,false,
413227,Serviceable,false,
413228,Serviceable,false,
413229,Serviceable,false,
413230,Serviceable,false,
413231,Serviceable,false,
413232,Serviceable,false,
413233,Serviceable,false,
413234,Serviceable,false,
413235,Serviceable,false,
413237,Serviceable,false,
413240,Serviceable,false,
413241,Serviceable,false,
413242,Serviceable,false,
413243,Serviceable,false,
413244,Serviceable,false,
413245,Serviceable,false,
413246,Serviceable,false,
413248,Serviceable,false,
413250,Serviceable,false,
413251,Serviceable,false,
413252,Serviceable,false,
413253,Serviceable,false,
413255,Serviceable,false,
413301,Serviceable,false,
413302,Serviceable,false,
413303,Serviceable,false,
413304,Serviceable,false,
413305,Serviceable,false,
413306,Serviceable,false,
413307,Serviceable,false,
413308,Serviceable,false,
413309,Serviceable,false,
413310,Serviceable,false,
413311,Serviceable,false,
413312,Serviceable,false,
413313,Serviceable,false,
413314,Serviceable,false,
413315,Serviceable,false,
413316,Serviceable,false,
413317,Serviceable,false,
413319,Serviceable,false,
413322,Serviceable,false,
413324,Serviceable,false,
413401,Serviceable,false,
413402,Serviceable,false,
413403,Serviceable,false,
413404,Serviceable,false,
413405,Serviceable,false,
413406,Serviceable,false,
413409,Serviceable,false,
413410,Serviceable,false,
413411,Serviceable,false,
413412,Serviceable,false,
413416,Serviceable,false,
413504,Serviceable,false,
413505,Serviceable,false,
413506,Serviceable,false,
413507,Serviceable,false,
413508,Serviceable,false,
413509,Serviceable,false,
413510,Serviceable,false,
413511,Serviceable,false,
413512,Serviceable,false,
413513,Serviceable,false,
413514,Serviceable,false,
413515,Serviceable,false,
413518,Serviceable,false,
413519,Serviceable,false,
413520,Serviceable,false,
413521,Serviceable,false,
413523,Serviceable,false,
413525,Serviceable,false,
413526,Serviceable,false,
413527,Serviceable,false,
413528,Serviceable,false,
413529,Serviceable,false,
413530,Serviceable,false,
413531,Serviceable,false,
413532,Serviceable,false,
413534,Serviceable,false,
413544,Serviceable,false,
413575,Serviceable,false,
413601,Serviceable,false,
413602,Serviceable,false,
413603,Serviceable,false,
413604,Serviceable,false,
413605,Serviceable,false,
413607,Serviceable,false,
413608,Serviceable,false,
413624,Serviceable,false,
413701,Serviceable,false,
413702,Serviceable,false,
413704,Serviceable,false,
413705,Serviceable,false,
413706,Serviceable,false,
413707,Serviceable,false,
413708,Serviceable,false,
413709,Serviceable,false,
413710,Serviceable,false,
413711,Serviceable,false,
413713,Serviceable,false,
413714,Serviceable,false,
413715,Serviceable,false,
413718,Serviceable,false,
413719,Serviceable,false,
413720,Serviceable,false,
413721,Serviceable,false,
413722,Serviceable,false,
413726,Serviceable,false,
413728,Serviceable,false,
413736,Serviceable,false,
413738,Serviceable,false,
413801,Serviceable,false,
413802,Serviceable,false,
414001,Serviceable,false,
414002,Serviceable,false,
414003,Serviceable,false,
414005,Serviceable,false,
414006,Serviceable,false,
414101,Serviceable,false,
414102,Serviceable,false,
414103,Serviceable,false,
414105,Serviceable,false,
414106,Serviceable,false,
414111,Serviceable,false,
414113,Serviceable,false,
414201,Serviceable,false,
414202,Serviceable,false,
414203,Serviceable,false,
414204,Serviceable,false,
414205,Serviceable,false,
414208,Serviceable,false,
414301,Serviceable,false,
414302,Serviceable,false,
414303,Serviceable,false,
414304,Serviceable,false,
414305,Serviceable,false,
414306,Serviceable,false,
414307,Serviceable,false,
414401,Serviceable,false,
414402,Serviceable,false,
414403,Serviceable,false,
414501,Serviceable,false,
414503,Serviceable,false,
414601,Serviceable,false,
414602,Serviceable,false,
414603,Serviceable,false,
414605,Serviceable,false,
414607,Serviceable,false,
414609,Serviceable,false,
414701,Serviceable,false,
415001,Serviceable,false,
415002,Serviceable,false,
415003,Serviceable,false,
415004,Serviceable,false,
415010,Serviceable,false,
415011,Serviceable,false,
415012,Serviceable,false,
415013,Serviceable,false,
415014,Serviceable,false,
415015,Serviceable,false,
415017,Serviceable,false,
415019,Serviceable,false,
415020,Serviceable,false,
415021,Serviceable,false,
415022,Serviceable,false,
415023,Serviceable,false,
415101,Serviceable,false,
415102,Serviceable,false,
415103,Serviceable,false,
415104,Serviceable,false,
415105,Serviceable,false,
415106,Serviceable,false,
415107,Serviceable,false,
415108,Serviceable,false,
415109,Serviceable,false,
415110,Serviceable,false,
415111,Serviceable,false,
415112,Serviceable,false,
415114,Serviceable,false,
415115,Serviceable,false,
415116,Serviceable,false,
415118,Serviceable,false,
415120,Serviceable,false,
415122,Serviceable,false,
415124,Serviceable,false,
415203,Serviceable,false,
415205,Serviceable,false,
415206,Serviceable,false,
415207,Serviceable,false,
415209,Serviceable,false,
415210,Serviceable,false,
415211,Serviceable,false,
415212,Serviceable,false,
415302,Serviceable,false,
415303,Serviceable,false,
415304,Serviceable,false,
415305,Serviceable,false,
415306,Serviceable,false,
415307,Serviceable,false,
415308,Serviceable,false,
415309,Serviceable,false,
415310,Serviceable,false,
415311,Serviceable,false,
415312,Serviceable,false,
415313,Serviceable,false,
415315,Serviceable,false,
415401,Serviceable,false,
415402,Serviceable,false,
415403,Serviceable,false,
415404,Serviceable,false,
415405,Serviceable,false,
415406,Serviceable,false,
415407,Serviceable,false,
415408,Serviceable,false,
415409,Serviceable,false,
415410,Serviceable,false,
415411,Serviceable,false,
415412,Serviceable,false,
415413,Serviceable,false,
415414,Serviceable,false,
415415,Serviceable,false,
415501,Serviceable,false,
415502,Serviceable,false,
415503,Serviceable,false,
415504,Serviceable,false,
415505,Serviceable,false,
415506,Serviceable,false,
415507,Serviceable,false,
415508,Serviceable,false,
415509,Serviceable,false,
415510,Serviceable,false,
415511,Serviceable,false,
415512,Serviceable,false,
415514,Serviceable,false,
415515,Serviceable,false,
415516,Serviceable,false,
415517,Serviceable,false,
415518,Serviceable,false,
415519,Serviceable,false,
415520,Serviceable,false,
415521,Serviceable,false,
415522,Serviceable,false,
415523,Serviceable,false,
415524,Serviceable,false,
415525,Serviceable,false,
415526,Serviceable,false,
415527,Serviceable,false,
415528,Serviceable,false,
415530,Serviceable,false,
415531,Serviceable,false,
415532,Serviceable,false,
415536,Serviceable,false,
415537,Serviceable,false,
415538,Serviceable,false,
415539,Serviceable,false,
415540,Serviceable,false,
415602,Serviceable,false,
415603,Serviceable,false,
415604,Serviceable,false,
415605,Serviceable,false,
415606,Serviceable,false,
415608,Serviceable,false,
415609,Serviceable,false,
415610,Serviceable,false,
415612,Serviceable,false,
415616,Serviceable,false,
415620,Serviceable,false,
415621,Serviceable,false,
415628,Serviceable,false,
415637,Serviceable,false,
415639,Serviceable,false,
415640,Serviceable,false,
415702,Serviceable,false,
415703,Serviceable,false,
415710,Serviceable,false,
415712,Serviceable,false,
415713,Serviceable,false,
415716,Serviceable,false,
415722,Serviceable,false,
415724,Serviceable,false,
415727,Serviceable,false,
415801,Serviceable,false,
415803,Serviceable,false,
415804,Serviceable,false,
416001,Serviceable,false,
416002,Serviceable,false,
416003,Serviceable,false,
416004,Serviceable,false,
416005,Serviceable,false,
416006,Serviceable,false,
416007,Serviceable,false,
416008,Serviceable,false,
416010,Serviceable,false,
416011,Serviceable,false,
416012,Serviceable,false,
416013,Serviceable,false,
416101,Serviceable,false,
416102,Serviceable,false,
416103,Serviceable,false,
416104,Serviceable,false,
416105,Serviceable,false,
416106,Serviceable,false,
416107,Serviceable,false,
416108,Serviceable,false,
416109,Serviceable,false,
416110,Serviceable,false,
416111,Serviceable,false,
416112,Serviceable,false,
416113,Serviceable,false,
416114,Serviceable,false,
416115,Serviceable,false,
416116,Serviceable,false,
416117,Serviceable,false,
416118,Serviceable,false,
416119,Serviceable,false,
416120,Serviceable,false,
416121,Serviceable,false,
416122,Serviceable,false,
416129,Serviceable,false,
416130,Serviceable,false,
416132,Serviceable,false,
416134,Serviceable,false,
416137,Serviceable,false,
416143,Serviceable,false,
416146,Serviceable,false,
416201,Serviceable,false,
416202,Serviceable,false,
416203,Serviceable,false,
416204,Serviceable,false,
416205,Serviceable,false,
416206,Serviceable,false,
416207,Serviceable,false,
416208,Serviceable,false,
416209,Serviceable,false,
416210,Serviceable,false,
416211,Serviceable,false,
416212,Serviceable,false,
416213,Serviceable,false,
416214,Serviceable,false,
416215,Serviceable,false,
416216,Serviceable,false,
416217,Serviceable,false,
416218,Serviceable,false,
416219,Serviceable,false,
416220,Serviceable,false,
416221,Serviceable,false,
416222,Serviceable,false,
416223,Serviceable,false,
416224,Serviceable,false,
416227,Serviceable,false,
416229,Serviceable,false,
416230,Serviceable,false,
416231,Serviceable,false,
416232,Serviceable,false,
416234,Serviceable,false,
416235,Serviceable,false,
416236,Serviceable,false,
416301,Serviceable,false,
416302,Serviceable,false,
416303,Serviceable,false,
416304,Serviceable,false,
416305,Serviceable,false,
416306,Serviceable,false,
416307,Serviceable,false,
416308,Serviceable,false,
416309,Serviceable,false,
416310,Serviceable,false,
416311,Serviceable,false,
416312,Serviceable,false,
416314,Serviceable,false,
416315,Serviceable,false,
416316,Serviceable,false,
416319,Serviceable,false,
416401,Serviceable,false,
416402,Serviceable,false,
416403,Serviceable,false,
416405,Serviceable,false,
416406,Serviceable,false,
416407,Serviceable,false,
416408,Serviceable,false,
416409,Serviceable,false,
416410,Serviceable,false,
416411,Serviceable,false,
416412,Serviceable,false,
416413,Serviceable,false,
416414,Serviceable,false,
416415,Serviceable,false,
416416,Serviceable,false,
416417,Serviceable,false,
416418,Serviceable,false,
416419,Serviceable,false,
416420,Serviceable,false,
416436,Serviceable,false,
416501,Serviceable,false,
416502,Serviceable,false,
416503,Serviceable,false,
416504,Serviceable,false,
416505,Serviceable,false,
416506,Serviceable,false,
416507,Serviceable,false,
416508,Serviceable,false,
416509,Serviceable,false,
416511,Serviceable,false,
416525,Serviceable,false,
416526,Serviceable,false,
416527,Serviceable,false,
416536,Serviceable,false,
416551,Serviceable,false,
416552,Serviceable,false,
416610,Serviceable,false,
416611,Serviceable,false,
416616,Serviceable,false,
416701,Serviceable,false,
416702,Serviceable,false,
416705,Serviceable,false,
416712,Serviceable,false,
419739,Serviceable,false,
421001,Serviceable,false,
421002,Serviceable,false,
421003,Serviceable,false,
421004,Serviceable,false,
421005,Serviceable,false,
421102,Serviceable,false,
421103,Serviceable,false,
421201,Serviceable,false,
421202,Serviceable,false,
421203,Serviceable,false,
421204,Serviceable,false,
421301,Serviceable,false,
421302,Serviceable,false,
421303,Serviceable,false,
421305,Serviceable,false,
421306,Serviceable,false,
421308,Serviceable,false,
421311,Serviceable,false,
421312,Serviceable,false,
421401,Serviceable,false,
421403,Serviceable,false,
421501,Serviceable,false,
421502,Serviceable,false,
421503,Serviceable,false,
421506,Serviceable,false,
421601,Serviceable,false,
421605,Serviceable,false,
422001,Serviceable,false,
422002,Serviceable,false,
422003,Serviceable,false,
422004,Serviceable,false,
422005,Serviceable,false,
422006,Serviceable,false,
422007,Serviceable,false,
422008,Serviceable,false,
422009,Serviceable,false,
422010,Serviceable,false,
422012,Serviceable,false,
422013,Serviceable,false,
422101,Serviceable,false,
422102,Serviceable,false,
422103,Serviceable,false,
422104,Serviceable,false,
422105,Serviceable,false,
422112,Serviceable,false,
422201,Serviceable,false,
422202,Serviceable,false,
422203,Serviceable,false,
422204,Serviceable,false,
422205,Serviceable,false,
422206,Serviceable,false,
422207,Serviceable,false,
422208,Serviceable,false,
422209,Serviceable,false,
422210,Serviceable,false,
422211,Serviceable,false,
422212,Serviceable,false,
422213,Serviceable,false,
422214,Serviceable,false,
422215,Serviceable,false,
422222,Serviceable,false,
422235,Serviceable,false,
422301,Serviceable,false,
422302,Serviceable,false,
422303,Serviceable,false,
422304,Serviceable,false,
422305,Serviceable,false,
422306,Serviceable,false,
422308,Serviceable,false,
422401,Serviceable,false,
422402,Serviceable,false,
422403,Serviceable,false,
422501,Serviceable,false,
422502,Serviceable,false,
422601,Serviceable,false,
422603,Serviceable,false,
422605,Serviceable,false,
422606,Serviceable,false,
422611,Serviceable,false,
422620,Serviceable,false,
422622,Serviceable,false,
423101,Serviceable,false,
423102,Serviceable,false,
423104,Serviceable,false,
423105,Serviceable,false,
423106,Serviceable,false,
423107,Serviceable,false,
423108,Serviceable,false,
423109,Serviceable,false,
423110,Serviceable,false,
423111,Serviceable,false,
423117,Serviceable,false,
423201,Serviceable,false,
423202,Serviceable,false,
423203,Serviceable,false,
423204,Serviceable,false,
423205,Serviceable,false,
423206,Serviceable,false,
423208,Serviceable,false,
423212,Serviceable,false,
423213,Serviceable,false,
423301,Serviceable,false,
423302,Serviceable,false,
423303,Serviceable,false,
423305,Serviceable,false,
423401,Serviceable,false,
423402,Serviceable,false,
423403,Serviceable,false,
423501,Serviceable,false,
423502,Serviceable,false,
423601,Serviceable,false,
423602,Serviceable,false,
423603,Serviceable,false,
423605,Serviceable,false,
423607,Serviceable,false,
423701,Serviceable,false,
423702,Serviceable,false,
423703,Serviceable,false,
424002,Serviceable,false,
424005,Serviceable,false,
424006,Serviceable,false,
424101,Serviceable,false,
424102,Serviceable,false,
424103,Serviceable,false,
424104,Serviceable,false,
424105,Serviceable,false,
424106,Serviceable,false,
424107,Serviceable,false,
424108,Serviceable,false,
424109,Serviceable,false,
424116,Serviceable,false,
424117,Serviceable,false,
424201,Serviceable,false,
424202,Serviceable,false,
424203,Serviceable,false,
424204,Serviceable,false,
424205,Serviceable,false,
424206,Serviceable,false,
424207,Serviceable,false,
424208,Serviceable,false,
424209,Serviceable,false,
424210,Serviceable,false,
424301,Serviceable,false,
424302,Serviceable,false,
424303,Serviceable,false,
424304,Serviceable,false,
424305,Serviceable,false,
424306,Serviceable,false,
424307,Serviceable,false,
424308,Serviceable,false,
424309,Serviceable,false,
424310,Serviceable,false,
424311,Serviceable,false,
424318,Serviceable,false,
425001,Serviceable,false,
425002,Serviceable,false,
425003,Serviceable,false,
425101,Serviceable,false,
425102,Serviceable,false,
425103,Serviceable,false,
425104,Serviceable,false,
425105,Serviceable,false,
425106,Serviceable,false,
425107,Serviceable,false,
425108,Serviceable,false,
425109,Serviceable,false,
425110,Serviceable,false,
425111,Serviceable,false,
425113,Serviceable,false,
425114,Serviceable,false,
425115,Serviceable,false,
425116,Serviceable,false,
425119,Serviceable,false,
425120,Serviceable,false,
425121,Serviceable,false,
425122,Serviceable,false,
425124,Serviceable,false,
425125,Serviceable,false,
425126,Serviceable,false,
425127,Serviceable,false,
425130,Serviceable,false,
425133,Serviceable,false,
425203,Serviceable,false,
425204,Serviceable,false,
425211,Serviceable,false,
425301,Serviceable,false,
425302,Serviceable,false,
425303,Serviceable,false,
425304,Serviceable,false,
425305,Serviceable,false,
425306,Serviceable,false,
425307,Serviceable,false,
425309,Serviceable,false,
425310,Serviceable,false,
425311,Serviceable,false,
425315,Serviceable,false,
425318,Serviceable,false,
425320,Serviceable,false,
425322,Serviceable,false,
425323,Serviceable,false,
425326,Serviceable,false,
425327,Serviceable,false,
425401,Serviceable,false,
425402,Serviceable,false,
425403,Serviceable,false,
425404,Serviceable,false,
425406,Serviceable,false,
425408,Serviceable,false,
425409,Serviceable,false,
425411,Serviceable,false,
425412,Serviceable,false,
425413,Serviceable,false,
425414,Serviceable,false,
425415,Serviceable,false,
425418,Serviceable,false,
425419,Serviceable,false,
425420,Serviceable,false,
425421,Serviceable,false,
425426,Serviceable,false,
425427,Serviceable,false,
425428,Serviceable,false,
425432,Serviceable,false,
425434,Serviceable,false,
425435,Serviceable,false,
425436,Serviceable,false,
425437,Serviceable,false,
425439,Serviceable,false,
425442,Serviceable,false,
425444,Serviceable,false,
425501,Serviceable,false,
425502,Serviceable,false,
425503,Serviceable,false,
425504,Serviceable,false,
425505,Serviceable,false,
425506,Serviceable,false,
425507,Serviceable,false,
425508,Serviceable,false,
425509,Serviceable,false,
425511,Serviceable,false,
425512,Serviceable,false,
425515,Serviceable,false,
425519,Serviceable,false,
425521,Serviceable,false,
425523,Serviceable,false,
425524,Serviceable,false,
431001,Serviceable,false,
431002,Serviceable,false,
431003,Serviceable,false,
431004,Serviceable,false,
431005,Serviceable,false,
431006,Serviceable,false,
431007,Serviceable,false,
431008,Serviceable,false,
431009,Serviceable,false,
431101,Serviceable,false,
431102,Serviceable,false,
431104,Serviceable,false,
431106,Serviceable,false,
431107,Serviceable,false,
431109,Serviceable,false,
431110,Serviceable,false,
431113,Serviceable,false,
431114,Serviceable,false,
431115,Serviceable,false,
431120,Serviceable,false,
431122,Serviceable,false,
431123,Serviceable,false,
431125,Serviceable,false,
431126,Serviceable,false,
431127,Serviceable,false,
431128,Serviceable,false,
431129,Serviceable,false,
431130,Serviceable,false,
431133,Serviceable,false,
431134,Serviceable,false,
431135,Serviceable,false,
431136,Serviceable,false,
431137,Serviceable,false,
431143,Serviceable,false,
431147,Serviceable,false,
431148,Serviceable,false,
431150,Serviceable,false,
431151,Serviceable,false,
431203,Serviceable,false,
431205,Serviceable,false,
431207,Serviceable,false,
431208,Serviceable,false,
431209,Serviceable,false,
431212,Serviceable,false,
431213,Serviceable,false,
431401,Serviceable,false,
431402,Serviceable,false,
431501,Serviceable,false,
431502,Serviceable,false,
431505,Serviceable,false,
431506,Serviceable,false,
431508,Serviceable,false,
431509,Serviceable,false,
431510,Serviceable,false,
431511,Serviceable,false,
431512,Serviceable,false,
431513,Serviceable,false,
431514,Serviceable,false,
431515,Serviceable,false,
431516,Serviceable,false,
431517,Serviceable,false,
431518,Serviceable,false,
431519,Serviceable,false,
431520,Serviceable,false,
431521,Serviceable,false,
431523,Serviceable,false,
431530,Serviceable,false,
431536,Serviceable,false,
431537,Serviceable,false,
431540,Serviceable,false,
431541,Serviceable,false,
431601,Serviceable,false,
431602,Serviceable,false,
431603,Serviceable,false,
431604,Serviceable,false,
431605,Serviceable,false,
431606,Serviceable,false,
431646,Serviceable,false,
431701,Serviceable,false,
431702,Serviceable,false,
431704,Serviceable,false,
431705,Serviceable,false,
431707,Serviceable,false,
431708,Serviceable,false,
431709,Serviceable,false,
431710,Serviceable,false,
431711,Serviceable,false,
431712,Serviceable,false,
431714,Serviceable,false,
431715,Serviceable,false,
431716,Serviceable,false,
431717,Serviceable,false,
431718,Serviceable,false,
431719,Serviceable,false,
431720,Serviceable,false,
431721,Serviceable,false,
431722,Serviceable,false,
431723,Serviceable,false,
431737,Serviceable,false,
431742,Serviceable,false,
431743,Serviceable,false,
431745,Serviceable,false,
431750,Serviceable,false,
431801,Serviceable,false,
431803,Serviceable,false,
431804,Serviceable,false,
431805,Serviceable,false,
431806,Serviceable,false,
431807,Serviceable,false,
431808,Serviceable,false,
431809,Serviceable,false,
431810,Serviceable,false,
431811,Serviceable,false,
440001,Serviceable,false,
440002,Serviceable,false,
440003,Serviceable,false,
440004,Serviceable,false,
440005,Serviceable,false,
440006,Serviceable,false,
440007,Serviceable,false,
440008,Serviceable,false,
440009,Serviceable,false,
440010,Serviceable,false,
440011,Serviceable,false,
440012,Serviceable,false,
440013,Serviceable,false,
440014,Serviceable,false,
440015,Serviceable,false,
440016,Serviceable,false,
440017,Serviceable,false,
440018,Serviceable,false,
440019,Serviceable,false,
440020,Serviceable,false,
440021,Serviceable,false,
440022,Serviceable,false,
440023,Serviceable,false,
440024,Serviceable,false,
440025,Serviceable,false,
440026,Serviceable,false,
440027,Serviceable,false,
440028,Serviceable,false,
440029,Serviceable,false,
440030,Serviceable,false,
440032,Serviceable,false,
440033,Serviceable,false,
440034,Serviceable,false,
440035,Serviceable,false,
440036,Serviceable,false,
440037,Serviceable,false,
441001,Serviceable,false,
441101,Serviceable,false,
441102,Serviceable,false,
441103,Serviceable,false,
441104,Serviceable,false,
441105,Serviceable,false,
441106,Serviceable,false,
441107,Serviceable,false,
441108,Serviceable,false,
441109,Serviceable,false,
441110,Serviceable,false,
441111,Serviceable,false,
441112,Serviceable,false,
441113,Serviceable,false,
441114,Serviceable,false,
441115,Serviceable,false,
441116,Serviceable,false,
441117,Serviceable,false,
441122,Serviceable,false,
441201,Serviceable,false,
441202,Serviceable,false,
441203,Serviceable,false,
441204,Serviceable,false,
441205,Serviceable,false,
441206,Serviceable,false,
441207,Serviceable,false,
441208,Serviceable,false,
441210,Serviceable,false,
441214,Serviceable,false,
441215,Serviceable,false,
441216,Serviceable,false,
441224,Serviceable,false,
441228,Serviceable,false,
441301,Serviceable,false,
441302,Serviceable,false,
441303,Serviceable,false,
441304,Serviceable,false,
441305,Serviceable,false,
441306,Serviceable,false,
441401,Serviceable,false,
441402,Serviceable,false,
441403,Serviceable,false,
441404,Serviceable,false,
441405,Serviceable,false,
441408,Serviceable,false,
441409,Serviceable,false,
441501,Serviceable,false,
441502,Serviceable,false,
441503,Serviceable,false,
441601,Serviceable,false,
441701,Serviceable,false,
441702,Serviceable,false,
441801,Serviceable,false,
441802,Serviceable,false,
441803,Serviceable,false,
441804,Serviceable,false,
441805,Serviceable,false,
441806,Serviceable,false,
441807,Serviceable,false,
441809,Serviceable,false,
441902,Serviceable,false,
441903,Serviceable,false,
441904,Serviceable,false,
441906,Serviceable,false,
441907,Serviceable,false,
441908,Serviceable,false,
441909,Serviceable,false,
441910,Serviceable,false,
441911,Serviceable,false,
441912,Serviceable,false,
441913,Serviceable,false,
441914,Serviceable,false,
441915,Serviceable,false,
441924,Serviceable,false,
442001,Serviceable,false,
442101,Serviceable,false,
442102,Serviceable,false,
442104,Serviceable,false,
442106,Serviceable,false,
442301,Serviceable,false,
442302,Serviceable,false,
442304,Serviceable,false,
442305,Serviceable,false,
442307,Serviceable,false,
442403,Serviceable,false,
442404,Serviceable,false,
442406,Serviceable,false,
442502,Serviceable,false,
442505,Serviceable,false,
442507,Serviceable,false,
442603,Serviceable,false,
442605,Serviceable,false,
442701,Serviceable,false,
442703,Serviceable,false,
442707,Serviceable,false,
442709,Serviceable,false,
442902,Serviceable,false,
442903,Serviceable,false,
442905,Serviceable,false,
442907,Serviceable,false,
442908,Serviceable,false,
442916,Serviceable,false,
442917,Serviceable,false,
443101,Serviceable,false,
443102,Serviceable,false,
443103,Serviceable,false,
443104,Serviceable,false,
443106,Serviceable,false,
443112,Serviceable,false,
443201,Serviceable,false,
443202,Serviceable,false,
443204,Serviceable,false,
443206,Serviceable,false,
443301,Serviceable,false,
443302,Serviceable,false,
443303,Serviceable,false,
443304,Serviceable,false,
443308,Serviceable,false,
443401,Serviceable,false,
443402,Serviceable,false,
443403,Serviceable,false,
444002,Serviceable,false,
444003,Serviceable,false,
444004,Serviceable,false,
444005,Serviceable,false,
444006,Serviceable,false,
444101,Serviceable,false,
444102,Serviceable,false,
444103,Serviceable,false,
444104,Serviceable,false,
444105,Serviceable,false,
444106,Serviceable,false,
444107,Serviceable,false,
444108,Serviceable,false,
444109,Serviceable,false,
444111,Serviceable,false,
444112,Serviceable,false,
444115,Serviceable,false,
444117,Serviceable,false,
444118,Serviceable,false,
444121,Serviceable,false,
444122,Serviceable,false,
444123,Serviceable,false,
444124,Serviceable,false,
444125,Serviceable,false,
444126,Serviceable,false,
444202,Serviceable,false,
444203,Serviceable,false,
444204,Serviceable,false,
444301,Serviceable,false,
444302,Serviceable,false,
444304,Serviceable,false,
444311,Serviceable,false,
444312,Serviceable,false,
444401,Serviceable,false,
444402,Serviceable,false,
444403,Serviceable,false,
444404,Serviceable,false,
444405,Serviceable,false,
444407,Serviceable,false,
444409,Serviceable,false,
444501,Serviceable,false,
444502,Serviceable,false,
444503,Serviceable,false,
444504,Serviceable,false,
444505,Serviceable,false,
444508,Serviceable,false,
444511,Serviceable,false,
444601,Serviceable,false,
444602,Serviceable,false,
444603,Serviceable,false,
444604,Serviceable,false,
444605,Serviceable,false,
444606,Serviceable,false,
444607,Serviceable,false,
444701,Serviceable,false,
444702,Serviceable,false,
444704,Serviceable,false,
444705,Serviceable,false,
444706,Serviceable,false,
444707,Serviceable,false,
444708,Serviceable,false,
444709,Serviceable,false,
444711,Serviceable,false,
444712,Serviceable,false,
444713,Serviceable,false,
444716,Serviceable,false,
444717,Serviceable,false,
444718,Serviceable,false,
444719,Serviceable,false,
444720,Serviceable,false,
444721,Serviceable,false,
444723,Serviceable,false,
444727,Serviceable,false,
444801,Serviceable,false,
444802,Serviceable,false,
444803,Serviceable,false,
444804,Serviceable,false,
444805,Serviceable,false,
444806,Serviceable,false,
444807,Serviceable,false,
444808,Serviceable,false,
444809,Serviceable,false,
444810,Serviceable,false,
444811,Serviceable,false,
444812,Serviceable,false,
444814,Serviceable,false,
444815,Serviceable,false,
444816,Serviceable,false,
444818,Serviceable,false,
444819,Serviceable,false,
444821,Serviceable,false,
444826,Serviceable,false,
444827,Serviceable,false,
444901,Serviceable,false,
444902,Serviceable,false,
444903,Serviceable,false,
444904,Serviceable,false,
444905,Serviceable,false,
444906,Serviceable,false,
444907,Serviceable,false,
444908,Serviceable,false,
444909,Serviceable,false,
444914,Serviceable,false,
445101,Serviceable,false,
445102,Serviceable,false,
445103,Serviceable,false,
445105,Serviceable,false,
445106,Serviceable,false,
445109,Serviceable,false,
445110,Serviceable,false,
445202,Serviceable,false,
445203,Serviceable,false,
445204,Serviceable,false,
445205,Serviceable,false,
445206,Serviceable,false,
445207,Serviceable,false,
445209,Serviceable,false,
445210,Serviceable,false,
445211,Serviceable,false,
445215,Serviceable,false,
445301,Serviceable,false,
445302,Serviceable,false,
445304,Serviceable,false,
445305,Serviceable,false,
445306,Serviceable,false,
445323,Serviceable,false,
445401,Serviceable,false,
445402,Serviceable,false,
450221,Serviceable,false,
450331,Serviceable,false,
450332,Serviceable,false,
450445,Serviceable,false,
450551,Serviceable,false,
450554,Serviceable,false,
451001,Serviceable,false,
451110,Serviceable,false,
451111,Serviceable,false,
451112,Serviceable,false,
451222,Serviceable,false,
451223,Serviceable,false,
451229,Serviceable,false,
451239,Serviceable,false,
451327,Serviceable,false,
451337,Serviceable,false,
451435,Serviceable,false,
451443,Serviceable,false,
451444,Serviceable,false,
451447,Serviceable,false,
451448,Serviceable,false,
451449,Serviceable,false,
451551,Serviceable,false,
451559,Serviceable,false,
451563,Serviceable,false,
451659,Serviceable,false,
451660,Serviceable,false,
451663,Serviceable,false,
451664,Serviceable,false,
451665,Serviceable,false,
451667,Serviceable,false,
451770,Serviceable,false,
452001,Serviceable,false,
452002,Serviceable,false,
452003,Serviceable,false,
452004,Serviceable,false,
452006,Serviceable,false,
452007,Serviceable,false,
452008,Serviceable,false,
452009,Serviceable,false,
452010,Serviceable,false,
452011,Serviceable,false,
452012,Serviceable,false,
452013,Serviceable,false,
452016,Serviceable,false,
452017,Serviceable,false,
452018,Serviceable,false,
452019,Serviceable,false,
452020,Serviceable,false,
452056,Serviceable,false,
453111,Serviceable,false,
453112,Serviceable,false,
453115,Serviceable,false,
453220,Serviceable,false,
453235,Serviceable,false,
453331,Serviceable,false,
453332,Serviceable,false,
453441,Serviceable,false,
453446,Serviceable,false,
453463,Serviceable,false,
453551,Serviceable,false,
453555,Serviceable,false,
453562,Serviceable,false,
453576,Serviceable,false,
453643,Serviceable,false,
453652,Serviceable,false,
453661,Serviceable,false,
453771,Serviceable,false,
454010,Serviceable,false,
454116,Serviceable,false,
454129,Serviceable,false,
454221,Serviceable,false,
454331,Serviceable,false,
454335,Serviceable,false,
454345,Serviceable,false,
454441,Serviceable,false,
454446,Serviceable,false,
454449,Serviceable,false,
454552,Serviceable,false,
454660,Serviceable,false,
454665,Serviceable,false,
454773,Serviceable,false,
454774,Serviceable,false,
454775,Serviceable,false,
455111,Serviceable,false,
455115,Serviceable,false,
455118,Serviceable,false,
455221,Serviceable,false,
455332,Serviceable,false,
455440,Serviceable,false,
456001,Serviceable,false,
456003,Serviceable,false,
456006,Serviceable,false,
456008,Serviceable,false,
456009,Serviceable,false,
456010,Serviceable,false,
456221,Serviceable,false,
456313,Serviceable,false,
456337,Serviceable,false,
456441,Serviceable,false,
456450,Serviceable,false,
456551,Serviceable,false,
456552,Serviceable,false,
456663,Serviceable,false,
456664,Serviceable,false,
456665,Serviceable,false,
456666,Serviceable,false,
456668,Serviceable,false,
456673,Serviceable,false,
456771,Serviceable,false,
457001,Serviceable,false,
457111,Serviceable,false,
457114,Serviceable,false,
457118,Serviceable,false,
457119,Serviceable,false,
457222,Serviceable,false,
457226,Serviceable,false,
457227,Serviceable,false,
457331,Serviceable,false,
457333,Serviceable,false,
457336,Serviceable,false,
457339,Serviceable,false,
457340,Serviceable,false,
457441,Serviceable,false,
457550,Serviceable,false,
457551,Serviceable,false,
457552,Serviceable,false,
457555,Serviceable,false,
457661,Serviceable,false,
457769,Serviceable,false,
457770,Serviceable,false,
457773,Serviceable,false,
457882,Serviceable,false,
457990,Serviceable,false,
457993,Serviceable,false,
458220,Serviceable,false,
458226,Serviceable,false,
458228,Serviceable,false,
458330,Serviceable,false,
458336,Serviceable,false,
458339,Serviceable,false,
458468,Serviceable,false,
458470,Serviceable,false,
458553,Serviceable,false,
458556,Serviceable,false,
458664,Serviceable,false,
458667,Serviceable,false,
458771,Serviceable,false,
458775,Serviceable,false,
458778,Serviceable,false,
458888,Serviceable,false,
460110,Serviceable,false,
460225,Serviceable,false,
460330,Serviceable,false,
460447,Serviceable,false,
460449,Serviceable,false,
460661,Serviceable,false,
460665,Serviceable,false,
460666,Serviceable,false,
460668,Serviceable,false,
461005,Serviceable,false,
461110,Serviceable,false,
461111,Serviceable,false,
461114,Serviceable,false,
461115,Serviceable,false,
461116,Serviceable,false,
461122,Serviceable,false,
461221,Serviceable,false,
461223,Serviceable,false,
461224,Serviceable,false,
461225,Serviceable,false,
461228,Serviceable,false,
461251,Serviceable,false,
461335,Serviceable,false,
461427,Serviceable,false,
461444,Serviceable,false,
461551,Serviceable,false,
461555,Serviceable,false,
461661,Serviceable,false,
461668,Serviceable,false,
461771,Serviceable,false,
461772,Serviceable,false,
461775,Serviceable,false,
461881,Serviceable,false,
461990,Serviceable,false,
462001,Serviceable,false,
462002,Serviceable,false,
462004,Serviceable,false,
462006,Serviceable,false,
462008,Serviceable,false,
462010,Serviceable,false,
462011,Serviceable,false,
462016,Serviceable,false,
462021,Serviceable,false,
462022,Serviceable,false,
462023,Serviceable,false,
462024,Serviceable,false,
462026,Serviceable,false,
462027,Serviceable,false,
462036,Serviceable,false,
462037,Serviceable,false,
462038,Serviceable,false,
462041,Serviceable,false,
462042,Serviceable,false,
462043,Serviceable,false,
462044,Serviceable,false,
462047,Serviceable,false,
462120,Serviceable,false,
463111,Serviceable,false,
464002,Serviceable,false,
464112,Serviceable,false,
464114,Serviceable,false,
464220,Serviceable,false,
464224,Serviceable,false,
464226,Serviceable,false,
464228,Serviceable,false,
464258,Serviceable,false,
464676,Serviceable,false,
465110,Serviceable,false,
465113,Serviceable,false,
465116,Serviceable,false,
465220,Serviceable,false,
465223,Serviceable,false,
465226,Serviceable,false,
465230,Serviceable,false,
465331,Serviceable,false,
465335,Serviceable,false,
465339,Serviceable,false,
465440,Serviceable,false,
465445,Serviceable,false,
465683,Serviceable,false,
465685,Serviceable,false,
465697,Serviceable,false,
466001,Serviceable,false,
466111,Serviceable,false,
466114,Serviceable,false,
466118,Serviceable,false,
466125,Serviceable,false,
466446,Serviceable,false,
466448,Serviceable,false,
466554,Serviceable,false,
466651,Serviceable,false,
466665,Serviceable,false,
470002,Serviceable,false,
470051,Serviceable,false,
470113,Serviceable,false,
470115,Serviceable,false,
470117,Serviceable,false,
470118,Serviceable,false,
470119,Serviceable,false,
470125,Serviceable,false,
470221,Serviceable,false,
470223,Serviceable,false,
470227,Serviceable,false,
470228,Serviceable,false,
470229,Serviceable,false,
470232,Serviceable,false,
470235,Serviceable,false,
470337,Serviceable,false,
470663,Serviceable,false,
470664,Serviceable,false,
470666,Serviceable,false,
470672,Serviceable,false,
470675,Serviceable,false,
470772,Serviceable,false,
470775,Serviceable,false,
470880,Serviceable,false,
470881,Serviceable,false,
471001,Serviceable,false,
471311,Serviceable,false,
471318,Serviceable,false,
471405,Serviceable,false,
471408,Serviceable,false,
471411,Serviceable,false,
471501,Serviceable,false,
471510,Serviceable,false,
471515,Serviceable,false,
471606,Serviceable,false,
471625,Serviceable,false,
472001,Serviceable,false,
472005,Serviceable,false,
472111,Serviceable,false,
472115,Serviceable,false,
472246,Serviceable,false,
472336,Serviceable,false,
472338,Serviceable,false,
472339,Serviceable,false,
472442,Serviceable,false,
472445,Serviceable,false,
472446,Serviceable,false,
473001,Serviceable,false,
473105,Serviceable,false,
473111,Serviceable,false,
473113,Serviceable,false,
473115,Serviceable,false,
473222,Serviceable,false,
473226,Serviceable,false,
473229,Serviceable,false,
473249,Serviceable,false,
473330,Serviceable,false,
473331,Serviceable,false,
473333,Serviceable,false,
473440,Serviceable,false,
473660,Serviceable,false,
473770,Serviceable,false,
473774,Serviceable,false,
473775,Serviceable,false,
473781,Serviceable,false,
473793,Serviceable,false,
473885,Serviceable,false,
474001,Serviceable,false,
474002,Serviceable,false,
474003,Serviceable,false,
474005,Serviceable,false,
474008,Serviceable,false,
474009,Serviceable,false,
474010,Serviceable,false,
474011,Serviceable,false,
474012,Serviceable,false,
475001,Serviceable,false,
475005,Serviceable,false,
475661,Serviceable,false,
475671,Serviceable,false,
475675,Serviceable,false,
475685,Serviceable,false,
476001,Serviceable,false,
476115,Serviceable,false,
476134,Serviceable,false,
476219,Serviceable,false,
476228,Serviceable,false,
476229,Serviceable,false,
476355,Serviceable,false,
476554,Serviceable,false,
477105,Serviceable,false,
477111,Serviceable,false,
477222,Serviceable,false,
477227,Serviceable,false,
477331,Serviceable,false,
477333,Serviceable,false,
477335,Serviceable,false,
477441,Serviceable,false,
477445,Serviceable,false,
477446,Serviceable,false,
477447,Serviceable,false,
480001,Serviceable,false,
480105,Serviceable,false,
480106,Serviceable,false,
480107,Serviceable,false,
480108,Serviceable,false,
480109,Serviceable,false,
480110,Serviceable,false,
480111,Serviceable,false,
480115,Serviceable,false,
480221,Serviceable,false,
480223,Serviceable,false,
480331,Serviceable,false,
480334,Serviceable,false,
480337,Serviceable,false,
480338,Serviceable,false,
480551,Serviceable,false,
480554,Serviceable,false,
480555,Serviceable,false,
480557,Serviceable,false,
480559,Serviceable,false,
480661,Serviceable,false,
480667,Serviceable,false,
480881,Serviceable,false,
480882,Serviceable,false,
480886,Serviceable,false,
480887,Serviceable,false,
480888,Serviceable,false,
480990,Serviceable,false,
480991,Serviceable,false,
480994,Serviceable,false,
480996,Serviceable,false,
480997,Serviceable,false,
480999,Serviceable,false,
481001,Serviceable,false,
481051,Serviceable,false,
481105,Serviceable,false,
481115,Serviceable,false,
481116,Serviceable,false,
481117,Serviceable,false,
481224,Serviceable,false,
481226,Serviceable,false,
481331,Serviceable,false,
481332,Serviceable,false,
481337,Serviceable,false,
481445,Serviceable,false,
481449,Serviceable,false,
481551,Serviceable,false,
481556,Serviceable,false,
481662,Serviceable,false,
481663,Serviceable,false,
481665,Serviceable,false,
481666,Serviceable,false,
481668,Serviceable,false,
481776,Serviceable,false,
481778,Serviceable,false,
481879,Serviceable,false,
481880,Serviceable,false,
481882,Serviceable,false,
481885,Serviceable,false,
481995,Serviceable,false,
481996,Serviceable,false,
481998,Serviceable,false,
482001,Serviceable,false,
482002,Serviceable,false,
482003,Serviceable,false,
482004,Serviceable,false,
482005,Serviceable,false,
482006,Serviceable,false,
482007,Serviceable,false,
482008,Serviceable,false,
482009,Serviceable,false,
482010,Serviceable,false,
482011,Serviceable,false,
482020,Serviceable,false,
482021,Serviceable,false,
482050,Serviceable,false,
482051,Serviceable,false,
482053,Serviceable,false,
482056,Serviceable,false,
483001,Serviceable,false,
483053,Serviceable,false,
483105,Serviceable,false,
483110,Serviceable,false,
483113,Serviceable,false,
483119,Serviceable,false,
483220,Serviceable,false,
483330,Serviceable,false,
483332,Serviceable,false,
483334,Serviceable,false,
483336,Serviceable,false,
483440,Serviceable,false,
483442,Serviceable,false,
483445,Serviceable,false,
483501,Serviceable,false,
483504,Serviceable,false,
483770,Serviceable,false,
483773,Serviceable,false,
483775,Serviceable,false,
483880,Serviceable,false,
484110,Serviceable,false,
484334,Serviceable,false,
484440,Serviceable,false,
484551,Serviceable,false,
484555,Serviceable,false,
484660,Serviceable,false,
484661,Serviceable,false,
484665,Serviceable,false,
484669,Serviceable,false,
484770,Serviceable,false,
484771,Serviceable,false,
484774,Serviceable,false,
484776,Serviceable,false,
484881,Serviceable,false,
485001,Serviceable,false,
485002,Serviceable,false,
485005,Serviceable,false,
485111,Serviceable,false,
485112,Serviceable,false,
485113,Serviceable,false,
485114,Serviceable,false,
485115,Serviceable,false,
485116,Serviceable,false,
485221,Serviceable,false,
485226,Serviceable,false,
485331,Serviceable,false,
485334,Serviceable,false,
485344,Serviceable,false,
485441,Serviceable,false,
485446,Serviceable,false,
485447,Serviceable,false,
485551,Serviceable,false,
485661,Serviceable,false,
485666,Serviceable,false,
485771,Serviceable,false,
485772,Serviceable,false,
485773,Serviceable,false,
485774,Serviceable,false,
485775,Serviceable,false,
485778,Serviceable,false,
485881,Serviceable,false,
486001,Serviceable,false,
486002,Serviceable,false,
486003,Serviceable,false,
486006,Serviceable,false,
486111,Serviceable,false,
486112,Serviceable,false,
486113,Serviceable,false,
486114,Serviceable,false,
486115,Serviceable,false,
486117,Serviceable,false,
486123,Serviceable,false,
486220,Serviceable,false,
486223,Serviceable,false,
486226,Serviceable,false,
486228,Serviceable,false,
486333,Serviceable,false,
486335,Serviceable,false,
486338,Serviceable,false,
486340,Serviceable,false,
486341,Serviceable,false,
486342,Serviceable,false,
486343,Serviceable,false,
486440,Serviceable,false,
486441,Serviceable,false,
486442,Serviceable,false,
486444,Serviceable,false,
486445,Serviceable,false,
486446,Serviceable,false,
486447,Serviceable,false,
486448,Serviceable,false,
486449,Serviceable,false,
486450,Serviceable,false,
486451,Serviceable,false,
486536,Serviceable,false,
486550,Serviceable,false,
486551,Serviceable,false,
486552,Serviceable,false,
486553,Serviceable,false,
486556,Serviceable,false,
486661,Serviceable,false,
486666,Serviceable,false,
486669,Serviceable,false,
486670,Serviceable,false,
486771,Serviceable,false,
486775,Serviceable,false,
486776,Serviceable,false,
486884,Serviceable,false,
486890,Serviceable,false,
487110,Serviceable,false,
487114,Serviceable,false,
487221,Serviceable,false,
487330,Serviceable,false,
487334,Serviceable,false,
487337,Serviceable,false,
487441,Serviceable,false,
487551,Serviceable,false,
487555,Serviceable,false,
487770,Serviceable,false,
487771,Serviceable,false,
490001,Serviceable,false,
490006,Serviceable,false,
490008,Serviceable,false,
490009,Serviceable,false,
490010,Serviceable,false,
490011,Serviceable,false,
490012,Serviceable,false,
490020,Serviceable,false,
490021,Serviceable,false,
490022,Serviceable,false,
490023,Serviceable,false,
490024,Serviceable,false,
490025,Serviceable,false,
490026,Serviceable,false,
490029,Serviceable,false,
490036,Serviceable,false,
490042,Serviceable,false,
491001,Serviceable,false,
491002,Serviceable,false,
491003,Serviceable,false,
491004,Serviceable,false,
491107,Serviceable,false,
491111,Serviceable,false,
491113,Serviceable,false,
491221,Serviceable,false,
491222,Serviceable,false,
491223,Serviceable,false,
491226,Serviceable,false,
491227,Serviceable,false,
491228,Serviceable,false,
491229,Serviceable,false,
491230,Serviceable,false,
491331,Serviceable,false,
491332,Serviceable,false,
491335,Serviceable,false,
491336,Serviceable,false,
491337,Serviceable,false,
491338,Serviceable,false,
491340,Serviceable,false,
491441,Serviceable,false,
491443,Serviceable,false,
491444,Serviceable,false,
491445,Serviceable,false,
491557,Serviceable,false,
491558,Serviceable,false,
491559,Serviceable,false,
491661,Serviceable,false,
491665,Serviceable,false,
491666,Serviceable,false,
491668,Serviceable,false,
491771,Serviceable,false,
491881,Serviceable,false,
491885,Serviceable,false,
491888,Serviceable,false,
491991,Serviceable,false,
491993,Serviceable,false,
491995,Serviceable,false,
492001,Serviceable,false,
492002,Serviceable,false,
492003,Serviceable,false,
492004,Serviceable,false,
492005,Serviceable,false,
492006,Serviceable,false,
492007,Serviceable,false,
492008,Serviceable,false,
492009,Serviceable,false,
492010,Serviceable,false,
492011,Serviceable,false,
492012,Serviceable,false,
492013,Serviceable,false,
492014,Serviceable,false,
492015,Serviceable,false,
492099,Serviceable,false,
492101,Serviceable,false,
492109,Serviceable,false,
492112,Serviceable,false,
493101,Serviceable,false,
493111,Serviceable,false,
493113,Serviceable,false,
493114,Serviceable,false,
493116,Serviceable,false,
493118,Serviceable,false,
493195,Serviceable,false,
493196,Serviceable,false,
493221,Serviceable,false,
493222,Serviceable,false,
493225,Serviceable,false,
493228,Serviceable,false,
493229,Serviceable,false,
493330,Serviceable,false,
493331,Serviceable,false,
493332,Serviceable,false,
493335,Serviceable,false,
493338,Serviceable,false,
493344,Serviceable,false,
493354,Serviceable,false,
493441,Serviceable,false,
493445,Serviceable,false,
493449,Serviceable,false,
493526,Serviceable,false,
493554,Serviceable,false,
493555,Serviceable,false,
493558,Serviceable,false,
493559,Serviceable,false,
493562,Serviceable,false,
493661,Serviceable,false,
493663,Serviceable,false,
493770,Serviceable,false,
493773,Serviceable,false,
493778,Serviceable,false,
493881,Serviceable,false,
493885,Serviceable,false,
493888,Serviceable,false,
493889,Serviceable,false,
493890,Serviceable,false,
493891,Serviceable,false,
493895,Serviceable,false,
493992,Serviceable,false,
493996,Serviceable,false,
494005,Serviceable,false,
494331,Serviceable,false,
494333,Serviceable,false,
494334,Serviceable,false,
494335,Serviceable,false,
494336,Serviceable,false,
494337,Serviceable,false,
494444,Serviceable,false,
494665,Serviceable,false,
494670,Serviceable,false,
494775,Serviceable,false,
494776,Serviceable,false,
494777,Serviceable,false,
495001,Serviceable,false,
495004,Serviceable,false,
495006,Serviceable,false,
495007,Serviceable,false,
495009,Serviceable,false,
495112,Serviceable,false,
495113,Serviceable,false,
495115,Serviceable,false,
495116,Serviceable,false,
495117,Serviceable,false,
495118,Serviceable,false,
495119,Serviceable,false,
495220,Serviceable,false,
495222,Serviceable,false,
495223,Serviceable,false,
495224,Serviceable,false,
495330,Serviceable,false,
495335,Serviceable,false,
495442,Serviceable,false,
495445,Serviceable,false,
495446,Serviceable,false,
495447,Serviceable,false,
495449,Serviceable,false,
495450,Serviceable,false,
495452,Serviceable,false,
495453,Serviceable,false,
495454,Serviceable,false,
495550,Serviceable,false,
495551,Serviceable,false,
495555,Serviceable,false,
495663,Serviceable,false,
495674,Serviceable,false,
495677,Serviceable,false,
495678,Serviceable,false,
495679,Serviceable,false,
495680,Serviceable,false,
495681,Serviceable,false,
495682,Serviceable,false,
495683,Serviceable,false,
495687,Serviceable,false,
495689,Serviceable,false,
496001,Serviceable,false,
496100,Serviceable,false,
496116,Serviceable,false,
496118,Serviceable,false,
496223,Serviceable,false,
496225,Serviceable,false,
496331,Serviceable,false,
496336,Serviceable,false,
496440,Serviceable,false,
496445,Serviceable,false,
496551,Serviceable,false,
496554,Serviceable,false,
496661,Serviceable,false,
497442,Serviceable,false,
497778,Serviceable,false,
500001,Serviceable,false,
500002,Serviceable,false,
500004,Serviceable,false,
500005,Serviceable,false,
500006,Serviceable,false,
500007,Serviceable,false,
500009,Serviceable,false,
500010,Serviceable,false,
500011,Serviceable,false,
500012,Serviceable,false,
500013,Serviceable,false,
500014,Serviceable,false,
500015,Serviceable,false,
500016,Serviceable,false,
500017,Serviceable,false,
500018,Serviceable,false,
500019,Serviceable,false,
500020,Serviceable,false,
500021,Serviceable,false,
500022,Serviceable,false,
500023,Serviceable,false,
500024,Serviceable,false,
500025,Serviceable,false,
500026,Serviceable,false,
500027,Serviceable,false,
500028,Serviceable,false,
500030,Serviceable,false,
500031,Serviceable,false,
500032,Serviceable,false,
500033,Serviceable,false,
500034,Serviceable,false,
500036,Serviceable,false,
500038,Serviceable,false,
500039,Serviceable,false,
500042,Serviceable,false,
500043,Serviceable,false,
500044,Serviceable,false,
500045,Serviceable,false,
500046,Serviceable,false,
500047,Serviceable,false,
500048,Serviceable,false,
500049,Serviceable,false,
500050,Serviceable,false,
500051,Serviceable,false,
500056,Serviceable,false,
500057,Serviceable,false,
500058,Serviceable,false,
500060,Serviceable,false,
500061,Serviceable,false,
500062,Serviceable,false,
500063,Serviceable,false,
500065,Serviceable,false,
500066,Serviceable,false,
500067,Serviceable,false,
500068,Serviceable,false,
500069,Serviceable,false,
500070,Serviceable,false,
500071,Serviceable,false,
500072,Serviceable,false,
500073,Serviceable,false,
500074,Serviceable,false,
500075,Serviceable,false,
500076,Serviceable,false,
500077,Serviceable,false,
500078,Serviceable,false,
500079,Serviceable,false,
500080,Serviceable,false,
500081,Serviceable,false,
500082,Serviceable,false,
500083,Serviceable,false,
500084,Serviceable,false,
500085,Serviceable,false,
500086,Serviceable,false,
500087,Serviceable,false,
500088,Serviceable,false,
500089,Serviceable,false,
500090,Serviceable,false,
500091,Serviceable,false,
500092,Serviceable,false,
500093,Serviceable,false,
500094,Serviceable,false,
500095,Serviceable,false,
500096,Serviceable,false,
500097,Serviceable,false,
500098,Serviceable,false,
500100,Serviceable,false,
500101,Serviceable,false,
500105,Serviceable,false,
500107,Serviceable,false,
500110,Serviceable,false,
500133,Serviceable,false,
500171,Serviceable,false,
500252,Serviceable,false,
500253,Serviceable,false,
500258,Serviceable,false,
500264,Serviceable,false,
500265,Serviceable,false,
500266,Serviceable,false,
500267,Serviceable,false,
500361,Serviceable,false,
500380,Serviceable,false,
500457,Serviceable,false,
500463,Serviceable,false,
500482,Serviceable,false,
500484,Serviceable,false,
500486,Serviceable,false,
500556,Serviceable,false,
500587,Serviceable,false,
500593,Serviceable,false,
500594,Serviceable,false,
500659,Serviceable,false,
500660,Serviceable,false,
500661,Serviceable,false,
500762,Serviceable,false,
500768,Serviceable,false,
500855,Serviceable,false,
500872,Serviceable,false,
500873,Serviceable,false,
500890,Serviceable,false,
500963,Serviceable,false,
501101,Serviceable,false,
501102,Serviceable,false,
501218,Serviceable,false,
501301,Serviceable,false,
501401,Serviceable,false,
501505,Serviceable,false,
501510,Serviceable,false,
502001,Serviceable,false,
502032,Serviceable,false,
502101,Serviceable,false,
502102,Serviceable,false,
502104,Serviceable,false,
502107,Serviceable,false,
502108,Serviceable,false,
502109,Serviceable,false,
502113,Serviceable,false,
502114,Serviceable,false,
502115,Serviceable,false,
502117,Serviceable,false,
502125,Serviceable,false,
502130,Serviceable,false,
502201,Serviceable,false,
502205,Serviceable,false,
502210,Serviceable,false,
502211,Serviceable,false,
502212,Serviceable,false,
502213,Serviceable,false,
502220,Serviceable,false,
502221,Serviceable,false,
502246,Serviceable,false,
502247,Serviceable,false,
502248,Serviceable,false,
502249,Serviceable,false,
502251,Serviceable,false,
502255,Serviceable,false,
502257,Serviceable,false,
502267,Serviceable,false,
502269,Serviceable,false,
502270,Serviceable,false,
502271,Serviceable,false,
502273,Serviceable,false,
502276,Serviceable,false,
502277,Serviceable,false,
502278,Serviceable,false,
502279,Serviceable,false,
502280,Serviceable,false,
502281,Serviceable,false,
502285,Serviceable,false,
502286,Serviceable,false,
502288,Serviceable,false,
502289,Serviceable,false,
502290,Serviceable,false,
502291,Serviceable,false,
502292,Serviceable,false,
502293,Serviceable,false,
502294,Serviceable,false,
502295,Serviceable,false,
502296,Serviceable,false,
502297,Serviceable,false,
502299,Serviceable,false,
502301,Serviceable,false,
502302,Serviceable,false,
502303,Serviceable,false,
502304,Serviceable,false,
502305,Serviceable,false,
502306,Serviceable,false,
502307,Serviceable,false,
502308,Serviceable,false,
502310,Serviceable,false,
502311,Serviceable,false,
502312,Serviceable,false,
502314,Serviceable,false,
502316,Serviceable,false,
502318,Serviceable,false,
502321,Serviceable,false,
502322,Serviceable,false,
502323,Serviceable,false,
502324,Serviceable,false,
502325,Serviceable,false,
502330,Serviceable,false,
502331,Serviceable,false,
502334,Serviceable,false,
502335,Serviceable,false,
502336,Serviceable,false,
502345,Serviceable,false,
502371,Serviceable,false,
502372,Serviceable,false,
502374,Serviceable,false,
502375,Serviceable,false,
502381,Serviceable,false,
503001,Serviceable,false,
503002,Serviceable,false,
503003,Serviceable,false,
503101,Serviceable,false,
503102,Serviceable,false,
503110,Serviceable,false,
503111,Serviceable,false,
503114,Serviceable,false,
503120,Serviceable,false,
503122,Serviceable,false,
503123,Serviceable,false,
503125,Serviceable,false,
503144,Serviceable,false,
503145,Serviceable,false,
503164,Serviceable,false,
503165,Serviceable,false,
503174,Serviceable,false,
503175,Serviceable,false,
503180,Serviceable,false,
503186,Serviceable,false,
503188,Serviceable,false,
503201,Serviceable,false,
503202,Serviceable,false,
503206,Serviceable,false,
503207,Serviceable,false,
503212,Serviceable,false,
503213,Serviceable,false,
503217,Serviceable,false,
503218,Serviceable,false,
503219,Serviceable,false,
503224,Serviceable,false,
503230,Serviceable,false,
503235,Serviceable,false,
503245,Serviceable,false,
503246,Serviceable,false,
503301,Serviceable,false,
503302,Serviceable,false,
503305,Serviceable,false,
503306,Serviceable,false,
503307,Serviceable,false,
503308,Serviceable,false,
503309,Serviceable,false,
503310,Serviceable,false,
503311,Serviceable,false,
503321,Serviceable,false,
504001,Serviceable,false,
504101,Serviceable,false,
504102,Serviceable,false,
504103,Serviceable,false,
504104,Serviceable,false,
504105,Serviceable,false,
504106,Serviceable,false,
504109,Serviceable,false,
504110,Serviceable,false,
504201,Serviceable,false,
504202,Serviceable,false,
504203,Serviceable,false,
504204,Serviceable,false,
504205,Serviceable,false,
504206,Serviceable,false,
504209,Serviceable,false,
504214,Serviceable,false,
504216,Serviceable,false,
504219,Serviceable,false,
504220,Serviceable,false,
504231,Serviceable,false,
504251,Serviceable,false,
504272,Serviceable,false,
504292,Serviceable,false,
504293,Serviceable,false,
504296,Serviceable,false,
504299,Serviceable,false,
504301,Serviceable,false,
504302,Serviceable,false,
504303,Serviceable,false,
504304,Serviceable,false,
504306,Serviceable,false,
504307,Serviceable,false,
504308,Serviceable,false,
504309,Serviceable,false,
504310,Serviceable,false,
504311,Serviceable,false,
504312,Serviceable,false,
504313,Serviceable,false,
504323,Serviceable,false,
504346,Serviceable,false,
505001,Serviceable,false,
505002,Serviceable,false,
505101,Serviceable,false,
505102,Serviceable,false,
505122,Serviceable,false,
505129,Serviceable,false,
505152,Serviceable,false,
505153,Serviceable,false,
505172,Serviceable,false,
505174,Serviceable,false,
505184,Serviceable,false,
505185,Serviceable,false,
505186,Serviceable,false,
505187,Serviceable,false,
505188,Serviceable,false,
505208,Serviceable,false,
505209,Serviceable,false,
505210,Serviceable,false,
505211,Serviceable,false,
505212,Serviceable,false,
505214,Serviceable,false,
505215,Serviceable,false,
505301,Serviceable,false,
505303,Serviceable,false,
505304,Serviceable,false,
505305,Serviceable,false,
505306,Serviceable,false,
505307,Serviceable,false,
505325,Serviceable,false,
505326,Serviceable,false,
505327,Serviceable,false,
505330,Serviceable,false,
505331,Serviceable,false,
505401,Serviceable,false,
505402,Serviceable,false,
505403,Serviceable,false,
505404,Serviceable,false,
505405,Serviceable,false,
505415,Serviceable,false,
505416,Serviceable,false,
505425,Serviceable,false,
505445,Serviceable,false,
505451,Serviceable,false,
505452,Serviceable,false,
505453,Serviceable,false,
505454,Serviceable,false,
505455,Serviceable,false,
505460,Serviceable,false,
505462,Serviceable,false,
505466,Serviceable,false,
505467,Serviceable,false,
505468,Serviceable,false,
505469,Serviceable,false,
505470,Serviceable,false,
505471,Serviceable,false,
505472,Serviceable,false,
505473,Serviceable,false,
505474,Serviceable,false,
505475,Serviceable,false,
505476,Serviceable,false,
505480,Serviceable,false,
505481,Serviceable,false,
505490,Serviceable,false,
505497,Serviceable,false,
505498,Serviceable,false,
505501,Serviceable,false,
505502,Serviceable,false,
505503,Serviceable,false,
505504,Serviceable,false,
505505,Serviceable,false,
505514,Serviceable,false,
505524,Serviceable,false,
505525,Serviceable,false,
505526,Serviceable,false,
505527,Serviceable,false,
505528,Serviceable,false,
505529,Serviceable,false,
505530,Serviceable,false,
505531,Serviceable,false,
505532,Serviceable,false,
505547,Serviceable,false,
506001,Serviceable,false,
506002,Serviceable,false,
506003,Serviceable,false,
506004,Serviceable,false,
506005,Serviceable,false,
506006,Serviceable,false,
506007,Serviceable,false,
506009,Serviceable,false,
506010,Serviceable,false,
506011,Serviceable,false,
506012,Serviceable,false,
506013,Serviceable,false,
506015,Serviceable,false,
506101,Serviceable,false,
506104,Serviceable,false,
506105,Serviceable,false,
506112,Serviceable,false,
506122,Serviceable,false,
506132,Serviceable,false,
506133,Serviceable,false,
506134,Serviceable,false,
506135,Serviceable,false,
506142,Serviceable,false,
506143,Serviceable,false,
506144,Serviceable,false,
506145,Serviceable,false,
506151,Serviceable,false,
506163,Serviceable,false,
506164,Serviceable,false,
506165,Serviceable,false,
506166,Serviceable,false,
506167,Serviceable,false,
506168,Serviceable,false,
506169,Serviceable,false,
506172,Serviceable,false,
506201,Serviceable,false,
506221,Serviceable,false,
506222,Serviceable,false,
506223,Serviceable,false,
506224,Serviceable,false,
506244,Serviceable,false,
506252,Serviceable,false,
506301,Serviceable,false,
506302,Serviceable,false,
506303,Serviceable,false,
506310,Serviceable,false,
506313,Serviceable,false,
506314,Serviceable,false,
506315,Serviceable,false,
506316,Serviceable,false,
506317,Serviceable,false,
506318,Serviceable,false,
506319,Serviceable,false,
506324,Serviceable,false,
506330,Serviceable,false,
506332,Serviceable,false,
506342,Serviceable,false,
506343,Serviceable,false,
506344,Serviceable,false,
506345,Serviceable,false,
506347,Serviceable,false,
506348,Serviceable,false,
506349,Serviceable,false,
506352,Serviceable,false,
506355,Serviceable,false,
506356,Serviceable,false,
506365,Serviceable,false,
506366,Serviceable,false,
506367,Serviceable,false,
506368,Serviceable,false,
506369,Serviceable,false,
506370,Serviceable,false,
506371,Serviceable,false,
506381,Serviceable,false,
506391,Serviceable,false,
507001,Serviceable,false,
507002,Serviceable,false,
507003,Serviceable,false,
507004,Serviceable,false,
507101,Serviceable,false,
507103,Serviceable,false,
507106,Serviceable,false,
507111,Serviceable,false,
507112,Serviceable,false,
507113,Serviceable,false,
507114,Serviceable,false,
507115,Serviceable,false,
507117,Serviceable,false,
507118,Serviceable,false,
507119,Serviceable,false,
507120,Serviceable,false,
507121,Serviceable,false,
507122,Serviceable,false,
507123,Serviceable,false,
507124,Serviceable,false,
507125,Serviceable,false,
507126,Serviceable,false,
507127,Serviceable,false,
507128,Serviceable,false,
507129,Serviceable,false,
507131,Serviceable,false,
507132,Serviceable,false,
507133,Serviceable,false,
507134,Serviceable,false,
507135,Serviceable,false,
507136,Serviceable,false,
507137,Serviceable,false,
507138,Serviceable,false,
507139,Serviceable,false,
507140,Serviceable,false,
507141,Serviceable,false,
507151,Serviceable,false,
507152,Serviceable,false,
507153,Serviceable,false,
507154,Serviceable,false,
507156,Serviceable,false,
507157,Serviceable,false,
507158,Serviceable,false,
507159,Serviceable,false,
507160,Serviceable,false,
507161,Serviceable,false,
507162,Serviceable,false,
507163,Serviceable,false,
507164,Serviceable,false,
507165,Serviceable,false,
507166,Serviceable,false,
507167,Serviceable,false,
507168,Serviceable,false,
507169,Serviceable,false,
507170,Serviceable,false,
507172,Serviceable,false,
507173,Serviceable,false,
507174,Serviceable,false,
507175,Serviceable,false,
507176,Serviceable,false,
507177,Serviceable,false,
507182,Serviceable,false,
507183,Serviceable,false,
507201,Serviceable,false,
507202,Serviceable,false,
507203,Serviceable,false,
507204,Serviceable,false,
507206,Serviceable,false,
507207,Serviceable,false,
507208,Serviceable,false,
507209,Serviceable,false,
507210,Serviceable,false,
507211,Serviceable,false,
507212,Serviceable,false,
507213,Serviceable,false,
507214,Serviceable,false,
507216,Serviceable,false,
507301,Serviceable,false,
507302,Serviceable,false,
507303,Serviceable,false,
507304,Serviceable,false,
507305,Serviceable,false,
507306,Serviceable,false,
507311,Serviceable,false,
507312,Serviceable,false,
507313,Serviceable,false,
507316,Serviceable,false,
507318,Serviceable,false,
508001,Serviceable,false,
508004,Serviceable,false,
508101,Serviceable,false,
508105,Serviceable,false,
508111,Serviceable,false,
508112,Serviceable,false,
508113,Serviceable,false,
508114,Serviceable,false,
508115,Serviceable,false,
508116,Serviceable,false,
508126,Serviceable,false,
508201,Serviceable,false,
508202,Serviceable,false,
508204,Serviceable,false,
508205,Serviceable,false,
508207,Serviceable,false,
508208,Serviceable,false,
508210,Serviceable,false,
508212,Serviceable,false,
508213,Serviceable,false,
508217,Serviceable,false,
508218,Serviceable,false,
508221,Serviceable,false,
508222,Serviceable,false,
508223,Serviceable,false,
508224,Serviceable,false,
508233,Serviceable,false,
508234,Serviceable,false,
508238,Serviceable,false,
508244,Serviceable,false,
508245,Serviceable,false,
508246,Serviceable,false,
508247,Serviceable,false,
508248,Serviceable,false,
508250,Serviceable,false,
508252,Serviceable,false,
508253,Serviceable,false,
508254,Serviceable,false,
508255,Serviceable,false,
508256,Serviceable,false,
508258,Serviceable,false,
508266,Serviceable,false,
508277,Serviceable,false,
508278,Serviceable,false,
508279,Serviceable,false,
508284,Serviceable,false,
508285,Serviceable,false,
508286,Serviceable,false,
508355,Serviceable,false,
508373,Serviceable,false,
508374,Serviceable,false,
508376,Serviceable,false,
508377,Serviceable,false,
509001,Serviceable,false,
509002,Serviceable,false,
509102,Serviceable,false,
509103,Serviceable,false,
509104,Serviceable,false,
509105,Serviceable,false,
509110,Serviceable,false,
509120,Serviceable,false,
509125,Serviceable,false,
509126,Serviceable,false,
509127,Serviceable,false,
509128,Serviceable,false,
509129,Serviceable,false,
509130,Serviceable,false,
509131,Serviceable,false,
509132,Serviceable,false,
509135,Serviceable,false,
509152,Serviceable,false,
509153,Serviceable,false,
509201,Serviceable,false,
509202,Serviceable,false,
509203,Serviceable,false,
509204,Serviceable,false,
509205,Serviceable,false,
509206,Serviceable,false,
509207,Serviceable,false,
509208,Serviceable,false,
509209,Serviceable,false,
509210,Serviceable,false,
509215,Serviceable,false,
509216,Serviceable,false,
509218,Serviceable,false,
509219,Serviceable,false,
509228,Serviceable,false,
509301,Serviceable,false,
509311,Serviceable,false,
509320,Serviceable,false,
509321,Serviceable,false,
509324,Serviceable,false,
509326,Serviceable,false,
509327,Serviceable,false,
509334,Serviceable,false,
509335,Serviceable,false,
509336,Serviceable,false,
509337,Serviceable,false,
509338,Serviceable,false,
509339,Serviceable,false,
509340,Serviceable,false,
509349,Serviceable,false,
509350,Serviceable,false,
509351,Serviceable,false,
509352,Serviceable,false,
509353,Serviceable,false,
509357,Serviceable,false,
509358,Serviceable,false,
509360,Serviceable,false,
509371,Serviceable,false,
509375,Serviceable,false,
509376,Serviceable,false,
509380,Serviceable,false,
509381,Serviceable,false,
509382,Serviceable,false,
509385,Serviceable,false,
509401,Serviceable,false,
509406,Serviceable,false,
509408,Serviceable,false,
509409,Serviceable,false,
509410,Serviceable,false,
509411,Serviceable,false,
509412,Serviceable,false,
515001,Serviceable,false,
515002,Serviceable,false,
515003,Serviceable,false,
515004,Serviceable,false,
515005,Serviceable,false,
515122,Serviceable,false,
515123,Serviceable,false,
515124,Serviceable,false,
515133,Serviceable,false,
515134,Serviceable,false,
515144,Serviceable,false,
515154,Serviceable,false,
515159,Serviceable,false,
515164,Serviceable,false,
515201,Serviceable,false,
515211,Serviceable,false,
515212,Serviceable,false,
515231,Serviceable,false,
515271,Serviceable,false,
515286,Serviceable,false,
515291,Serviceable,false,
515301,Serviceable,false,
515311,Serviceable,false,
515321,Serviceable,false,
515331,Serviceable,false,
515352,Serviceable,false,
515401,Serviceable,false,
515402,Serviceable,false,
515408,Serviceable,false,
515411,Serviceable,false,
515414,Serviceable,false,
515415,Serviceable,false,
515425,Serviceable,false,
515445,Serviceable,false,
515501,Serviceable,false,
515521,Serviceable,false,
515531,Serviceable,false,
515551,Serviceable,false,
515556,Serviceable,false,
515561,Serviceable,false,
515571,Serviceable,false,
515581,Serviceable,false,
515591,Serviceable,false,
515601,Serviceable,false,
515611,Serviceable,false,
515621,Serviceable,false,
515641,Serviceable,false,
515651,Serviceable,false,
515661,Serviceable,false,
515671,Serviceable,false,
515672,Serviceable,false,
515701,Serviceable,false,
515711,Serviceable,false,
515721,Serviceable,false,
515722,Serviceable,false,
515731,Serviceable,false,
515741,Serviceable,false,
515751,Serviceable,false,
515761,Serviceable,false,
515763,Serviceable,false,
515765,Serviceable,false,
515766,Serviceable,false,
515774,Serviceable,false,
515775,Serviceable,false,
515787,Serviceable,false,
515801,Serviceable,false,
515812,Serviceable,false,
515822,Serviceable,false,
515842,Serviceable,false,
515865,Serviceable,false,
515867,Serviceable,false,
515870,Serviceable,false,
515871,Serviceable,false,
516001,Serviceable,false,
516002,Serviceable,false,
516003,Serviceable,false,
516004,Serviceable,false,
516101,Serviceable,false,
516102,Serviceable,false,
516103,Serviceable,false,
516104,Serviceable,false,
516105,Serviceable,false,
516106,Serviceable,false,
516107,Serviceable,false,
516108,Serviceable,false,
516109,Serviceable,false,
516110,Serviceable,false,
516111,Serviceable,false,
516112,Serviceable,false,
516113,Serviceable,false,
516114,Serviceable,false,
516115,Serviceable,false,
516116,Serviceable,false,
516117,Serviceable,false,
516118,Serviceable,false,
516119,Serviceable,false,
516120,Serviceable,false,
516126,Serviceable,false,
516127,Serviceable,false,
516128,Serviceable,false,
516129,Serviceable,false,
516130,Serviceable,false,
516131,Serviceable,false,
516132,Serviceable,false,
516133,Serviceable,false,
516134,Serviceable,false,
516150,Serviceable,false,
516151,Serviceable,false,
516152,Serviceable,false,
516153,Serviceable,false,
516155,Serviceable,false,
516162,Serviceable,false,
516163,Serviceable,false,
516164,Serviceable,false,
516165,Serviceable,false,
516166,Serviceable,false,
516172,Serviceable,false,
516173,Serviceable,false,
516175,Serviceable,false,
516193,Serviceable,false,
516203,Serviceable,false,
516213,Serviceable,false,
516214,Serviceable,false,
516215,Serviceable,false,
516216,Serviceable,false,
516217,Serviceable,false,
516218,Serviceable,false,
516219,Serviceable,false,
516227,Serviceable,false,
516228,Serviceable,false,
516233,Serviceable,false,
516237,Serviceable,false,
516238,Serviceable,false,
516247,Serviceable,false,
516248,Serviceable,false,
516257,Serviceable,false,
516259,Serviceable,false,
516260,Serviceable,false,
516267,Serviceable,false,
516268,Serviceable,false,
516269,Serviceable,false,
516270,Serviceable,false,
516271,Serviceable,false,
516272,Serviceable,false,
516289,Serviceable,false,
516290,Serviceable,false,
516291,Serviceable,false,
516292,Serviceable,false,
516293,Serviceable,false,
516309,Serviceable,false,
516310,Serviceable,false,
516311,Serviceable,false,
516312,Serviceable,false,
516319,Serviceable,false,
516321,Serviceable,false,
516329,Serviceable,false,
516339,Serviceable,false,
516349,Serviceable,false,
516350,Serviceable,false,
516355,Serviceable,false,
516356,Serviceable,false,
516357,Serviceable,false,
516359,Serviceable,false,
516360,Serviceable,false,
516361,Serviceable,false,
516362,Serviceable,false,
516363,Serviceable,false,
516364,Serviceable,false,
516365,Serviceable,false,
516366,Serviceable,false,
516380,Serviceable,false,
516390,Serviceable,false,
516392,Serviceable,false,
516396,Serviceable,false,
516401,Serviceable,false,
516411,Serviceable,false,
516412,Serviceable,false,
516413,Serviceable,false,
516421,Serviceable,false,
516431,Serviceable,false,
516432,Serviceable,false,
516433,Serviceable,false,
516434,Serviceable,false,
516437,Serviceable,false,
516438,Serviceable,false,
516439,Serviceable,false,
516440,Serviceable,false,
516441,Serviceable,false,
516444,Serviceable,false,
516454,Serviceable,false,
516464,Serviceable,false,
516474,Serviceable,false,
516484,Serviceable,false,
516486,Serviceable,false,
516501,Serviceable,false,
516502,Serviceable,false,
516503,Serviceable,false,
516504,Serviceable,false,
516505,Serviceable,false,
516506,Serviceable,false,
517001,Serviceable,false,
517002,Serviceable,false,
517004,Serviceable,false,
517101,Serviceable,false,
517102,Serviceable,false,
517112,Serviceable,false,
517113,Serviceable,false,
517123,Serviceable,false,
517124,Serviceable,false,
517125,Serviceable,false,
517126,Serviceable,false,
517127,Serviceable,false,
517128,Serviceable,false,
517129,Serviceable,false,
517130,Serviceable,false,
517131,Serviceable,false,
517132,Serviceable,false,
517152,Serviceable,false,
517167,Serviceable,false,
517172,Serviceable,false,
517192,Serviceable,false,
517193,Serviceable,false,
517194,Serviceable,false,
517213,Serviceable,false,
517214,Serviceable,false,
517234,Serviceable,false,
517235,Serviceable,false,
517236,Serviceable,false,
517237,Serviceable,false,
517247,Serviceable,false,
517257,Serviceable,false,
517277,Serviceable,false,
517280,Serviceable,false,
517291,Serviceable,false,
517297,Serviceable,false,
517299,Serviceable,false,
517305,Serviceable,false,
517319,Serviceable,false,
517325,Serviceable,false,
517330,Serviceable,false,
517350,Serviceable,false,
517351,Serviceable,false,
517352,Serviceable,false,
517370,Serviceable,false,
517390,Serviceable,false,
517391,Serviceable,false,
517401,Serviceable,false,
517403,Serviceable,false,
517408,Serviceable,false,
517414,Serviceable,false,
517415,Serviceable,false,
517416,Serviceable,false,
517417,Serviceable,false,
517418,Serviceable,false,
517419,Serviceable,false,
517421,Serviceable,false,
517422,Serviceable,false,
517423,Serviceable,false,
517424,Serviceable,false,
517425,Serviceable,false,
517426,Serviceable,false,
517429,Serviceable,false,
517432,Serviceable,false,
517502,Serviceable,false,
517503,Serviceable,false,
517504,Serviceable,false,
517505,Serviceable,false,
517506,Serviceable,false,
517507,Serviceable,false,
517520,Serviceable,false,
517526,Serviceable,false,
517536,Serviceable,false,
517541,Serviceable,false,
517551,Serviceable,false,
517561,Serviceable,false,
517569,Serviceable,false,
517571,Serviceable,false,
517581,Serviceable,false,
517582,Serviceable,false,
517583,Serviceable,false,
517584,Serviceable,false,
517586,Serviceable,false,
517587,Serviceable,false,
517588,Serviceable,false,
517589,Serviceable,false,
517590,Serviceable,false,
517591,Serviceable,false,
517592,Serviceable,false,
517599,Serviceable,false,
517619,Serviceable,false,
517620,Serviceable,false,
517640,Serviceable,false,
517641,Serviceable,false,
517642,Serviceable,false,
517643,Serviceable,false,
517644,Serviceable,false,
518001,Serviceable,false,
518002,Serviceable,false,
518003,Serviceable,false,
518004,Serviceable,false,
518005,Serviceable,false,
518006,Serviceable,false,
518007,Serviceable,false,
518010,Serviceable,false,
518011,Serviceable,false,
518015,Serviceable,false,
518016,Serviceable,false,
518017,Serviceable,false,
518018,Serviceable,false,
518019,Serviceable,false,
518020,Serviceable,false,
518021,Serviceable,false,
518022,Serviceable,false,
518023,Serviceable,false,
518101,Serviceable,false,
518102,Serviceable,false,
518112,Serviceable,false,
518115,Serviceable,false,
518122,Serviceable,false,
518123,Serviceable,false,
518124,Serviceable,false,
518134,Serviceable,false,
518135,Serviceable,false,
518137,Serviceable,false,
518138,Serviceable,false,
518145,Serviceable,false,
518146,Serviceable,false,
518150,Serviceable,false,
518155,Serviceable,false,
518157,Serviceable,false,
518158,Serviceable,false,
518165,Serviceable,false,
518166,Serviceable,false,
518176,Serviceable,false,
518186,Serviceable,false,
518196,Serviceable,false,
518202,Serviceable,false,
518206,Serviceable,false,
518216,Serviceable,false,
518217,Serviceable,false,
518218,Serviceable,false,
518219,Serviceable,false,
518220,Serviceable,false,
518221,Serviceable,false,
518222,Serviceable,false,
518225,Serviceable,false,
518301,Serviceable,false,
518302,Serviceable,false,
518308,Serviceable,false,
518313,Serviceable,false,
518319,Serviceable,false,
518323,Serviceable,false,
518333,Serviceable,false,
518343,Serviceable,false,
518344,Serviceable,false,
518345,Serviceable,false,
518346,Serviceable,false,
518347,Serviceable,false,
518348,Serviceable,false,
518350,Serviceable,false,
518360,Serviceable,false,
518363,Serviceable,false,
518380,Serviceable,false,
518382,Serviceable,false,
518385,Serviceable,false,
518390,Serviceable,false,
518395,Serviceable,false,
518396,Serviceable,false,
518397,Serviceable,false,
518398,Serviceable,false,
518399,Serviceable,false,
518401,Serviceable,false,
518402,Serviceable,false,
518405,Serviceable,false,
518411,Serviceable,false,
518412,Serviceable,false,
518422,Serviceable,false,
518426,Serviceable,false,
518432,Serviceable,false,
518442,Serviceable,false,
518452,Serviceable,false,
518462,Serviceable,false,
518463,Serviceable,false,
518464,Serviceable,false,
518465,Serviceable,false,
518466,Serviceable,false,
518467,Serviceable,false,
518468,Serviceable,false,
518470,Serviceable,false,
518501,Serviceable,false,
518502,Serviceable,false,
518503,Serviceable,false,
518508,Serviceable,false,
518510,Serviceable,false,
518511,Serviceable,false,
518512,Serviceable,false,
518513,Serviceable,false,
518515,Serviceable,false,
518517,Serviceable,false,
518523,Serviceable,false,
518533,Serviceable,false,
518543,Serviceable,false,
518550,Serviceable,false,
518553,Serviceable,false,
518555,Serviceable,false,
518563,Serviceable,false,
518573,Serviceable,false,
518583,Serviceable,false,
518593,Serviceable,false,
518594,Serviceable,false,
518596,Serviceable,false,
518598,Serviceable,false,
518599,Serviceable,false,
518607,Serviceable,false,
518669,Serviceable,false,
518674,Serviceable,false,
518675,Serviceable,false,
520001,Serviceable,false,
520003,Serviceable,false,
520004,Serviceable,false,
520007,Serviceable,false,
520008,Serviceable,false,
520010,Serviceable,false,
520011,Serviceable,false,
520012,Serviceable,false,
520013,Serviceable,false,
520015,Serviceable,false,
521001,Serviceable,false,
521002,Serviceable,false,
521101,Serviceable,false,
521102,Serviceable,false,
521104,Serviceable,false,
521105,Serviceable,false,
521106,Serviceable,false,
521107,Serviceable,false,
521108,Serviceable,false,
521109,Serviceable,false,
521110,Serviceable,false,
521111,Serviceable,false,
521120,Serviceable,false,
521121,Serviceable,false,
521125,Serviceable,false,
521126,Serviceable,false,
521130,Serviceable,false,
521131,Serviceable,false,
521132,Serviceable,false,
521133,Serviceable,false,
521134,Serviceable,false,
521135,Serviceable,false,
521136,Serviceable,false,
521137,Serviceable,false,
521138,Serviceable,false,
521139,Serviceable,false,
521148,Serviceable,false,
521149,Serviceable,false,
521150,Serviceable,false,
521151,Serviceable,false,
521153,Serviceable,false,
521156,Serviceable,false,
521157,Serviceable,false,
521158,Serviceable,false,
521162,Serviceable,false,
521163,Serviceable,false,
521164,Serviceable,false,
521165,Serviceable,false,
521170,Serviceable,false,
521175,Serviceable,false,
521178,Serviceable,false,
521180,Serviceable,false,
521181,Serviceable,false,
521182,Serviceable,false,
521183,Serviceable,false,
521185,Serviceable,false,
521190,Serviceable,false,
521201,Serviceable,false,
521202,Serviceable,false,
521207,Serviceable,false,
521211,Serviceable,false,
521212,Serviceable,false,
521213,Serviceable,false,
521214,Serviceable,false,
521215,Serviceable,false,
521225,Serviceable,false,
521227,Serviceable,false,
521228,Serviceable,false,
521229,Serviceable,false,
521230,Serviceable,false,
521231,Serviceable,false,
521235,Serviceable,false,
521241,Serviceable,false,
521245,Serviceable,false,
521246,Serviceable,false,
521247,Serviceable,false,
521250,Serviceable,false,
521256,Serviceable,false,
521260,Serviceable,false,
521263,Serviceable,false,
521286,Serviceable,false,
521301,Serviceable,false,
521311,Serviceable,false,
521312,Serviceable,false,
521321,Serviceable,false,
521322,Serviceable,false,
521323,Serviceable,false,
521324,Serviceable,false,
521325,Serviceable,false,
521326,Serviceable,false,
521327,Serviceable,false,
521328,Serviceable,false,
521329,Serviceable,false,
521330,Serviceable,false,
521331,Serviceable,false,
521332,Serviceable,false,
521333,Serviceable,false,
521340,Serviceable,false,
521343,Serviceable,false,
521344,Serviceable,false,
521345,Serviceable,false,
521356,Serviceable,false,
521366,Serviceable,false,
521369,Serviceable,false,
521390,Serviceable,false,
521401,Serviceable,false,
521402,Serviceable,false,
521403,Serviceable,false,
521456,Serviceable,false,
521457,Serviceable,false,
522001,Serviceable,false,
522002,Serviceable,false,
522003,Serviceable,false,
522004,Serviceable,false,
522005,Serviceable,false,
522006,Serviceable,false,
522007,Serviceable,false,
522008,Serviceable,false,
522009,Serviceable,false,
522010,Serviceable,false,
522013,Serviceable,false,
522014,Serviceable,false,
522015,Serviceable,false,
522016,Serviceable,false,
522017,Serviceable,false,
522018,Serviceable,false,
522019,Serviceable,false,
522020,Serviceable,false,
522021,Serviceable,false,
522022,Serviceable,false,
522024,Serviceable,false,
522026,Serviceable,false,
522034,Serviceable,false,
522036,Serviceable,false,
522050,Serviceable,false,
522101,Serviceable,false,
522102,Serviceable,false,
522111,Serviceable,false,
522112,Serviceable,false,
522113,Serviceable,false,
522116,Serviceable,false,
522123,Serviceable,false,
522124,Serviceable,false,
522125,Serviceable,false,
522180,Serviceable,false,
522201,Serviceable,false,
522202,Serviceable,false,
522211,Serviceable,false,
522212,Serviceable,false,
522213,Serviceable,false,
522214,Serviceable,false,
522215,Serviceable,false,
522222,Serviceable,false,
522233,Serviceable,false,
522234,Serviceable,false,
522235,Serviceable,false,
522236,Serviceable,false,
522237,Serviceable,false,
522256,Serviceable,false,
522257,Serviceable,false,
522258,Serviceable,false,
522259,Serviceable,false,
522260,Serviceable,false,
522261,Serviceable,false,
522262,Serviceable,false,
522263,Serviceable,false,
522264,Serviceable,false,
522265,Serviceable,false,
522266,Serviceable,false,
522267,Serviceable,false,
522268,Serviceable,false,
522269,Serviceable,false,
522270,Serviceable,false,
522271,Serviceable,false,
522272,Serviceable,false,
522273,Serviceable,false,
522274,Serviceable,false,
522275,Serviceable,false,
522276,Serviceable,false,
522277,Serviceable,false,
522278,Serviceable,false,
522279,Serviceable,false,
522280,Serviceable,false,
522281,Serviceable,false,
522282,Serviceable,false,
522290,Serviceable,false,
522291,Serviceable,false,
522292,Serviceable,false,
522293,Serviceable,false,
522294,Serviceable,false,
522295,Serviceable,false,
522296,Serviceable,false,
522297,Serviceable,false,
522298,Serviceable,false,
522299,Serviceable,false,
522301,Serviceable,false,
522302,Serviceable,false,
522303,Serviceable,false,
522304,Serviceable,false,
522305,Serviceable,false,
522306,Serviceable,false,
522307,Serviceable,false,
522308,Serviceable,false,
522309,Serviceable,false,
522310,Serviceable,false,
522311,Serviceable,false,
522312,Serviceable,false,
522313,Serviceable,false,
522314,Serviceable,false,
522315,Serviceable,false,
522316,Serviceable,false,
522318,Serviceable,false,
522321,Serviceable,false,
522324,Serviceable,false,
522325,Serviceable,false,
522329,Serviceable,false,
522330,Serviceable,false,
522332,Serviceable,false,
522340,Serviceable,false,
522341,Serviceable,false,
522354,Serviceable,false,
522401,Serviceable,false,
522402,Serviceable,false,
522403,Serviceable,false,
522407,Serviceable,false,
522408,Serviceable,false,
522409,Serviceable,false,
522410,Serviceable,false,
522411,Serviceable,false,
522412,Serviceable,false,
522413,Serviceable,false,
522414,Serviceable,false,
522415,Serviceable,false,
522421,Serviceable,false,
522426,Serviceable,false,
522435,Serviceable,false,
522436,Serviceable,false,
522437,Serviceable,false,
522438,Serviceable,false,
522439,Serviceable,false,
522501,Serviceable,false,
522502,Serviceable,false,
522503,Serviceable,false,
522508,Serviceable,false,
522509,Serviceable,false,
522511,Serviceable,false,
522515,Serviceable,false,
522529,Serviceable,false,
522549,Serviceable,false,
522601,Serviceable,false,
522603,Serviceable,false,
522611,Serviceable,false,
522612,Serviceable,false,
522613,Serviceable,false,
522614,Serviceable,false,
522615,Serviceable,false,
522616,Serviceable,false,
522617,Serviceable,false,
522619,Serviceable,false,
522620,Serviceable,false,
522626,Serviceable,false,
522630,Serviceable,false,
522631,Serviceable,false,
522646,Serviceable,false,
522647,Serviceable,false,
522649,Serviceable,false,
522655,Serviceable,false,
522657,Serviceable,false,
522658,Serviceable,false,
522659,Serviceable,false,
522660,Serviceable,false,
522661,Serviceable,false,
522663,Serviceable,false,
523001,Serviceable,false,
523002,Serviceable,false,
523101,Serviceable,false,
523104,Serviceable,false,
523105,Serviceable,false,
523106,Serviceable,false,
523108,Serviceable,false,
523109,Serviceable,false,
523110,Serviceable,false,
523111,Serviceable,false,
523112,Serviceable,false,
523113,Serviceable,false,
523114,Serviceable,false,
523115,Serviceable,false,
523116,Serviceable,false,
523117,Serviceable,false,
523121,Serviceable,false,
523124,Serviceable,false,
523125,Serviceable,false,
523135,Serviceable,false,
523155,Serviceable,false,
523156,Serviceable,false,
523157,Serviceable,false,
523165,Serviceable,false,
523166,Serviceable,false,
523167,Serviceable,false,
523168,Serviceable,false,
523169,Serviceable,false,
523170,Serviceable,false,
523171,Serviceable,false,
523181,Serviceable,false,
523182,Serviceable,false,
523183,Serviceable,false,
523184,Serviceable,false,
523185,Serviceable,false,
523186,Serviceable,false,
523187,Serviceable,false,
523188,Serviceable,false,
523189,Serviceable,false,
523190,Serviceable,false,
523194,Serviceable,false,
523195,Serviceable,false,
523201,Serviceable,false,
523211,Serviceable,false,
523212,Serviceable,false,
523213,Serviceable,false,
523216,Serviceable,false,
523219,Serviceable,false,
523223,Serviceable,false,
523224,Serviceable,false,
523225,Serviceable,false,
523226,Serviceable,false,
523227,Serviceable,false,
523228,Serviceable,false,
523230,Serviceable,false,
523241,Serviceable,false,
523243,Serviceable,false,
523246,Serviceable,false,
523247,Serviceable,false,
523252,Serviceable,false,
523253,Serviceable,false,
523254,Serviceable,false,
523260,Serviceable,false,
523261,Serviceable,false,
523262,Serviceable,false,
523263,Serviceable,false,
523264,Serviceable,false,
523265,Serviceable,false,
523267,Serviceable,false,
523269,Serviceable,false,
523270,Serviceable,false,
523271,Serviceable,false,
523272,Serviceable,false,
523273,Serviceable,false,
523277,Serviceable,false,
523279,Serviceable,false,
523280,Serviceable,false,
523281,Serviceable,false,
523285,Serviceable,false,
523286,Serviceable,false,
523290,Serviceable,false,
523291,Serviceable,false,
523292,Serviceable,false,
523297,Serviceable,false,
523301,Serviceable,false,
523302,Serviceable,false,
523303,Serviceable,false,
523304,Serviceable,false,
523305,Serviceable,false,
523315,Serviceable,false,
523316,Serviceable,false,
523320,Serviceable,false,
523326,Serviceable,false,
523327,Serviceable,false,
523328,Serviceable,false,
523329,Serviceable,false,
523330,Serviceable,false,
523331,Serviceable,false,
523332,Serviceable,false,
523333,Serviceable,false,
523334,Serviceable,false,
523335,Serviceable,false,
523336,Serviceable,false,
523338,Serviceable,false,
523345,Serviceable,false,
523346,Serviceable,false,
523356,Serviceable,false,
523357,Serviceable,false,
523367,Serviceable,false,
523368,Serviceable,false,
523369,Serviceable,false,
523370,Serviceable,false,
523371,Serviceable,false,
523373,Serviceable,false,
524001,Serviceable,false,
524002,Serviceable,false,
524003,Serviceable,false,
524004,Serviceable,false,
524005,Serviceable,false,
524101,Serviceable,false,
524121,Serviceable,false,
524123,Serviceable,false,
524124,Serviceable,false,
524126,Serviceable,false,
524127,Serviceable,false,
524129,Serviceable,false,
524131,Serviceable,false,
524132,Serviceable,false,
524134,Serviceable,false,
524137,Serviceable,false,
524142,Serviceable,false,
524152,Serviceable,false,
524201,Serviceable,false,
524203,Serviceable,false,
524221,Serviceable,false,
524222,Serviceable,false,
524223,Serviceable,false,
524224,Serviceable,false,
524225,Serviceable,false,
524226,Serviceable,false,
524227,Serviceable,false,
524228,Serviceable,false,
524230,Serviceable,false,
524234,Serviceable,false,
524236,Serviceable,false,
524239,Serviceable,false,
524240,Serviceable,false,
524302,Serviceable,false,
524303,Serviceable,false,
524304,Serviceable,false,
524305,Serviceable,false,
524306,Serviceable,false,
524307,Serviceable,false,
524308,Serviceable,false,
524309,Serviceable,false,
524310,Serviceable,false,
524311,Serviceable,false,
524312,Serviceable,false,
524313,Serviceable,false,
524314,Serviceable,false,
524315,Serviceable,false,
524316,Serviceable,false,
524317,Serviceable,false,
524318,Serviceable,false,
524320,Serviceable,false,
524321,Serviceable,false,
524322,Serviceable,false,
524323,Serviceable,false,
524341,Serviceable,false,
524342,Serviceable,false,
524343,Serviceable,false,
524344,Serviceable,false,
524345,Serviceable,false,
524346,Serviceable,false,
524347,Serviceable,false,
524366,Serviceable,false,
524401,Serviceable,false,
524402,Serviceable,false,
524403,Serviceable,false,
524404,Serviceable,false,
524405,Serviceable,false,
524406,Serviceable,false,
524407,Serviceable,false,
524408,Serviceable,false,
524409,Serviceable,false,
524410,Serviceable,false,
524411,Serviceable,false,
524412,Serviceable,false,
524413,Serviceable,false,
524414,Serviceable,false,
524415,Serviceable,false,
524421,Serviceable,false,
530002,Serviceable,false,
530004,Serviceable,false,
530005,Serviceable,false,
530007,Serviceable,false,
530008,Serviceable,false,
530009,Serviceable,false,
530011,Serviceable,false,
530012,Serviceable,false,
530013,Serviceable,false,
530016,Serviceable,false,
530017,Serviceable,false,
530018,Serviceable,false,
530020,Serviceable,false,
530022,Serviceable,false,
530024,Serviceable,false,
530026,Serviceable,false,
530027,Serviceable,false,
530028,Serviceable,false,
530029,Serviceable,false,
530032,Serviceable,false,
530040,Serviceable,false,
530041,Serviceable,false,
530043,Serviceable,false,
530044,Serviceable,false,
530045,Serviceable,false,
530046,Serviceable,false,
530047,Serviceable,false,
530048,Serviceable,false,
530051,Serviceable,false,
530052,Serviceable,false,
530053,Serviceable,false,
531001,Serviceable,false,
531002,Serviceable,false,
531011,Serviceable,false,
531019,Serviceable,false,
531020,Serviceable,false,
531021,Serviceable,false,
531022,Serviceable,false,
531023,Serviceable,false,
531025,Serviceable,false,
531026,Serviceable,false,
531027,Serviceable,false,
531028,Serviceable,false,
531029,Serviceable,false,
531032,Serviceable,false,
531033,Serviceable,false,
531034,Serviceable,false,
531035,Serviceable,false,
531036,Serviceable,false,
531040,Serviceable,false,
531055,Serviceable,false,
531060,Serviceable,false,
531061,Serviceable,false,
531075,Serviceable,false,
531077,Serviceable,false,
531081,Serviceable,false,
531082,Serviceable,false,
531083,Serviceable,false,
531084,Serviceable,false,
531085,Serviceable,false,
531087,Serviceable,false,
531111,Serviceable,false,
531113,Serviceable,false,
531114,Serviceable,false,
531115,Serviceable,false,
531116,Serviceable,false,
531117,Serviceable,false,
531126,Serviceable,false,
531127,Serviceable,false,
531149,Serviceable,false,
531162,Serviceable,false,
531163,Serviceable,false,
531173,Serviceable,false,
531219,Serviceable,false,
532001,Serviceable,false,
532005,Serviceable,false,
532123,Serviceable,false,
532127,Serviceable,false,
532148,Serviceable,false,
532168,Serviceable,false,
532185,Serviceable,false,
532195,Serviceable,false,
532201,Serviceable,false,
532212,Serviceable,false,
532213,Serviceable,false,
532214,Serviceable,false,
532215,Serviceable,false,
532218,Serviceable,false,
532219,Serviceable,false,
532220,Serviceable,false,
532221,Serviceable,false,
532222,Serviceable,false,
532242,Serviceable,false,
532243,Serviceable,false,
532263,Serviceable,false,
532284,Serviceable,false,
532291,Serviceable,false,
532292,Serviceable,false,
532312,Serviceable,false,
532322,Serviceable,false,
532401,Serviceable,false,
532402,Serviceable,false,
532403,Serviceable,false,
532405,Serviceable,false,
532406,Serviceable,false,
532407,Serviceable,false,
532408,Serviceable,false,
532410,Serviceable,false,
532421,Serviceable,false,
532425,Serviceable,false,
532426,Serviceable,false,
532427,Serviceable,false,
532429,Serviceable,false,
532430,Serviceable,false,
532432,Serviceable,false,
532440,Serviceable,false,
532445,Serviceable,false,
532456,Serviceable,false,
532457,Serviceable,false,
532458,Serviceable,false,
532459,Serviceable,false,
532460,Serviceable,false,
532461,Serviceable,false,
532462,Serviceable,false,
532474,Serviceable,false,
532484,Serviceable,false,
533001,Serviceable,false,
533003,Serviceable,false,
533004,Serviceable,false,
533005,Serviceable,false,
533006,Serviceable,false,
533016,Serviceable,false,
533101,Serviceable,false,
533103,Serviceable,false,
533104,Serviceable,false,
533105,Serviceable,false,
533106,Serviceable,false,
533108,Serviceable,false,
533109,Serviceable,false,
533110,Serviceable,false,
533124,Serviceable,false,
533214,Serviceable,false,
533277,Serviceable,false,
533431,Serviceable,false,
534483,Serviceable,false,
535002,Serviceable,false,
535003,Serviceable,false,
535004,Serviceable,false,
535005,Serviceable,false,
535006,Serviceable,false,
535102,Serviceable,false,
535124,Serviceable,false,
535126,Serviceable,false,
535128,Serviceable,false,
535145,Serviceable,false,
535160,Serviceable,false,
535183,Serviceable,false,
535204,Serviceable,false,
535213,Serviceable,false,
535214,Serviceable,false,
535215,Serviceable,false,
535218,Serviceable,false,
535250,Serviceable,false,
535260,Serviceable,false,
535270,Serviceable,false,
535273,Serviceable,false,
535281,Serviceable,false,
535463,Serviceable,false,
535501,Serviceable,false,
535521,Serviceable,false,
535523,Serviceable,false,
535525,Serviceable,false,
535526,Serviceable,false,
535527,Serviceable,false,
535546,Serviceable,false,
535547,Serviceable,false,
535557,Serviceable,false,
535558,Serviceable,false,
535568,Serviceable,false,
535573,Serviceable,false,
535578,Serviceable,false,
535579,Serviceable,false,
535580,Serviceable,false,
535591,Serviceable,false,
560001,Serviceable,false,
560002,Serviceable,false,
560003,Serviceable,false,
560004,Serviceable,false,
560005,Serviceable,false,
560006,Serviceable,false,
560007,Serviceable,false,
560008,Serviceable,false,
560009,Serviceable,false,
560010,Serviceable,false,
560011,Serviceable,false,
560012,Serviceable,false,
560013,Serviceable,false,
560014,Serviceable,false,
560015,Serviceable,false,
560016,Serviceable,false,
560017,Serviceable,false,
560018,Serviceable,false,
560019,Serviceable,false,
560020,Serviceable,false,
560021,Serviceable,false,
560022,Serviceable,false,
560023,Serviceable,false,
560024,Serviceable,false,
560025,Serviceable,false,
560026,Serviceable,false,
560027,Serviceable,false,
560028,Serviceable,false,
560029,Serviceable,false,
560030,Serviceable,false,
560031,Serviceable,false,
560032,Serviceable,false,
560033,Serviceable,false,
560034,Serviceable,false,
560035,Serviceable,false,
560036,Serviceable,false,
560037,Serviceable,false,
560038,Serviceable,false,
560039,Serviceable,false,
560040,Serviceable,false,
560041,Serviceable,false,
560042,Serviceable,false,
560043,Serviceable,false,
560044,Serviceable,false,
560045,Serviceable,false,
560047,Serviceable,false,
560048,Serviceable,false,
560049,Serviceable,false,
560050,Serviceable,false,
560051,Serviceable,false,
560052,Serviceable,false,
560053,Serviceable,false,
560054,Serviceable,false,
560055,Serviceable,false,
560056,Serviceable,false,
560057,Serviceable,false,
560058,Serviceable,false,
560059,Serviceable,false,
560060,Serviceable,false,
560061,Serviceable,false,
560062,Serviceable,false,
560063,Serviceable,false,
560064,Serviceable,false,
560065,Serviceable,false,
560066,Serviceable,false,
560067,Serviceable,false,
560068,Serviceable,false,
560069,Serviceable,false,
560070,Serviceable,false,
560071,Serviceable,false,
560072,Serviceable,false,
560073,Serviceable,false,
560074,Serviceable,false,
560075,Serviceable,false,
560076,Serviceable,false,
560077,Serviceable,false,
560078,Serviceable,false,
560079,Serviceable,false,
560080,Serviceable,false,
560081,Serviceable,false,
560082,Serviceable,false,
560083,Serviceable,false,
560084,Serviceable,false,
560085,Serviceable,false,
560086,Serviceable,false,
560087,Serviceable,false,
560088,Serviceable,false,
560089,Serviceable,false,
560090,Serviceable,false,
560091,Serviceable,false,
560092,Serviceable,false,
560093,Serviceable,false,
560094,Serviceable,false,
560095,Serviceable,false,
560096,Serviceable,false,
560097,Serviceable,false,
560098,Serviceable,false,
560099,Serviceable,false,
560100,Serviceable,false,
560101,Serviceable,false,
560102,Serviceable,false,
560103,Serviceable,false,
560104,Serviceable,false,
560105,Serviceable,false,
560106,Serviceable,false,
560107,Serviceable,false,
560108,Serviceable,false,
560109,Serviceable,false,
560110,Serviceable,false,
560111,Serviceable,false,
561101,Serviceable,false,
561202,Serviceable,false,
561203,Serviceable,false,
561204,Serviceable,false,
561205,Serviceable,false,
561206,Serviceable,false,
561207,Serviceable,false,
561208,Serviceable,false,
561209,Serviceable,false,
561210,Serviceable,false,
561212,Serviceable,false,
561213,Serviceable,false,
561214,Serviceable,false,
561215,Serviceable,false,
561226,Serviceable,false,
561227,Serviceable,false,
562101,Serviceable,false,
562102,Serviceable,false,
562103,Serviceable,false,
562104,Serviceable,false,
562105,Serviceable,false,
562106,Serviceable,false,
562107,Serviceable,false,
562109,Serviceable,false,
562110,Serviceable,false,
562111,Serviceable,false,
562114,Serviceable,false,
562115,Serviceable,false,
562116,Serviceable,false,
562117,Serviceable,false,
562122,Serviceable,false,
562123,Serviceable,false,
562124,Serviceable,false,
562125,Serviceable,false,
562127,Serviceable,false,
562129,Serviceable,false,
562130,Serviceable,false,
562131,Serviceable,false,
562132,Serviceable,false,
562134,Serviceable,false,
562135,Serviceable,false,
562136,Serviceable,false,
562137,Serviceable,false,
562139,Serviceable,false,
562140,Serviceable,false,
562142,Serviceable,false,
562143,Serviceable,false,
562144,Serviceable,false,
562145,Serviceable,false,
562147,Serviceable,false,
562148,Serviceable,false,
562149,Serviceable,false,
562150,Serviceable,false,
562151,Serviceable,false,
562152,Serviceable,false,
562153,Serviceable,false,
562154,Serviceable,false,
562157,Serviceable,false,
562158,Serviceable,false,
562159,Serviceable,false,
562162,Serviceable,false,
563101,Serviceable,false,
563113,Serviceable,false,
563115,Serviceable,false,
563116,Serviceable,false,
563120,Serviceable,false,
563123,Serviceable,false,
563124,Serviceable,false,
563125,Serviceable,false,
563126,Serviceable,false,
563127,Serviceable,false,
563129,Serviceable,false,
563130,Serviceable,false,
563131,Serviceable,false,
563132,Serviceable,false,
563134,Serviceable,false,
563136,Serviceable,false,
563138,Serviceable,false,
563139,Serviceable,false,
563160,Serviceable,false,
563161,Serviceable,false,
563162,Serviceable,false,
566057,Serviceable,false,
570001,Serviceable,false,
570002,Serviceable,false,
570003,Serviceable,false,
570004,Serviceable,false,
570005,Serviceable,false,
570006,Serviceable,false,
570007,Serviceable,false,
570008,Serviceable,false,
570009,Serviceable,false,
570010,Serviceable,false,
570011,Serviceable,false,
570012,Serviceable,false,
570013,Serviceable,false,
570014,Serviceable,false,
570015,Serviceable,false,
570016,Serviceable,false,
570017,Serviceable,false,
570018,Serviceable,false,
570019,Serviceable,false,
570020,Serviceable,false,
570021,Serviceable,false,
570022,Serviceable,false,
570023,Serviceable,false,
570024,Serviceable,false,
570025,Serviceable,false,
570026,Serviceable,false,
570028,Serviceable,false,
570029,Serviceable,false,
570030,Serviceable,false,
570031,Serviceable,false,
570032,Serviceable,false,
570033,Serviceable,false,
571101,Serviceable,false,
571102,Serviceable,false,
571103,Serviceable,false,
571104,Serviceable,false,
571105,Serviceable,false,
571106,Serviceable,false,
571107,Serviceable,false,
571108,Serviceable,false,
571109,Serviceable,false,
571110,Serviceable,false,
571111,Serviceable,false,
571114,Serviceable,false,
571115,Serviceable,false,
571116,Serviceable,false,
571117,Serviceable,false,
571118,Serviceable,false,
571119,Serviceable,false,
571120,Serviceable,false,
571121,Serviceable,false,
571122,Serviceable,false,
571124,Serviceable,false,
571125,Serviceable,false,
571126,Serviceable,false,
571128,Serviceable,false,
571129,Serviceable,false,
571130,Serviceable,false,
571133,Serviceable,false,
571134,Serviceable,false,
571135,Serviceable,false,
571136,Serviceable,false,
571137,Serviceable,false,
571138,Serviceable,false,
571139,Serviceable,false,
571140,Serviceable,false,
571143,Serviceable,false,
571147,Serviceable,false,
571152,Serviceable,false,
571153,Serviceable,false,
571154,Serviceable,false,
571155,Serviceable,false,
571156,Serviceable,false,
571157,Serviceable,false,
571159,Serviceable,false,
571161,Serviceable,false,
571163,Serviceable,false,
571164,Serviceable,false,
571166,Serviceable,false,
571167,Serviceable,false,
571168,Serviceable,false,
571171,Serviceable,false,
571173,Serviceable,false,
571175,Serviceable,false,
571176,Serviceable,false,
571177,Serviceable,false,
571181,Serviceable,false,
571182,Serviceable,false,
571183,Serviceable,false,
571184,Serviceable,false,
571187,Serviceable,false,
571188,Serviceable,false,
571189,Serviceable,false,
571224,Serviceable,false,
571246,Serviceable,false,
571301,Serviceable,false,
571302,Serviceable,false,
571311,Serviceable,false,
571312,Serviceable,false,
571313,Serviceable,false,
571314,Serviceable,false,
571315,Serviceable,false,
571317,Serviceable,false,
571319,Serviceable,false,
571321,Serviceable,false,
571322,Serviceable,false,
571323,Serviceable,false,
571324,Serviceable,false,
571325,Serviceable,false,
571326,Serviceable,false,
571328,Serviceable,false,
571329,Serviceable,false,
571333,Serviceable,false,
571335,Serviceable,false,
571339,Serviceable,false,
571340,Serviceable,false,
571341,Serviceable,false,
571342,Serviceable,false,
571401,Serviceable,false,
571402,Serviceable,false,
571403,Serviceable,false,
571404,Serviceable,false,
571405,Serviceable,false,
571415,Serviceable,false,
571416,Serviceable,false,
571418,Serviceable,false,
571419,Serviceable,false,
571421,Serviceable,false,
571422,Serviceable,false,
571423,Serviceable,false,
571424,Serviceable,false,
571425,Serviceable,false,
571426,Serviceable,false,
571427,Serviceable,false,
571428,Serviceable,false,
571429,Serviceable,false,
571430,Serviceable,false,
571431,Serviceable,false,
571432,Serviceable,false,
571433,Serviceable,false,
571434,Serviceable,false,
571435,Serviceable,false,
571436,Serviceable,false,
571438,Serviceable,false,
571439,Serviceable,false,
571440,Serviceable,false,
571441,Serviceable,false,
571442,Serviceable,false,
571443,Serviceable,false,
571445,Serviceable,false,
571446,Serviceable,false,
571455,Serviceable,false,
571457,Serviceable,false,
571463,Serviceable,false,
571468,Serviceable,false,
571480,Serviceable,false,
571484,Serviceable,false,
571489,Serviceable,false,
571491,Serviceable,false,
571494,Serviceable,false,
571495,Serviceable,false,
571499,Serviceable,false,
571501,Serviceable,false,
571502,Serviceable,false,
571601,Serviceable,false,
571602,Serviceable,false,
571603,Serviceable,false,
571604,Serviceable,false,
571605,Serviceable,false,
571607,Serviceable,false,
571608,Serviceable,false,
571609,Serviceable,false,
571610,Serviceable,false,
571613,Serviceable,false,
571617,Serviceable,false,
571803,Serviceable,false,
571805,Serviceable,false,
571807,Serviceable,false,
571808,Serviceable,false,
571812,Serviceable,false,
572001,Serviceable,false,
572101,Serviceable,false,
572102,Serviceable,false,
572103,Serviceable,false,
572104,Serviceable,false,
572105,Serviceable,false,
572106,Serviceable,false,
572107,Serviceable,false,
572111,Serviceable,false,
572112,Serviceable,false,
572113,Serviceable,false,
572114,Serviceable,false,
572115,Serviceable,false,
572116,Serviceable,false,
572117,Serviceable,false,
572118,Serviceable,false,
572119,Serviceable,false,
572120,Serviceable,false,
572121,Serviceable,false,
572122,Serviceable,false,
572123,Serviceable,false,
572124,Serviceable,false,
572125,Serviceable,false,
572126,Serviceable,false,
572127,Serviceable,false,
572128,Serviceable,false,
572129,Serviceable,false,
572132,Serviceable,false,
572133,Serviceable,false,
572134,Serviceable,false,
572135,Serviceable,false,
572136,Serviceable,false,
572137,Serviceable,false,
572138,Serviceable,false,
572139,Serviceable,false,
572140,Serviceable,false,
572141,Serviceable,false,
572142,Serviceable,false,
572144,Serviceable,false,
572145,Serviceable,false,
572146,Serviceable,false,
572147,Serviceable,false,
572154,Serviceable,false,
572158,Serviceable,false,
572159,Serviceable,false,
572162,Serviceable,false,
572164,Serviceable,false,
572171,Serviceable,false,
572172,Serviceable,false,
572173,Serviceable,false,
572174,Serviceable,false,
572175,Serviceable,false,
572201,Serviceable,false,
572202,Serviceable,false,
572211,Serviceable,false,
572212,Serviceable,false,
572213,Serviceable,false,
572214,Serviceable,false,
572215,Serviceable,false,
572216,Serviceable,false,
572217,Serviceable,false,
572218,Serviceable,false,
572219,Serviceable,false,
572220,Serviceable,false,
572221,Serviceable,false,
572222,Serviceable,false,
572223,Serviceable,false,
572224,Serviceable,false,
572225,Serviceable,false,
572226,Serviceable,false,
572227,Serviceable,false,
572228,Serviceable,false,
572230,Serviceable,false,
572231,Serviceable,false,
572232,Serviceable,false,
572233,Serviceable,false,
572234,Serviceable,false,
572239,Serviceable,false,
573102,Serviceable,false,
573103,Serviceable,false,
573111,Serviceable,false,
573112,Serviceable,false,
573113,Serviceable,false,
573115,Serviceable,false,
573118,Serviceable,false,
573119,Serviceable,false,
573120,Serviceable,false,
573121,Serviceable,false,
573122,Serviceable,false,
573124,Serviceable,false,
573126,Serviceable,false,
573127,Serviceable,false,
573128,Serviceable,false,
573129,Serviceable,false,
573135,Serviceable,false,
573136,Serviceable,false,
573141,Serviceable,false,
573142,Serviceable,false,
573144,Serviceable,false,
573162,Serviceable,false,
573164,Serviceable,false,
573165,Serviceable,false,
573201,Serviceable,false,
573202,Serviceable,false,
573210,Serviceable,false,
573212,Serviceable,false,
573213,Serviceable,false,
573214,Serviceable,false,
573215,Serviceable,false,
573217,Serviceable,false,
573218,Serviceable,false,
573220,Serviceable,false,
573225,Serviceable,false,
574101,Serviceable,false,
574102,Serviceable,false,
574104,Serviceable,false,
574105,Serviceable,false,
574106,Serviceable,false,
574110,Serviceable,false,
574111,Serviceable,false,
574114,Serviceable,false,
574115,Serviceable,false,
574116,Serviceable,false,
574117,Serviceable,false,
574119,Serviceable,false,
574120,Serviceable,false,
574121,Serviceable,false,
574123,Serviceable,false,
574124,Serviceable,false,
574125,Serviceable,false,
574126,Serviceable,false,
574128,Serviceable,false,
574130,Serviceable,false,
574131,Serviceable,false,
574132,Serviceable,false,
574133,Serviceable,false,
574134,Serviceable,false,
574136,Serviceable,false,
574137,Serviceable,false,
574138,Serviceable,false,
574139,Serviceable,false,
574140,Serviceable,false,
574142,Serviceable,false,
574143,Serviceable,false,
574147,Serviceable,false,
574149,Serviceable,false,
574150,Serviceable,false,
574152,Serviceable,false,
574156,Serviceable,false,
574157,Serviceable,false,
574158,Serviceable,false,
574160,Serviceable,false,
574161,Serviceable,false,
574162,Serviceable,false,
574163,Serviceable,false,
574164,Serviceable,false,
574165,Serviceable,false,
574166,Serviceable,false,
574167,Serviceable,false,
574168,Serviceable,false,
574171,Serviceable,false,
574172,Serviceable,false,
574173,Serviceable,false,
574174,Serviceable,false,
574175,Serviceable,false,
574176,Serviceable,false,
574177,Serviceable,false,
574178,Serviceable,false,
574179,Serviceable,false,
574180,Serviceable,false,
574181,Serviceable,false,
574182,Serviceable,false,
574183,Serviceable,false,
574184,Serviceable,false,
574185,Serviceable,false,
574186,Serviceable,false,
574187,Serviceable,false,
574188,Serviceable,false,
574189,Serviceable,false,
574190,Serviceable,false,
574191,Serviceable,false,
574192,Serviceable,false,
574194,Serviceable,false,
574195,Serviceable,false,
574196,Serviceable,false,
574208,Serviceable,false,
574216,Serviceable,false,
574219,Serviceable,false,
574236,Serviceable,false,
574238,Serviceable,false,
574244,Serviceable,false,
574245,Serviceable,false,
574246,Serviceable,false,
574247,Serviceable,false,
574249,Serviceable,false,
574250,Serviceable,false,
574251,Serviceable,false,
574252,Serviceable,false,
574254,Serviceable,false,
574255,Serviceable,false,
574256,Serviceable,false,
574257,Serviceable,false,
574258,Serviceable,false,
574261,Serviceable,false,
574262,Serviceable,false,
574263,Serviceable,false,
574264,Serviceable,false,
574266,Serviceable,false,
574268,Serviceable,false,
574269,Serviceable,false,
574270,Serviceable,false,
574272,Serviceable,false,
574273,Serviceable,false,
574275,Serviceable,false,
574276,Serviceable,false,
574277,Serviceable,false,
574278,Serviceable,false,
574280,Serviceable,false,
574282,Serviceable,false,
574283,Serviceable,false,
574284,Serviceable,false,
574286,Serviceable,false,
574287,Serviceable,false,
574288,Serviceable,false,
574289,Serviceable,false,
574290,Serviceable,false,
574291,Serviceable,false,
574292,Serviceable,false,
574293,Serviceable,false,
574294,Serviceable,false,
574295,Serviceable,false,
574296,Serviceable,false,
574297,Serviceable,false,
574298,Serviceable,false,
574299,Serviceable,false,
574301,Serviceable,false,
574302,Serviceable,false,
574303,Serviceable,false,
574304,Serviceable,false,
574305,Serviceable,false,
574306,Serviceable,false,
574309,Serviceable,false,
574310,Serviceable,false,
574311,Serviceable,false,
574312,Serviceable,false,
574315,Serviceable,false,
574316,Serviceable,false,
574317,Serviceable,false,
574318,Serviceable,false,
574319,Serviceable,false,
574320,Serviceable,false,
574321,Serviceable,false,
574333,Serviceable,false,
574334,Serviceable,false,
574335,Serviceable,false,
574336,Serviceable,false,
574337,Serviceable,false,
574371,Serviceable,false,
574501,Serviceable,false,
574502,Serviceable,false,
574503,Serviceable,false,
574504,Serviceable,false,
574505,Serviceable,false,
574507,Serviceable,false,
574508,Serviceable,false,
575001,Serviceable,false,
575002,Serviceable,false,
575004,Serviceable,false,
575005,Serviceable,false,
575006,Serviceable,false,
575008,Serviceable,false,
575010,Serviceable,false,
575011,Serviceable,false,
575012,Serviceable,false,
575013,Serviceable,false,
575014,Serviceable,false,
575015,Serviceable,false,
575016,Serviceable,false,
575017,Serviceable,false,
575018,Serviceable,false,
575019,Serviceable,false,
575022,Serviceable,false,
575027,Serviceable,false,
575028,Serviceable,false,
575029,Serviceable,false,
575030,Serviceable,false,
575253,Serviceable,false,
576101,Serviceable,false,
576102,Serviceable,false,
576103,Serviceable,false,
576104,Serviceable,false,
576105,Serviceable,false,
576106,Serviceable,false,
576107,Serviceable,false,
576108,Serviceable,false,
576112,Serviceable,false,
576113,Serviceable,false,
576115,Serviceable,false,
576116,Serviceable,false,
576118,Serviceable,false,
576119,Serviceable,false,
576120,Serviceable,false,
576121,Serviceable,false,
576122,Serviceable,false,
576123,Serviceable,false,
576124,Serviceable,false,
576126,Serviceable,false,
576127,Serviceable,false,
576128,Serviceable,false,
576129,Serviceable,false,
576130,Serviceable,false,
576131,Serviceable,false,
576132,Serviceable,false,
576133,Serviceable,false,
576134,Serviceable,false,
576135,Serviceable,false,
576136,Serviceable,false,
576137,Serviceable,false,
576138,Serviceable,false,
576139,Serviceable,false,
576141,Serviceable,false,
576142,Serviceable,false,
576143,Serviceable,false,
576144,Serviceable,false,
576145,Serviceable,false,
576146,Serviceable,false,
576148,Serviceable,false,
576150,Serviceable,false,
576153,Serviceable,false,
576201,Serviceable,false,
576210,Serviceable,false,
576211,Serviceable,false,
576212,Serviceable,false,
576213,Serviceable,false,
576215,Serviceable,false,
576217,Serviceable,false,
576218,Serviceable,false,
576219,Serviceable,false,
576221,Serviceable,false,
576222,Serviceable,false,
576223,Serviceable,false,
576224,Serviceable,false,
576225,Serviceable,false,
576229,Serviceable,false,
576230,Serviceable,false,
576233,Serviceable,false,
576234,Serviceable,false,
576235,Serviceable,false,
576236,Serviceable,false,
576237,Serviceable,false,
576238,Serviceable,false,
576239,Serviceable,false,
576240,Serviceable,false,
576241,Serviceable,false,
576242,Serviceable,false,
576243,Serviceable,false,
576244,Serviceable,false,
576245,Serviceable,false,
576246,Serviceable,false,
576248,Serviceable,false,
576249,Serviceable,false,
576250,Serviceable,false,
576251,Serviceable,false,
576252,Serviceable,false,
576253,Serviceable,false,
576255,Serviceable,false,
576256,Serviceable,false,
576257,Serviceable,false,
576258,Serviceable,false,
576259,Serviceable,false,
576260,Serviceable,false,
576261,Serviceable,false,
576262,Serviceable,false,
576263,Serviceable,false,
576264,Serviceable,false,
576265,Serviceable,false,
576266,Serviceable,false,
576267,Serviceable,false,
576269,Serviceable,false,
576270,Serviceable,false,
576271,Serviceable,false,
576272,Serviceable,false,
576273,Serviceable,false,
576274,Serviceable,false,
576275,Serviceable,false,
576276,Serviceable,false,
576277,Serviceable,false,
576278,Serviceable,false,
576279,Serviceable,false,
576280,Serviceable,false,
576281,Serviceable,false,
576282,Serviceable,false,
577001,Serviceable,false,
577002,Serviceable,false,
577003,Serviceable,false,
577004,Serviceable,false,
577005,Serviceable,false,
577006,Serviceable,false,
577101,Serviceable,false,
577112,Serviceable,false,
577116,Serviceable,false,
577124,Serviceable,false,
577125,Serviceable,false,
577126,Serviceable,false,
577127,Serviceable,false,
577128,Serviceable,false,
577129,Serviceable,false,
577136,Serviceable,false,
577138,Serviceable,false,
577139,Serviceable,false,
577140,Serviceable,false,
577144,Serviceable,false,
577145,Serviceable,false,
577168,Serviceable,false,
577174,Serviceable,false,
577175,Serviceable,false,
577180,Serviceable,false,
577182,Serviceable,false,
577201,Serviceable,false,
577202,Serviceable,false,
577203,Serviceable,false,
577204,Serviceable,false,
577205,Serviceable,false,
577211,Serviceable,false,
577213,Serviceable,false,
577214,Serviceable,false,
577215,Serviceable,false,
577216,Serviceable,false,
577217,Serviceable,false,
577218,Serviceable,false,
577219,Serviceable,false,
577221,Serviceable,false,
577222,Serviceable,false,
577223,Serviceable,false,
577224,Serviceable,false,
577227,Serviceable,false,
577228,Serviceable,false,
577230,Serviceable,false,
577232,Serviceable,false,
577239,Serviceable,false,
577243,Serviceable,false,
577245,Serviceable,false,
577302,Serviceable,false,
577411,Serviceable,false,
577413,Serviceable,false,
577414,Serviceable,false,
577415,Serviceable,false,
577416,Serviceable,false,
577419,Serviceable,false,
577423,Serviceable,false,
577425,Serviceable,false,
577427,Serviceable,false,
577428,Serviceable,false,
577432,Serviceable,false,
577433,Serviceable,false,
577436,Serviceable,false,
577447,Serviceable,false,
577448,Serviceable,false,
577451,Serviceable,false,
577452,Serviceable,false,
577501,Serviceable,false,
577502,Serviceable,false,
577511,Serviceable,false,
577512,Serviceable,false,
577515,Serviceable,false,
577516,Serviceable,false,
577517,Serviceable,false,
577518,Serviceable,false,
577519,Serviceable,false,
577522,Serviceable,false,
577523,Serviceable,false,
577524,Serviceable,false,
577525,Serviceable,false,
577526,Serviceable,false,
577527,Serviceable,false,
577530,Serviceable,false,
577531,Serviceable,false,
577533,Serviceable,false,
577534,Serviceable,false,
577535,Serviceable,false,
577537,Serviceable,false,
577539,Serviceable,false,
577540,Serviceable,false,
577541,Serviceable,false,
577543,Serviceable,false,
577544,Serviceable,false,
577545,Serviceable,false,
577546,Serviceable,false,
577547,Serviceable,false,
577549,Serviceable,false,
577551,Serviceable,false,
577552,Serviceable,false,
577553,Serviceable,false,
577555,Serviceable,false,
577556,Serviceable,false,
577558,Serviceable,false,
577566,Serviceable,false,
577589,Serviceable,false,
577597,Serviceable,false,
577598,Serviceable,false,
577599,Serviceable,false,
580001,Serviceable,false,
580002,Serviceable,false,
580003,Serviceable,false,
580004,Serviceable,false,
580005,Serviceable,false,
580006,Serviceable,false,
580007,Serviceable,false,
580008,Serviceable,false,
580009,Serviceable,false,
580010,Serviceable,false,
580011,Serviceable,false,
580020,Serviceable,false,
580021,Serviceable,false,
580023,Serviceable,false,
580024,Serviceable,false,
580025,Serviceable,false,
580026,Serviceable,false,
580028,Serviceable,false,
580029,Serviceable,false,
580030,Serviceable,false,
580031,Serviceable,false,
580032,Serviceable,false,
580110,Serviceable,false,
580112,Serviceable,false,
580113,Serviceable,false,
580114,Serviceable,false,
580115,Serviceable,false,
580116,Serviceable,false,
580117,Serviceable,false,
580118,Serviceable,false,
580211,Serviceable,false,
580213,Serviceable,false,
580215,Serviceable,false,
581104,Serviceable,false,
581105,Serviceable,false,
581106,Serviceable,false,
581107,Serviceable,false,
581109,Serviceable,false,
581111,Serviceable,false,
581113,Serviceable,false,
581115,Serviceable,false,
581117,Serviceable,false,
581118,Serviceable,false,
581119,Serviceable,false,
581120,Serviceable,false,
581122,Serviceable,false,
581123,Serviceable,false,
581127,Serviceable,false,
581131,Serviceable,false,
581134,Serviceable,false,
581135,Serviceable,false,
581137,Serviceable,false,
581138,Serviceable,false,
581139,Serviceable,false,
581142,Serviceable,false,
581147,Serviceable,false,
581151,Serviceable,false,
581154,Serviceable,false,
581155,Serviceable,false,
581156,Serviceable,false,
581157,Serviceable,false,
581158,Serviceable,false,
581160,Serviceable,false,
581162,Serviceable,false,
581163,Serviceable,false,
581164,Serviceable,false,
581167,Serviceable,false,
581168,Serviceable,false,
581169,Serviceable,false,
581170,Serviceable,false,
581171,Serviceable,false,
581173,Serviceable,false,
581175,Serviceable,false,
581177,Serviceable,false,
581180,Serviceable,false,
581181,Serviceable,false,
581183,Serviceable,false,
581191,Serviceable,false,
581192,Serviceable,false,
581193,Serviceable,false,
581201,Serviceable,false,
581202,Serviceable,false,
581203,Serviceable,false,
581204,Serviceable,false,
581205,Serviceable,false,
581206,Serviceable,false,
581207,Serviceable,false,
581208,Serviceable,false,
581209,Serviceable,false,
581210,Serviceable,false,
581211,Serviceable,false,
581212,Serviceable,false,
581213,Serviceable,false,
581214,Serviceable,false,
581215,Serviceable,false,
581218,Serviceable,false,
581219,Serviceable,false,
581221,Serviceable,false,
581222,Serviceable,false,
581227,Serviceable,false,
581229,Serviceable,false,
581232,Serviceable,false,
581233,Serviceable,false,
581234,Serviceable,false,
581236,Serviceable,false,
581405,Serviceable,false,
582013,Serviceable,false,
582101,Serviceable,false,
582104,Serviceable,false,
582112,Serviceable,false,
582113,Serviceable,false,
582115,Serviceable,false,
582118,Serviceable,false,
582119,Serviceable,false,
582120,Serviceable,false,
582122,Serviceable,false,
582123,Serviceable,false,
582125,Serviceable,false,
582126,Serviceable,false,
582128,Serviceable,false,
582131,Serviceable,false,
582132,Serviceable,false,
582135,Serviceable,false,
582140,Serviceable,false,
582141,Serviceable,false,
582142,Serviceable,false,
582146,Serviceable,false,
582201,Serviceable,false,
582204,Serviceable,false,
582205,Serviceable,false,
582207,Serviceable,false,
582208,Serviceable,false,
582209,Serviceable,false,
582212,Serviceable,false,
582213,Serviceable,false,
582214,Serviceable,false,
582215,Serviceable,false,
582216,Serviceable,false,
582219,Serviceable,false,
582223,Serviceable,false,
582229,Serviceable,false,
582230,Serviceable,false,
582231,Serviceable,false,
582232,Serviceable,false,
582234,Serviceable,false,
582235,Serviceable,false,
582238,Serviceable,false,
582240,Serviceable,false,
582241,Serviceable,false,
582243,Serviceable,false,
583101,Serviceable,false,
583102,Serviceable,false,
583103,Serviceable,false,
583104,Serviceable,false,
583112,Serviceable,false,
583113,Serviceable,false,
583114,Serviceable,false,
583115,Serviceable,false,
583116,Serviceable,false,
583117,Serviceable,false,
583119,Serviceable,false,
583120,Serviceable,false,
583121,Serviceable,false,
583122,Serviceable,false,
583123,Serviceable,false,
583124,Serviceable,false,
583126,Serviceable,false,
583127,Serviceable,false,
583128,Serviceable,false,
583129,Serviceable,false,
583131,Serviceable,false,
583132,Serviceable,false,
583133,Serviceable,false,
583137,Serviceable,false,
583139,Serviceable,false,
583140,Serviceable,false,
583141,Serviceable,false,
583142,Serviceable,false,
583143,Serviceable,false,
583144,Serviceable,false,
583145,Serviceable,false,
583146,Serviceable,false,
583147,Serviceable,false,
583148,Serviceable,false,
583149,Serviceable,false,
583150,Serviceable,false,
583151,Serviceable,false,
583201,Serviceable,false,
583202,Serviceable,false,
583203,Serviceable,false,
583211,Serviceable,false,
583212,Serviceable,false,
583213,Serviceable,false,
583217,Serviceable,false,
583218,Serviceable,false,
583220,Serviceable,false,
583221,Serviceable,false,
583223,Serviceable,false,
583225,Serviceable,false,
583226,Serviceable,false,
583227,Serviceable,false,
583228,Serviceable,false,
583229,Serviceable,false,
583230,Serviceable,false,
583232,Serviceable,false,
583234,Serviceable,false,
583235,Serviceable,false,
583236,Serviceable,false,
583237,Serviceable,false,
583238,Serviceable,false,
583239,Serviceable,false,
583240,Serviceable,false,
583241,Serviceable,false,
583242,Serviceable,false,
583243,Serviceable,false,
583244,Serviceable,false,
583245,Serviceable,false,
583246,Serviceable,false,
583247,Serviceable,false,
583250,Serviceable,false,
583251,Serviceable,false,
583252,Serviceable,false,
583253,Serviceable,false,
583254,Serviceable,false,
583255,Serviceable,false,
583258,Serviceable,false,
583262,Serviceable,false,
583263,Serviceable,false,
583267,Serviceable,false,
583268,Serviceable,false,
583269,Serviceable,false,
583271,Serviceable,false,
583272,Serviceable,false,
583274,Serviceable,false,
583275,Serviceable,false,
583277,Serviceable,false,
583278,Serviceable,false,
583281,Serviceable,false,
583282,Serviceable,false,
583286,Serviceable,false,
584101,Serviceable,false,
584103,Serviceable,false,
584111,Serviceable,false,
584113,Serviceable,false,
584115,Serviceable,false,
584116,Serviceable,false,
584118,Serviceable,false,
584120,Serviceable,false,
584122,Serviceable,false,
584125,Serviceable,false,
584126,Serviceable,false,
584127,Serviceable,false,
584128,Serviceable,false,
584130,Serviceable,false,
584133,Serviceable,false,
584134,Serviceable,false,
584135,Serviceable,false,
584136,Serviceable,false,
584138,Serviceable,false,
584139,Serviceable,false,
584142,Serviceable,false,
584167,Serviceable,false,
584170,Serviceable,false,
584202,Serviceable,false,
585102,Serviceable,false,
585103,Serviceable,false,
585104,Serviceable,false,
585109,Serviceable,false,
585112,Serviceable,false,
585152,Serviceable,false,
585153,Serviceable,false,
585154,Serviceable,false,
585201,Serviceable,false,
585202,Serviceable,false,
585214,Serviceable,false,
585216,Serviceable,false,
585218,Serviceable,false,
585221,Serviceable,false,
585222,Serviceable,false,
585223,Serviceable,false,
585224,Serviceable,false,
585226,Serviceable,false,
585227,Serviceable,false,
585237,Serviceable,false,
585238,Serviceable,false,
585239,Serviceable,false,
585243,Serviceable,false,
585244,Serviceable,false,
585245,Serviceable,false,
585247,Serviceable,false,
585248,Serviceable,false,
585249,Serviceable,false,
585250,Serviceable,false,
585253,Serviceable,false,
585254,Serviceable,false,
585260,Serviceable,false,
585262,Serviceable,false,
585264,Serviceable,false,
585266,Serviceable,false,
585268,Serviceable,false,
585269,Serviceable,false,
585271,Serviceable,false,
585272,Serviceable,false,
585275,Serviceable,false,
585276,Serviceable,false,
585278,Serviceable,false,
585282,Serviceable,false,
585285,Serviceable,false,
585286,Serviceable,false,
585287,Serviceable,false,
585289,Serviceable,false,
585291,Serviceable,false,
585301,Serviceable,false,
585304,Serviceable,false,
585309,Serviceable,false,
585313,Serviceable,false,
585315,Serviceable,false,
585319,Serviceable,false,
585321,Serviceable,false,
585323,Serviceable,false,
585327,Serviceable,false,
585328,Serviceable,false,
585329,Serviceable,false,
585330,Serviceable,false,
585331,Serviceable,false,
585333,Serviceable,false,
585334,Serviceable,false,
585337,Serviceable,false,
585338,Serviceable,false,
585339,Serviceable,false,
585340,Serviceable,false,
585342,Serviceable,false,
585343,Serviceable,false,
585344,Serviceable,false,
585355,Serviceable,false,
585359,Serviceable,false,
585361,Serviceable,false,
585363,Serviceable,false,
585366,Serviceable,false,
585370,Serviceable,false,
585371,Serviceable,false,
585372,Serviceable,false,
585374,Serviceable,false,
585378,Serviceable,false,
585401,Serviceable,false,
585402,Serviceable,false,
585403,Serviceable,false,
585411,Serviceable,false,
585412,Serviceable,false,
585413,Serviceable,false,
585415,Serviceable,false,
585416,Serviceable,false,
585417,Serviceable,false,
585418,Serviceable,false,
585419,Serviceable,false,
585421,Serviceable,false,
585436,Serviceable,false,
585437,Serviceable,false,
585443,Serviceable,false,
586101,Serviceable,false,
586111,Serviceable,false,
586165,Serviceable,false,
586245,Serviceable,false,
587101,Serviceable,false,
587102,Serviceable,false,
587112,Serviceable,false,
587113,Serviceable,false,
587116,Serviceable,false,
587117,Serviceable,false,
587118,Serviceable,false,
587119,Serviceable,false,
587121,Serviceable,false,
587122,Serviceable,false,
587124,Serviceable,false,
587125,Serviceable,false,
587154,Serviceable,false,
587155,Serviceable,false,
587156,Serviceable,false,
587201,Serviceable,false,
587202,Serviceable,false,
587203,Serviceable,false,
587204,Serviceable,false,
587205,Serviceable,false,
587206,Serviceable,false,
587207,Serviceable,false,
587301,Serviceable,false,
587311,Serviceable,false,
587312,Serviceable,false,
587313,Serviceable,false,
587314,Serviceable,false,
587315,Serviceable,false,
587330,Serviceable,false,
588220,Serviceable,false,
590001,Serviceable,false,
590002,Serviceable,false,
590004,Serviceable,false,
590005,Serviceable,false,
590006,Serviceable,false,
590007,Serviceable,false,
590010,Serviceable,false,
590011,Serviceable,false,
590012,Serviceable,false,
590013,Serviceable,false,
590019,Serviceable,false,
590543,Serviceable,false,
591101,Serviceable,false,
591103,Serviceable,false,
591107,Serviceable,false,
591115,Serviceable,false,
591116,Serviceable,false,
591122,Serviceable,false,
591132,Serviceable,false,
591134,Serviceable,false,
591135,Serviceable,false,
591137,Serviceable,false,
591138,Serviceable,false,
591139,Serviceable,false,
591140,Serviceable,false,
591141,Serviceable,false,
591142,Serviceable,false,
591144,Serviceable,false,
591145,Serviceable,false,
591146,Serviceable,false,
591148,Serviceable,false,
591149,Serviceable,false,
591150,Serviceable,false,
591151,Serviceable,false,
591152,Serviceable,false,
591154,Serviceable,false,
591155,Serviceable,false,
591157,Serviceable,false,
591158,Serviceable,false,
591159,Serviceable,false,
591160,Serviceable,false,
591161,Serviceable,false,
591162,Serviceable,false,
591163,Serviceable,false,
591164,Serviceable,false,
591167,Serviceable,false,
591168,Serviceable,false,
591169,Serviceable,false,
591171,Serviceable,false,
591175,Serviceable,false,
591176,Serviceable,false,
591177,Serviceable,false,
591178,Serviceable,false,
591180,Serviceable,false,
591181,Serviceable,false,
591182,Serviceable,false,
591183,Serviceable,false,
591184,Serviceable,false,
591185,Serviceable,false,
591186,Serviceable,false,
591187,Serviceable,false,
591188,Serviceable,false,
591189,Serviceable,false,
591190,Serviceable,false,
591191,Serviceable,false,
591192,Serviceable,false,
591193,Serviceable,false,
591194,Serviceable,false,
591195,Serviceable,false,
591196,Serviceable,false,
591197,Serviceable,false,
591198,Serviceable,false,
591220,Serviceable,false,
591234,Serviceable,false,
591245,Serviceable,false,
591249,Serviceable,false,
591250,Serviceable,false,
591251,Serviceable,false,
591252,Serviceable,false,
591253,Serviceable,false,
591255,Serviceable,false,
591256,Serviceable,false,
591257,Serviceable,false,
591258,Serviceable,false,
591259,Serviceable,false,
591260,Serviceable,false,
591261,Serviceable,false,
591262,Serviceable,false,
591264,Serviceable,false,
591266,Serviceable,false,
591267,Serviceable,false,
591268,Serviceable,false,
591269,Serviceable,false,
591270,Serviceable,false,
591271,Serviceable,false,
591272,Serviceable,false,
591273,Serviceable,false,
591274,Serviceable,false,
591275,Serviceable,false,
591276,Serviceable,false,
591279,Serviceable,false,
591280,Serviceable,false,
591281,Serviceable,false,
591282,Serviceable,false,
591284,Serviceable,false,
591285,Serviceable,false,
591286,Serviceable,false,
591288,Serviceable,false,
591289,Serviceable,false,
591290,Serviceable,false,
591291,Serviceable,false,
591292,Serviceable,false,
591293,Serviceable,false,
591295,Serviceable,false,
591296,Serviceable,false,
591297,Serviceable,false,
591298,Serviceable,false,
591299,Serviceable,false,
591304,Serviceable,false,
591307,Serviceable,false,
591318,Serviceable,false,
591320,Serviceable,false,
591321,Serviceable,false,
591322,Serviceable,false,
591323,Serviceable,false,
591324,Serviceable,false,
591327,Serviceable,false,
591328,Serviceable,false,
591329,Serviceable,false,
591330,Serviceable,false,
591331,Serviceable,false,
591332,Serviceable,false,
591333,Serviceable,false,
591334,Serviceable,false,
591337,Serviceable,false,
591339,Serviceable,false,
591343,Serviceable,false,
591501,Serviceable,false,
591502,Serviceable,false,
591503,Serviceable,false,
591504,Serviceable,false,
591505,Serviceable,false,
591506,Serviceable,false,
591507,Serviceable,false,
591508,Serviceable,false,
591509,Serviceable,false,
591510,Serviceable,false,
591511,Serviceable,false,
591512,Serviceable,false,
591513,Serviceable,false,
591514,Serviceable,false,
591515,Serviceable,false,
591516,Serviceable,false,
591517,Serviceable,false,
591701,Serviceable,false,
591702,Serviceable,false,
591703,Serviceable,false,
591802,Serviceable,false,
591812,Serviceable,false,
600001,Serviceable,false,
600002,Serviceable,false,
600003,Serviceable,false,
600004,Serviceable,false,
600005,Serviceable,false,
600006,Serviceable,false,
600007,Serviceable,false,
600008,Serviceable,false,
600009,Serviceable,false,
600010,Serviceable,false,
600011,Serviceable,false,
600012,Serviceable,false,
600013,Serviceable,false,
600014,Serviceable,false,
600015,Serviceable,false,
600016,Serviceable,false,
600017,Serviceable,false,
600018,Serviceable,false,
600019,Serviceable,false,
600020,Serviceable,false,
600021,Serviceable,false,
600022,Serviceable,false,
600023,Serviceable,false,
600024,Serviceable,false,
600025,Serviceable,false,
600026,Serviceable,false,
600027,Serviceable,false,
600028,Serviceable,false,
600029,Serviceable,false,
600030,Serviceable,false,
600031,Serviceable,false,
600032,Serviceable,false,
600033,Serviceable,false,
600034,Serviceable,false,
600035,Serviceable,false,
600037,Serviceable,false,
600038,Serviceable,false,
600039,Serviceable,false,
600040,Serviceable,false,
600041,Serviceable,false,
600042,Serviceable,false,
600043,Serviceable,false,
600044,Serviceable,false,
600045,Serviceable,false,
600046,Serviceable,false,
600047,Serviceable,false,
600048,Serviceable,false,
600049,Serviceable,false,
600050,Serviceable,false,
600051,Serviceable,false,
600053,Serviceable,false,
600054,Serviceable,false,
600055,Serviceable,false,
600056,Serviceable,false,
600057,Serviceable,false,
600058,Serviceable,false,
600059,Serviceable,false,
600060,Serviceable,false,
600061,Serviceable,false,
600062,Serviceable,false,
600063,Serviceable,false,
600064,Serviceable,false,
600065,Serviceable,false,
600066,Serviceable,false,
600067,Serviceable,false,
600068,Serviceable,false,
600069,Serviceable,false,
600070,Serviceable,false,
600071,Serviceable,false,
600072,Serviceable,false,
600073,Serviceable,false,
600074,Serviceable,false,
600075,Serviceable,false,
600076,Serviceable,false,
600077,Serviceable,false,
600078,Serviceable,false,
600079,Serviceable,false,
600080,Serviceable,false,
600081,Serviceable,false,
600082,Serviceable,false,
600083,Serviceable,false,
600084,Serviceable,false,
600085,Serviceable,false,
600086,Serviceable,false,
600087,Serviceable,false,
600088,Serviceable,false,
600089,Serviceable,false,
600090,Serviceable,false,
600091,Serviceable,false,
600092,Serviceable,false,
600093,Serviceable,false,
600094,Serviceable,false,
600095,Serviceable,false,
600096,Serviceable,false,
600097,Serviceable,false,
600098,Serviceable,false,
600099,Serviceable,false,
600100,Serviceable,false,
600101,Serviceable,false,
600102,Serviceable,false,
600103,Serviceable,false,
600104,Serviceable,false,
600105,Serviceable,false,
600106,Serviceable,false,
600107,Serviceable,false,
600108,Serviceable,false,
600109,Serviceable,false,
600110,Serviceable,false,
600111,Serviceable,false,
600112,Serviceable,false,
600113,Serviceable,false,
600114,Serviceable,false,
600115,Serviceable,false,
600116,Serviceable,false,
600117,Serviceable,false,
600118,Serviceable,false,
600119,Serviceable,false,
600120,Serviceable,false,
600122,Serviceable,false,
600123,Serviceable,false,
600124,Serviceable,false,
600125,Serviceable,false,
600126,Serviceable,false,
600127,Serviceable,false,
600128,Serviceable,false,
600129,Serviceable,false,
600130,Serviceable,false,
601021,Serviceable,false,
601101,Serviceable,false,
601102,Serviceable,false,
601103,Serviceable,false,
601201,Serviceable,false,
601202,Serviceable,false,
601203,Serviceable,false,
601204,Serviceable,false,
601206,Serviceable,false,
601301,Serviceable,false,
601302,Serviceable,false,
602001,Serviceable,false,
602002,Serviceable,false,
602003,Serviceable,false,
602021,Serviceable,false,
602022,Serviceable,false,
602024,Serviceable,false,
602025,Serviceable,false,
602026,Serviceable,false,
602027,Serviceable,false,
602030,Serviceable,false,
602105,Serviceable,false,
602106,Serviceable,false,
602108,Serviceable,false,
602109,Serviceable,false,
602117,Serviceable,false,
603001,Serviceable,false,
603002,Serviceable,false,
603101,Serviceable,false,
603102,Serviceable,false,
603103,Serviceable,false,
603104,Serviceable,false,
603105,Serviceable,false,
603106,Serviceable,false,
603107,Serviceable,false,
603108,Serviceable,false,
603109,Serviceable,false,
603110,Serviceable,false,
603111,Serviceable,false,
603112,Serviceable,false,
603201,Serviceable,false,
603202,Serviceable,false,
603203,Serviceable,false,
603204,Serviceable,false,
603209,Serviceable,false,
603210,Serviceable,false,
603211,Serviceable,false,
603301,Serviceable,false,
603302,Serviceable,false,
603303,Serviceable,false,
603304,Serviceable,false,
603305,Serviceable,false,
603306,Serviceable,false,
603307,Serviceable,false,
603308,Serviceable,false,
603309,Serviceable,false,
603310,Serviceable,false,
603311,Serviceable,false,
603312,Serviceable,false,
603313,Serviceable,false,
603314,Serviceable,false,
603319,Serviceable,false,
603401,Serviceable,false,
603402,Serviceable,false,
603405,Serviceable,false,
603406,Serviceable,false,
604001,Serviceable,false,
604002,Serviceable,false,
604101,Serviceable,false,
604102,Serviceable,false,
604103,Serviceable,false,
604151,Serviceable,false,
604152,Serviceable,false,
604153,Serviceable,false,
604154,Serviceable,false,
604201,Serviceable,false,
604202,Serviceable,false,
604204,Serviceable,false,
604205,Serviceable,false,
604206,Serviceable,false,
604207,Serviceable,false,
604301,Serviceable,false,
604302,Serviceable,false,
604303,Serviceable,false,
604304,Serviceable,false,
604306,Serviceable,false,
604307,Serviceable,false,
604401,Serviceable,false,
604402,Serviceable,false,
604403,Serviceable,false,
604404,Serviceable,false,
604405,Serviceable,false,
604406,Serviceable,false,
604407,Serviceable,false,
604408,Serviceable,false,
604409,Serviceable,false,
604410,Serviceable,false,
604412,Serviceable,false,
604414,Serviceable,false,
604415,Serviceable,false,
604501,Serviceable,false,
604503,Serviceable,false,
604504,Serviceable,false,
604601,Serviceable,false,
605001,Serviceable,false,
605003,Serviceable,false,
605004,Serviceable,false,
605005,Serviceable,false,
605006,Serviceable,false,
605007,Serviceable,false,
605008,Serviceable,false,
605009,Serviceable,false,
605010,Serviceable,false,
605011,Serviceable,false,
605012,Serviceable,false,
605013,Serviceable,false,
605014,Serviceable,false,
605051,Serviceable,false,
605101,Serviceable,false,
605102,Serviceable,false,
605103,Serviceable,false,
605104,Serviceable,false,
605105,Serviceable,false,
605106,Serviceable,false,
605107,Serviceable,false,
605108,Serviceable,false,
605109,Serviceable,false,
605110,Serviceable,false,
605111,Serviceable,false,
605113,Serviceable,false,
605118,Serviceable,false,
605201,Serviceable,false,
605202,Serviceable,false,
605203,Serviceable,false,
605301,Serviceable,false,
605302,Serviceable,false,
605401,Serviceable,false,
605402,Serviceable,false,
605501,Serviceable,false,
605502,Serviceable,false,
605601,Serviceable,false,
605602,Serviceable,false,
605604,Serviceable,false,
605605,Serviceable,false,
605651,Serviceable,false,
605652,Serviceable,false,
605701,Serviceable,false,
605702,Serviceable,false,
605751,Serviceable,false,
605753,Serviceable,false,
605754,Serviceable,false,
605755,Serviceable,false,
605756,Serviceable,false,
605757,Serviceable,false,
605766,Serviceable,false,
605801,Serviceable,false,
605803,Serviceable,false,
605805,Serviceable,false,
605809,Serviceable,false,
606001,Serviceable,false,
606002,Serviceable,false,
606003,Serviceable,false,
606102,Serviceable,false,
606103,Serviceable,false,
606105,Serviceable,false,
606106,Serviceable,false,
606107,Serviceable,false,
606108,Serviceable,false,
606110,Serviceable,false,
606111,Serviceable,false,
606115,Serviceable,false,
606120,Serviceable,false,
606201,Serviceable,false,
606202,Serviceable,false,
606203,Serviceable,false,
606204,Serviceable,false,
606206,Serviceable,false,
606207,Serviceable,false,
606208,Serviceable,false,
606213,Serviceable,false,
606221,Serviceable,false,
606223,Serviceable,false,
606301,Serviceable,false,
606302,Serviceable,false,
606304,Serviceable,false,
606305,Serviceable,false,
606307,Serviceable,false,
606401,Serviceable,false,
606402,Serviceable,false,
606601,Serviceable,false,
606602,Serviceable,false,
606603,Serviceable,false,
606604,Serviceable,false,
606611,Serviceable,false,
606701,Serviceable,false,
606702,Serviceable,false,
606703,Serviceable,false,
606704,Serviceable,false,
606705,Serviceable,false,
606706,Serviceable,false,
606707,Serviceable,false,
606708,Serviceable,false,
606709,Serviceable,false,
606710,Serviceable,false,
606711,Serviceable,false,
606712,Serviceable,false,
606713,Serviceable,false,
606714,Serviceable,false,
606715,Serviceable,false,
606716,Serviceable,false,
606717,Serviceable,false,
606751,Serviceable,false,
606752,Serviceable,false,
606754,Serviceable,false,
606755,Serviceable,false,
606802,Serviceable,false,
606803,Serviceable,false,
606804,Serviceable,false,
606805,Serviceable,false,
606806,Serviceable,false,
606808,Serviceable,false,
606809,Serviceable,false,
606810,Serviceable,false,
606811,Serviceable,false,
606901,Serviceable,false,
606902,Serviceable,false,
606903,Serviceable,false,
606905,Serviceable,false,
606908,Serviceable,false,
606909,Serviceable,false,
606910,Serviceable,false,
606912,Serviceable,false,
607001,Serviceable,false,
607002,Serviceable,false,
607003,Serviceable,false,
607004,Serviceable,false,
607005,Serviceable,false,
607051,Serviceable,false,
607101,Serviceable,false,
607102,Serviceable,false,
607103,Serviceable,false,
607104,Serviceable,false,
607105,Serviceable,false,
607106,Serviceable,false,
607107,Serviceable,false,
607108,Serviceable,false,
607111,Serviceable,false,
607116,Serviceable,false,
607201,Serviceable,false,
607202,Serviceable,false,
607203,Serviceable,false,
607204,Serviceable,false,
607205,Serviceable,false,
607209,Serviceable,false,
607301,Serviceable,false,
607302,Serviceable,false,
607303,Serviceable,false,
607307,Serviceable,false,
607308,Serviceable,false,
607401,Serviceable,false,
607402,Serviceable,false,
607801,Serviceable,false,
607802,Serviceable,false,
607803,Serviceable,false,
607804,Serviceable,false,
607805,Serviceable,false,
607807,Serviceable,false,
608001,Serviceable,false,
608201,Serviceable,false,
608301,Serviceable,false,
608302,Serviceable,false,
608303,Serviceable,false,
608304,Serviceable,false,
608305,Serviceable,false,
608306,Serviceable,false,
608401,Serviceable,false,
608501,Serviceable,false,
608502,Serviceable,false,
608601,Serviceable,false,
608701,Serviceable,false,
608702,Serviceable,false,
608703,Serviceable,false,
608704,Serviceable,false,
608801,Serviceable,false,
608803,Serviceable,false,
609001,Serviceable,false,
609003,Serviceable,false,
609101,Serviceable,false,
609102,Serviceable,false,
609103,Serviceable,false,
609104,Serviceable,false,
609106,Serviceable,false,
609108,Serviceable,false,
609110,Serviceable,false,
609111,Serviceable,false,
609114,Serviceable,false,
609115,Serviceable,false,
609116,Serviceable,false,
609117,Serviceable,false,
609118,Serviceable,false,
609202,Serviceable,false,
609203,Serviceable,false,
609204,Serviceable,false,
609205,Serviceable,false,
609303,Serviceable,false,
609304,Serviceable,false,
609307,Serviceable,false,
609308,Serviceable,false,
609309,Serviceable,false,
609310,Serviceable,false,
609311,Serviceable,false,
609312,Serviceable,false,
609313,Serviceable,false,
609314,Serviceable,false,
609401,Serviceable,false,
609402,Serviceable,false,
609404,Serviceable,false,
609405,Serviceable,false,
609501,Serviceable,false,
609503,Serviceable,false,
609601,Serviceable,false,
609602,Serviceable,false,
609603,Serviceable,false,
609604,Serviceable,false,
609605,Serviceable,false,
609606,Serviceable,false,
609607,Serviceable,false,
609608,Serviceable,false,
609609,Serviceable,false,
609701,Serviceable,false,
609704,Serviceable,false,
609801,Serviceable,false,
609803,Serviceable,false,
609805,Serviceable,false,
609806,Serviceable,false,
609807,Serviceable,false,
609808,Serviceable,false,
609810,Serviceable,false,
609811,Serviceable,false,
610001,Serviceable,false,
610003,Serviceable,false,
610101,Serviceable,false,
610103,Serviceable,false,
610104,Serviceable,false,
610105,Serviceable,false,
610109,Serviceable,false,
610202,Serviceable,false,
610203,Serviceable,false,
610204,Serviceable,false,
610205,Serviceable,false,
610207,Serviceable,false,
611001,Serviceable,false,
611002,Serviceable,false,
611103,Serviceable,false,
611105,Serviceable,false,
611106,Serviceable,false,
611109,Serviceable,false,
611110,Serviceable,false,
611118,Serviceable,false,
612001,Serviceable,false,
612002,Serviceable,false,
612101,Serviceable,false,
612102,Serviceable,false,
612103,Serviceable,false,
612104,Serviceable,false,
612105,Serviceable,false,
612201,Serviceable,false,
612202,Serviceable,false,
612203,Serviceable,false,
612204,Serviceable,false,
612301,Serviceable,false,
612302,Serviceable,false,
612303,Serviceable,false,
612401,Serviceable,false,
612501,Serviceable,false,
612503,Serviceable,false,
612504,Serviceable,false,
612602,Serviceable,false,
612605,Serviceable,false,
612702,Serviceable,false,
612703,Serviceable,false,
612801,Serviceable,false,
612802,Serviceable,false,
612804,Serviceable,false,
612901,Serviceable,false,
612902,Serviceable,false,
612903,Serviceable,false,
613001,Serviceable,false,
613002,Serviceable,false,
613003,Serviceable,false,
613004,Serviceable,false,
613005,Serviceable,false,
613006,Serviceable,false,
613007,Serviceable,false,
613008,Serviceable,false,
613009,Serviceable,false,
613010,Serviceable,false,
613101,Serviceable,false,
613102,Serviceable,false,
613104,Serviceable,false,
613109,Serviceable,false,
613201,Serviceable,false,
613202,Serviceable,false,
613204,Serviceable,false,
613301,Serviceable,false,
613303,Serviceable,false,
613402,Serviceable,false,
613403,Serviceable,false,
613501,Serviceable,false,
613502,Serviceable,false,
613504,Serviceable,false,
613602,Serviceable,false,
613701,Serviceable,false,
613703,Serviceable,false,
613902,Serviceable,false,
614013,Serviceable,false,
614016,Serviceable,false,
614017,Serviceable,false,
614018,Serviceable,false,
614019,Serviceable,false,
614020,Serviceable,false,
614101,Serviceable,false,
614201,Serviceable,false,
614202,Serviceable,false,
614203,Serviceable,false,
614204,Serviceable,false,
614205,Serviceable,false,
614206,Serviceable,false,
614208,Serviceable,false,
614211,Serviceable,false,
614301,Serviceable,false,
614302,Serviceable,false,
614401,Serviceable,false,
614601,Serviceable,false,
614602,Serviceable,false,
614612,Serviceable,false,
614613,Serviceable,false,
614614,Serviceable,false,
614615,Serviceable,false,
614616,Serviceable,false,
614618,Serviceable,false,
614619,Serviceable,false,
614620,Serviceable,false,
614621,Serviceable,false,
614622,Serviceable,false,
614623,Serviceable,false,
614624,Serviceable,false,
614625,Serviceable,false,
614626,Serviceable,false,
614628,Serviceable,false,
614629,Serviceable,false,
614630,Serviceable,false,
614701,Serviceable,false,
614703,Serviceable,false,
614704,Serviceable,false,
614705,Serviceable,false,
614706,Serviceable,false,
614707,Serviceable,false,
614712,Serviceable,false,
614714,Serviceable,false,
614715,Serviceable,false,
614717,Serviceable,false,
614723,Serviceable,false,
614801,Serviceable,false,
614802,Serviceable,false,
614803,Serviceable,false,
614805,Serviceable,false,
614901,Serviceable,false,
614902,Serviceable,false,
614903,Serviceable,false,
614904,Serviceable,false,
614906,Serviceable,false,
620001,Serviceable,false,
620002,Serviceable,false,
620003,Serviceable,false,
620004,Serviceable,false,
620005,Serviceable,false,
620006,Serviceable,false,
620007,Serviceable,false,
620008,Serviceable,false,
620009,Serviceable,false,
620010,Serviceable,false,
620011,Serviceable,false,
620012,Serviceable,false,
620013,Serviceable,false,
620014,Serviceable,false,
620015,Serviceable,false,
620016,Serviceable,false,
620017,Serviceable,false,
620018,Serviceable,false,
620019,Serviceable,false,
620020,Serviceable,false,
620021,Serviceable,false,
620022,Serviceable,false,
620023,Serviceable,false,
620025,Serviceable,false,
620026,Serviceable,false,
620101,Serviceable,false,
620102,Serviceable,false,
621001,Serviceable,false,
621002,Serviceable,false,
621003,Serviceable,false,
621004,Serviceable,false,
621005,Serviceable,false,
621006,Serviceable,false,
621008,Serviceable,false,
621009,Serviceable,false,
621010,Serviceable,false,
621012,Serviceable,false,
621014,Serviceable,false,
621101,Serviceable,false,
621102,Serviceable,false,
621103,Serviceable,false,
621104,Serviceable,false,
621105,Serviceable,false,
621108,Serviceable,false,
621110,Serviceable,false,
621112,Serviceable,false,
621113,Serviceable,false,
621115,Serviceable,false,
621116,Serviceable,false,
621117,Serviceable,false,
621118,Serviceable,false,
621133,Serviceable,false,
621202,Serviceable,false,
621203,Serviceable,false,
621204,Serviceable,false,
621205,Serviceable,false,
621206,Serviceable,false,
621207,Serviceable,false,
621208,Serviceable,false,
621209,Serviceable,false,
621210,Serviceable,false,
621211,Serviceable,false,
621212,Serviceable,false,
621213,Serviceable,false,
621214,Serviceable,false,
621215,Serviceable,false,
621216,Serviceable,false,
621217,Serviceable,false,
621218,Serviceable,false,
621302,Serviceable,false,
621306,Serviceable,false,
621307,Serviceable,false,
621310,Serviceable,false,
621311,Serviceable,false,
621312,Serviceable,false,
621313,Serviceable,false,
621314,Serviceable,false,
621315,Serviceable,false,
621316,Serviceable,false,
621601,Serviceable,false,
621651,Serviceable,false,
621652,Serviceable,false,
621653,Serviceable,false,
621702,Serviceable,false,
621703,Serviceable,false,
621704,Serviceable,false,
621705,Serviceable,false,
621706,Serviceable,false,
621708,Serviceable,false,
621710,Serviceable,false,
621711,Serviceable,false,
621712,Serviceable,false,
621713,Serviceable,false,
621714,Serviceable,false,
621715,Serviceable,false,
621716,Serviceable,false,
621717,Serviceable,false,
621718,Serviceable,false,
621719,Serviceable,false,
621722,Serviceable,false,
621729,Serviceable,false,
621730,Serviceable,false,
621801,Serviceable,false,
621803,Serviceable,false,
621804,Serviceable,false,
621805,Serviceable,false,
621851,Serviceable,false,
622001,Serviceable,false,
622002,Serviceable,false,
622003,Serviceable,false,
622004,Serviceable,false,
622005,Serviceable,false,
622101,Serviceable,false,
622102,Serviceable,false,
622103,Serviceable,false,
622104,Serviceable,false,
622201,Serviceable,false,
622202,Serviceable,false,
622203,Serviceable,false,
622204,Serviceable,false,
622209,Serviceable,false,
622301,Serviceable,false,
622302,Serviceable,false,
622303,Serviceable,false,
622304,Serviceable,false,
622401,Serviceable,false,
622402,Serviceable,false,
622403,Serviceable,false,
622404,Serviceable,false,
622407,Serviceable,false,
622408,Serviceable,false,
622409,Serviceable,false,
622411,Serviceable,false,
622412,Serviceable,false,
622501,Serviceable,false,
622502,Serviceable,false,
622504,Serviceable,false,
622505,Serviceable,false,
622507,Serviceable,false,
622515,Serviceable,false,
623120,Serviceable,false,
623308,Serviceable,false,
623315,Serviceable,false,
623401,Serviceable,false,
623403,Serviceable,false,
623406,Serviceable,false,
623407,Serviceable,false,
623501,Serviceable,false,
623502,Serviceable,false,
623503,Serviceable,false,
623504,Serviceable,false,
623514,Serviceable,false,
623515,Serviceable,false,
623517,Serviceable,false,
623518,Serviceable,false,
623521,Serviceable,false,
623522,Serviceable,false,
623523,Serviceable,false,
623524,Serviceable,false,
623525,Serviceable,false,
623526,Serviceable,false,
623528,Serviceable,false,
623529,Serviceable,false,
623532,Serviceable,false,
623533,Serviceable,false,
623534,Serviceable,false,
623538,Serviceable,false,
623601,Serviceable,false,
623603,Serviceable,false,
623608,Serviceable,false,
623701,Serviceable,false,
623703,Serviceable,false,
623705,Serviceable,false,
623706,Serviceable,false,
623707,Serviceable,false,
623708,Serviceable,false,
623712,Serviceable,false,
624001,Serviceable,false,
624002,Serviceable,false,
624003,Serviceable,false,
624004,Serviceable,false,
624101,Serviceable,false,
624201,Serviceable,false,
624202,Serviceable,false,
624204,Serviceable,false,
624208,Serviceable,false,
624211,Serviceable,false,
624212,Serviceable,false,
624215,Serviceable,false,
624220,Serviceable,false,
624225,Serviceable,false,
624301,Serviceable,false,
624302,Serviceable,false,
624304,Serviceable,false,
624306,Serviceable,false,
624308,Serviceable,false,
624401,Serviceable,false,
624402,Serviceable,false,
624404,Serviceable,false,
624612,Serviceable,false,
624613,Serviceable,false,
624614,Serviceable,false,
624615,Serviceable,false,
624616,Serviceable,false,
624619,Serviceable,false,
624621,Serviceable,false,
624622,Serviceable,false,
624701,Serviceable,false,
624702,Serviceable,false,
624703,Serviceable,false,
624704,Serviceable,false,
624706,Serviceable,false,
624707,Serviceable,false,
624708,Serviceable,false,
624709,Serviceable,false,
624710,Serviceable,false,
624801,Serviceable,false,
624802,Serviceable,false,
625001,Serviceable,false,
625002,Serviceable,false,
625003,Serviceable,false,
625004,Serviceable,false,
625005,Serviceable,false,
625006,Serviceable,false,
625007,Serviceable,false,
625008,Serviceable,false,
625009,Serviceable,false,
625010,Serviceable,false,
625011,Serviceable,false,
625012,Serviceable,false,
625013,Serviceable,false,
625014,Serviceable,false,
625015,Serviceable,false,
625016,Serviceable,false,
625017,Serviceable,false,
625018,Serviceable,false,
625019,Serviceable,false,
625020,Serviceable,false,
625021,Serviceable,false,
625022,Serviceable,false,
625023,Serviceable,false,
625024,Serviceable,false,
625051,Serviceable,false,
625052,Serviceable,false,
625101,Serviceable,false,
625103,Serviceable,false,
625104,Serviceable,false,
625105,Serviceable,false,
625106,Serviceable,false,
625107,Serviceable,false,
625108,Serviceable,false,
625109,Serviceable,false,
625110,Serviceable,false,
625111,Serviceable,false,
625112,Serviceable,false,
625113,Serviceable,false,
625114,Serviceable,false,
625115,Serviceable,false,
625116,Serviceable,false,
625118,Serviceable,false,
625119,Serviceable,false,
625120,Serviceable,false,
625121,Serviceable,false,
625122,Serviceable,false,
625123,Serviceable,false,
625124,Serviceable,false,
625125,Serviceable,false,
625126,Serviceable,false,
625127,Serviceable,false,
625201,Serviceable,false,
625203,Serviceable,false,
625205,Serviceable,false,
625206,Serviceable,false,
625207,Serviceable,false,
625209,Serviceable,false,
625214,Serviceable,false,
625217,Serviceable,false,
625218,Serviceable,false,
625221,Serviceable,false,
625234,Serviceable,false,
625301,Serviceable,false,
625302,Serviceable,false,
625303,Serviceable,false,
625304,Serviceable,false,
625305,Serviceable,false,
625401,Serviceable,false,
625402,Serviceable,false,
625403,Serviceable,false,
625501,Serviceable,false,
625502,Serviceable,false,
625503,Serviceable,false,
625504,Serviceable,false,
625512,Serviceable,false,
625513,Serviceable,false,
625514,Serviceable,false,
625515,Serviceable,false,
625516,Serviceable,false,
625517,Serviceable,false,
625518,Serviceable,false,
625519,Serviceable,false,
625520,Serviceable,false,
625521,Serviceable,false,
625522,Serviceable,false,
625523,Serviceable,false,
625524,Serviceable,false,
625525,Serviceable,false,
625526,Serviceable,false,
625527,Serviceable,false,
625528,Serviceable,false,
625529,Serviceable,false,
625530,Serviceable,false,
625531,Serviceable,false,
625532,Serviceable,false,
625533,Serviceable,false,
625534,Serviceable,false,
625535,Serviceable,false,
625536,Serviceable,false,
625537,Serviceable,false,
625538,Serviceable,false,
625540,Serviceable,false,
625547,Serviceable,false,
625552,Serviceable,false,
625556,Serviceable,false,
625562,Serviceable,false,
625566,Serviceable,false,
625577,Serviceable,false,
625579,Serviceable,false,
625582,Serviceable,false,
625601,Serviceable,false,
625602,Serviceable,false,
625603,Serviceable,false,
625604,Serviceable,false,
625605,Serviceable,false,
625606,Serviceable,false,
625701,Serviceable,false,
625702,Serviceable,false,
625703,Serviceable,false,
625704,Serviceable,false,
625705,Serviceable,false,
625706,Serviceable,false,
625707,Serviceable,false,
626001,Serviceable,false,
626002,Serviceable,false,
626003,Serviceable,false,
626004,Serviceable,false,
626005,Serviceable,false,
626051,Serviceable,false,
626052,Serviceable,false,
626053,Serviceable,false,
626054,Serviceable,false,
626055,Serviceable,false,
626056,Serviceable,false,
626058,Serviceable,false,
626059,Serviceable,false,
626101,Serviceable,false,
626102,Serviceable,false,
626103,Serviceable,false,
626104,Serviceable,false,
626105,Serviceable,false,
626106,Serviceable,false,
626108,Serviceable,false,
626109,Serviceable,false,
626110,Serviceable,false,
626111,Serviceable,false,
626112,Serviceable,false,
626113,Serviceable,false,
626114,Serviceable,false,
626116,Serviceable,false,
626117,Serviceable,false,
626118,Serviceable,false,
626119,Serviceable,false,
626121,Serviceable,false,
626122,Serviceable,false,
626123,Serviceable,false,
626124,Serviceable,false,
626125,Serviceable,false,
626126,Serviceable,false,
626127,Serviceable,false,
626128,Serviceable,false,
626129,Serviceable,false,
626130,Serviceable,false,
626131,Serviceable,false,
626132,Serviceable,false,
626133,Serviceable,false,
626134,Serviceable,false,
626136,Serviceable,false,
626137,Serviceable,false,
626138,Serviceable,false,
626139,Serviceable,false,
626140,Serviceable,false,
626141,Serviceable,false,
626142,Serviceable,false,
626145,Serviceable,false,
626146,Serviceable,false,
626147,Serviceable,false,
626148,Serviceable,false,
626149,Serviceable,false,
626150,Serviceable,false,
626151,Serviceable,false,
626152,Serviceable,false,
626153,Serviceable,false,
626154,Serviceable,false,
626155,Serviceable,false,
626156,Serviceable,false,
626157,Serviceable,false,
626158,Serviceable,false,
626159,Serviceable,false,
626162,Serviceable,false,
626163,Serviceable,false,
626164,Serviceable,false,
626165,Serviceable,false,
626166,Serviceable,false,
626167,Serviceable,false,
626168,Serviceable,false,
626170,Serviceable,false,
626171,Serviceable,false,
626172,Serviceable,false,
626173,Serviceable,false,
626175,Serviceable,false,
626177,Serviceable,false,
626178,Serviceable,false,
626179,Serviceable,false,
626181,Serviceable,false,
626182,Serviceable,false,
626183,Serviceable,false,
626186,Serviceable,false,
626187,Serviceable,false,
626188,Serviceable,false,
626189,Serviceable,false,
626195,Serviceable,false,
626201,Serviceable,false,
626202,Serviceable,false,
626203,Serviceable,false,
626204,Serviceable,false,
626205,Serviceable,false,
626206,Serviceable,false,
626207,Serviceable,false,
626208,Serviceable,false,
626209,Serviceable,false,
626210,Serviceable,false,
626211,Serviceable,false,
626212,Serviceable,false,
626213,Serviceable,false,
626501,Serviceable,false,
626512,Serviceable,false,
626513,Serviceable,false,
626514,Serviceable,false,
626516,Serviceable,false,
626517,Serviceable,false,
626518,Serviceable,false,
626520,Serviceable,false,
626523,Serviceable,false,
626525,Serviceable,false,
626526,Serviceable,false,
626527,Serviceable,false,
626528,Serviceable,false,
626529,Serviceable,false,
626530,Serviceable,false,
626531,Serviceable,false,
626532,Serviceable,false,
626535,Serviceable,false,
626536,Serviceable,false,
626537,Serviceable,false,
626538,Serviceable,false,
626539,Serviceable,false,
626540,Serviceable,false,
626544,Serviceable,false,
626547,Serviceable,false,
626553,Serviceable,false,
626555,Serviceable,false,
626562,Serviceable,false,
626565,Serviceable,false,
626566,Serviceable,false,
626569,Serviceable,false,
626571,Serviceable,false,
626582,Serviceable,false,
626607,Serviceable,false,
626612,Serviceable,false,
626701,Serviceable,false,
626702,Serviceable,false,
626703,Serviceable,false,
626705,Serviceable,false,
626706,Serviceable,false,
626709,Serviceable,false,
626712,Serviceable,false,
626716,Serviceable,false,
626717,Serviceable,false,
626719,Serviceable,false,
627001,Serviceable,false,
627002,Serviceable,false,
627003,Serviceable,false,
627004,Serviceable,false,
627005,Serviceable,false,
627006,Serviceable,false,
627007,Serviceable,false,
627008,Serviceable,false,
627009,Serviceable,false,
627010,Serviceable,false,
627011,Serviceable,false,
627012,Serviceable,false,
627051,Serviceable,false,
627101,Serviceable,false,
627102,Serviceable,false,
627103,Serviceable,false,
627104,Serviceable,false,
627105,Serviceable,false,
627106,Serviceable,false,
627107,Serviceable,false,
627108,Serviceable,false,
627109,Serviceable,false,
627110,Serviceable,false,
627111,Serviceable,false,
627112,Serviceable,false,
627113,Serviceable,false,
627114,Serviceable,false,
627115,Serviceable,false,
627116,Serviceable,false,
627117,Serviceable,false,
627118,Serviceable,false,
627120,Serviceable,false,
627121,Serviceable,false,
627122,Serviceable,false,
627123,Serviceable,false,
627124,Serviceable,false,
627125,Serviceable,false,
627126,Serviceable,false,
627128,Serviceable,false,
627129,Serviceable,false,
627130,Serviceable,false,
627131,Serviceable,false,
627132,Serviceable,false,
627133,Serviceable,false,
627151,Serviceable,false,
627152,Serviceable,false,
627153,Serviceable,false,
627154,Serviceable,false,
627201,Serviceable,false,
627202,Serviceable,false,
627251,Serviceable,false,
627252,Serviceable,false,
627253,Serviceable,false,
627254,Serviceable,false,
627255,Serviceable,false,
627301,Serviceable,false,
627302,Serviceable,false,
627303,Serviceable,false,
627304,Serviceable,false,
627351,Serviceable,false,
627352,Serviceable,false,
627353,Serviceable,false,
627354,Serviceable,false,
627355,Serviceable,false,
627356,Serviceable,false,
627357,Serviceable,false,
627358,Serviceable,false,
627359,Serviceable,false,
627360,Serviceable,false,
627361,Serviceable,false,
627401,Serviceable,false,
627412,Serviceable,false,
627413,Serviceable,false,
627414,Serviceable,false,
627415,Serviceable,false,
627416,Serviceable,false,
627417,Serviceable,false,
627418,Serviceable,false,
627419,Serviceable,false,
627421,Serviceable,false,
627423,Serviceable,false,
627424,Serviceable,false,
627425,Serviceable,false,
627426,Serviceable,false,
627428,Serviceable,false,
627430,Serviceable,false,
627431,Serviceable,false,
627432,Serviceable,false,
627433,Serviceable,false,
627434,Serviceable,false,
627435,Serviceable,false,
627451,Serviceable,false,
627452,Serviceable,false,
627453,Serviceable,false,
627501,Serviceable,false,
627502,Serviceable,false,
627551,Serviceable,false,
627601,Serviceable,false,
627602,Serviceable,false,
627603,Serviceable,false,
627604,Serviceable,false,
627651,Serviceable,false,
627652,Serviceable,false,
627654,Serviceable,false,
627657,Serviceable,false,
627659,Serviceable,false,
627706,Serviceable,false,
627712,Serviceable,false,
627713,Serviceable,false,
627716,Serviceable,false,
627717,Serviceable,false,
627718,Serviceable,false,
627719,Serviceable,false,
627720,Serviceable,false,
627721,Serviceable,false,
627722,Serviceable,false,
627723,Serviceable,false,
627724,Serviceable,false,
627727,Serviceable,false,
627751,Serviceable,false,
627753,Serviceable,false,
627754,Serviceable,false,
627755,Serviceable,false,
627756,Serviceable,false,
627757,Serviceable,false,
627758,Serviceable,false,
627759,Serviceable,false,
627761,Serviceable,false,
627762,Serviceable,false,
627764,Serviceable,false,
627765,Serviceable,false,
627766,Serviceable,false,
627767,Serviceable,false,
627768,Serviceable,false,
627769,Serviceable,false,
627770,Serviceable,false,
627771,Serviceable,false,
627773,Serviceable,false,
627774,Serviceable,false,
627801,Serviceable,false,
627802,Serviceable,false,
627803,Serviceable,false,
627804,Serviceable,false,
627805,Serviceable,false,
627806,Serviceable,false,
627807,Serviceable,false,
627808,Serviceable,false,
627809,Serviceable,false,
627810,Serviceable,false,
627811,Serviceable,false,
627812,Serviceable,false,
627813,Serviceable,false,
627814,Serviceable,false,
627815,Serviceable,false,
627816,Serviceable,false,
627817,Serviceable,false,
627818,Serviceable,false,
627819,Serviceable,false,
627820,Serviceable,false,
627821,Serviceable,false,
627822,Serviceable,false,
627823,Serviceable,false,
627851,Serviceable,false,
627852,Serviceable,false,
627853,Serviceable,false,
627854,Serviceable,false,
627855,Serviceable,false,
627856,Serviceable,false,
627857,Serviceable,false,
627858,Serviceable,false,
627859,Serviceable,false,
627860,Serviceable,false,
627861,Serviceable,false,
627862,Serviceable,false,
627863,Serviceable,false,
627864,Serviceable,false,
627866,Serviceable,false,
627901,Serviceable,false,
627902,Serviceable,false,
627903,Serviceable,false,
627904,Serviceable,false,
627905,Serviceable,false,
627906,Serviceable,false,
627908,Serviceable,false,
627909,Serviceable,false,
627910,Serviceable,false,
627911,Serviceable,false,
627912,Serviceable,false,
627951,Serviceable,false,
627952,Serviceable,false,
627953,Serviceable,false,
627954,Serviceable,false,
627955,Serviceable,false,
627956,Serviceable,false,
627957,Serviceable,false,
628001,Serviceable,false,
628002,Serviceable,false,
628003,Serviceable,false,
628004,Serviceable,false,
628005,Serviceable,false,
628006,Serviceable,false,
628007,Serviceable,false,
628008,Serviceable,false,
628051,Serviceable,false,
628101,Serviceable,false,
628102,Serviceable,false,
628103,Serviceable,false,
628104,Serviceable,false,
628105,Serviceable,false,
628151,Serviceable,false,
628152,Serviceable,false,
628153,Serviceable,false,
628154,Serviceable,false,
628155,Serviceable,false,
628201,Serviceable,false,
628202,Serviceable,false,
628203,Serviceable,false,
628204,Serviceable,false,
628205,Serviceable,false,
628206,Serviceable,false,
628207,Serviceable,false,
628208,Serviceable,false,
628209,Serviceable,false,
628210,Serviceable,false,
628211,Serviceable,false,
628212,Serviceable,false,
628213,Serviceable,false,
628214,Serviceable,false,
628215,Serviceable,false,
628216,Serviceable,false,
628217,Serviceable,false,
628218,Serviceable,false,
628219,Serviceable,false,
628220,Serviceable,false,
628221,Serviceable,false,
628222,Serviceable,false,
628223,Serviceable,false,
628224,Serviceable,false,
628227,Serviceable,false,
628228,Serviceable,false,
628251,Serviceable,false,
628252,Serviceable,false,
628301,Serviceable,false,
628302,Serviceable,false,
628303,Serviceable,false,
628304,Serviceable,false,
628305,Serviceable,false,
628306,Serviceable,false,
628307,Serviceable,false,
628308,Serviceable,false,
628309,Serviceable,false,
628401,Serviceable,false,
628402,Serviceable,false,
628501,Serviceable,false,
628502,Serviceable,false,
628503,Serviceable,false,
628507,Serviceable,false,
628513,Serviceable,false,
628552,Serviceable,false,
628601,Serviceable,false,
628612,Serviceable,false,
628613,Serviceable,false,
628614,Serviceable,false,
628615,Serviceable,false,
628616,Serviceable,false,
628617,Serviceable,false,
628619,Serviceable,false,
628620,Serviceable,false,
628621,Serviceable,false,
628622,Serviceable,false,
628623,Serviceable,false,
628624,Serviceable,false,
628625,Serviceable,false,
628626,Serviceable,false,
628627,Serviceable,false,
628628,Serviceable,false,
628629,Serviceable,false,
628630,Serviceable,false,
628631,Serviceable,false,
628651,Serviceable,false,
628652,Serviceable,false,
628653,Serviceable,false,
628654,Serviceable,false,
628655,Serviceable,false,
628656,Serviceable,false,
628657,Serviceable,false,
628658,Serviceable,false,
628659,Serviceable,false,
628660,Serviceable,false,
628661,Serviceable,false,
628662,Serviceable,false,
628663,Serviceable,false,
628701,Serviceable,false,
628702,Serviceable,false,
628703,Serviceable,false,
628704,Serviceable,false,
628705,Serviceable,false,
628707,Serviceable,false,
628712,Serviceable,false,
628714,Serviceable,false,
628716,Serviceable,false,
628718,Serviceable,false,
628720,Serviceable,false,
628721,Serviceable,false,
628722,Serviceable,false,
628801,Serviceable,false,
628802,Serviceable,false,
628803,Serviceable,false,
628809,Serviceable,false,
628851,Serviceable,false,
628901,Serviceable,false,
628902,Serviceable,false,
628903,Serviceable,false,
628904,Serviceable,false,
628905,Serviceable,false,
628906,Serviceable,false,
628907,Serviceable,false,
628908,Serviceable,false,
628952,Serviceable,false,
629001,Serviceable,false,
629002,Serviceable,false,
629004,Serviceable,false,
629103,Serviceable,false,
629151,Serviceable,false,
629153,Serviceable,false,
629154,Serviceable,false,
629157,Serviceable,false,
629159,Serviceable,false,
629160,Serviceable,false,
629161,Serviceable,false,
629163,Serviceable,false,
629165,Serviceable,false,
629166,Serviceable,false,
629167,Serviceable,false,
629168,Serviceable,false,
629169,Serviceable,false,
629171,Serviceable,false,
629173,Serviceable,false,
629175,Serviceable,false,
629176,Serviceable,false,
629177,Serviceable,false,
629193,Serviceable,false,
629201,Serviceable,false,
629203,Serviceable,false,
629251,Serviceable,false,
629301,Serviceable,false,
629302,Serviceable,false,
629305,Serviceable,false,
629402,Serviceable,false,
629403,Serviceable,false,
629501,Serviceable,false,
629601,Serviceable,false,
629602,Serviceable,false,
629701,Serviceable,false,
629702,Serviceable,false,
629703,Serviceable,false,
629704,Serviceable,false,
629707,Serviceable,false,
629851,Serviceable,false,
629852,Serviceable,false,
629901,Serviceable,false,
630001,Serviceable,false,
630002,Serviceable,false,
630003,Serviceable,false,
630102,Serviceable,false,
630104,Serviceable,false,
630105,Serviceable,false,
630107,Serviceable,false,
630108,Serviceable,false,
630202,Serviceable,false,
630204,Serviceable,false,
630208,Serviceable,false,
630210,Serviceable,false,
630211,Serviceable,false,
630302,Serviceable,false,
630305,Serviceable,false,
630306,Serviceable,false,
630307,Serviceable,false,
630309,Serviceable,false,
630311,Serviceable,false,
630312,Serviceable,false,
630405,Serviceable,false,
630502,Serviceable,false,
630551,Serviceable,false,
630552,Serviceable,false,
630554,Serviceable,false,
630556,Serviceable,false,
630559,Serviceable,false,
630561,Serviceable,false,
630562,Serviceable,false,
630606,Serviceable,false,
630609,Serviceable,false,
630610,Serviceable,false,
630611,Serviceable,false,
630702,Serviceable,false,
631001,Serviceable,false,
631002,Serviceable,false,
631003,Serviceable,false,
631004,Serviceable,false,
631005,Serviceable,false,
631051,Serviceable,false,
631052,Serviceable,false,
631053,Serviceable,false,
631057,Serviceable,false,
631060,Serviceable,false,
631061,Serviceable,false,
631101,Serviceable,false,
631102,Serviceable,false,
631104,Serviceable,false,
631151,Serviceable,false,
631202,Serviceable,false,
631203,Serviceable,false,
631204,Serviceable,false,
631207,Serviceable,false,
631208,Serviceable,false,
631209,Serviceable,false,
631210,Serviceable,false,
631303,Serviceable,false,
631401,Serviceable,false,
631402,Serviceable,false,
631404,Serviceable,false,
631501,Serviceable,false,
631502,Serviceable,false,
631551,Serviceable,false,
631552,Serviceable,false,
631553,Serviceable,false,
631561,Serviceable,false,
631601,Serviceable,false,
631603,Serviceable,false,
631604,Serviceable,false,
631605,Serviceable,false,
631606,Serviceable,false,
631701,Serviceable,false,
631702,Serviceable,false,
632001,Serviceable,false,
632002,Serviceable,false,
632003,Serviceable,false,
632004,Serviceable,false,
632005,Serviceable,false,
632006,Serviceable,false,
632007,Serviceable,false,
632008,Serviceable,false,
632009,Serviceable,false,
632010,Serviceable,false,
632011,Serviceable,false,
632012,Serviceable,false,
632013,Serviceable,false,
632014,Serviceable,false,
632051,Serviceable,false,
632052,Serviceable,false,
632053,Serviceable,false,
632054,Serviceable,false,
632055,Serviceable,false,
632057,Serviceable,false,
632058,Serviceable,false,
632059,Serviceable,false,
632101,Serviceable,false,
632102,Serviceable,false,
632103,Serviceable,false,
632104,Serviceable,false,
632105,Serviceable,false,
632106,Serviceable,false,
632107,Serviceable,false,
632108,Serviceable,false,
632109,Serviceable,false,
632110,Serviceable,false,
632112,Serviceable,false,
632113,Serviceable,false,
632114,Serviceable,false,
632202,Serviceable,false,
632203,Serviceable,false,
632204,Serviceable,false,
632205,Serviceable,false,
632206,Serviceable,false,
632207,Serviceable,false,
632208,Serviceable,false,
632209,Serviceable,false,
632211,Serviceable,false,
632301,Serviceable,false,
632311,Serviceable,false,
632312,Serviceable,false,
632313,Serviceable,false,
632316,Serviceable,false,
632317,Serviceable,false,
632318,Serviceable,false,
632319,Serviceable,false,
632320,Serviceable,false,
632322,Serviceable,false,
632323,Serviceable,false,
632324,Serviceable,false,
632325,Serviceable,false,
632326,Serviceable,false,
632401,Serviceable,false,
632402,Serviceable,false,
632403,Serviceable,false,
632404,Serviceable,false,
632405,Serviceable,false,
632501,Serviceable,false,
632502,Serviceable,false,
632503,Serviceable,false,
632504,Serviceable,false,
632505,Serviceable,false,
632506,Serviceable,false,
632507,Serviceable,false,
632508,Serviceable,false,
632509,Serviceable,false,
632510,Serviceable,false,
632511,Serviceable,false,
632512,Serviceable,false,
632513,Serviceable,false,
632514,Serviceable,false,
632515,Serviceable,false,
632516,Serviceable,false,
632517,Serviceable,false,
632518,Serviceable,false,
632519,Serviceable,false,
632520,Serviceable,false,
632521,Serviceable,false,
632522,Serviceable,false,
632524,Serviceable,false,
632525,Serviceable,false,
632526,Serviceable,false,
632528,Serviceable,false,
632529,Serviceable,false,
632530,Serviceable,false,
632531,Serviceable,false,
632601,Serviceable,false,
632602,Serviceable,false,
632603,Serviceable,false,
632605,Serviceable,false,
632606,Serviceable,false,
632607,Serviceable,false,
632608,Serviceable,false,
635001,Serviceable,false,
635002,Serviceable,false,
635101,Serviceable,false,
635102,Serviceable,false,
635103,Serviceable,false,
635104,Serviceable,false,
635105,Serviceable,false,
635106,Serviceable,false,
635107,Serviceable,false,
635108,Serviceable,false,
635109,Serviceable,false,
635110,Serviceable,false,
635111,Serviceable,false,
635112,Serviceable,false,
635113,Serviceable,false,
635114,Serviceable,false,
635115,Serviceable,false,
635116,Serviceable,false,
635117,Serviceable,false,
635118,Serviceable,false,
635119,Serviceable,false,
635120,Serviceable,false,
635121,Serviceable,false,
635122,Serviceable,false,
635123,Serviceable,false,
635124,Serviceable,false,
635126,Serviceable,false,
635129,Serviceable,false,
635135,Serviceable,false,
635201,Serviceable,false,
635202,Serviceable,false,
635203,Serviceable,false,
635204,Serviceable,false,
635205,Serviceable,false,
635206,Serviceable,false,
635207,Serviceable,false,
635210,Serviceable,false,
635302,Serviceable,false,
635303,Serviceable,false,
635304,Serviceable,false,
635306,Serviceable,false,
635307,Serviceable,false,
635601,Serviceable,false,
635602,Serviceable,false,
635651,Serviceable,false,
635652,Serviceable,false,
635653,Serviceable,false,
635654,Serviceable,false,
635655,Serviceable,false,
635657,Serviceable,false,
635701,Serviceable,false,
635702,Serviceable,false,
635710,Serviceable,false,
635751,Serviceable,false,
635752,Serviceable,false,
635753,Serviceable,false,
635754,Serviceable,false,
635756,Serviceable,false,
635801,Serviceable,false,
635802,Serviceable,false,
635803,Serviceable,false,
635804,Serviceable,false,
635805,Serviceable,false,
635806,Serviceable,false,
635807,Serviceable,false,
635808,Serviceable,false,
635809,Serviceable,false,
635810,Serviceable,false,
635811,Serviceable,false,
635812,Serviceable,false,
635813,Serviceable,false,
635814,Serviceable,false,
635815,Serviceable,false,
635819,Serviceable,false,
635851,Serviceable,false,
635852,Serviceable,false,
635853,Serviceable,false,
635854,Serviceable,false,
635901,Serviceable,false,
636001,Serviceable,false,
636002,Serviceable,false,
636003,Serviceable,false,
636004,Serviceable,false,
636005,Serviceable,false,
636006,Serviceable,false,
636007,Serviceable,false,
636008,Serviceable,false,
636009,Serviceable,false,
636010,Serviceable,false,
636011,Serviceable,false,
636012,Serviceable,false,
636013,Serviceable,false,
636014,Serviceable,false,
636015,Serviceable,false,
636016,Serviceable,false,
636021,Serviceable,false,
636030,Serviceable,false,
636101,Serviceable,false,
636102,Serviceable,false,
636103,Serviceable,false,
636104,Serviceable,false,
636105,Serviceable,false,
636106,Serviceable,false,
636107,Serviceable,false,
636108,Serviceable,false,
636109,Serviceable,false,
636110,Serviceable,false,
636111,Serviceable,false,
636112,Serviceable,false,
636113,Serviceable,false,
636114,Serviceable,false,
636115,Serviceable,false,
636116,Serviceable,false,
636117,Serviceable,false,
636118,Serviceable,false,
636119,Serviceable,false,
636121,Serviceable,false,
636122,Serviceable,false,
636130,Serviceable,false,
636137,Serviceable,false,
636138,Serviceable,false,
636139,Serviceable,false,
636140,Serviceable,false,
636141,Serviceable,false,
636142,Serviceable,false,
636201,Serviceable,false,
636202,Serviceable,false,
636203,Serviceable,false,
636204,Serviceable,false,
636301,Serviceable,false,
636302,Serviceable,false,
636303,Serviceable,false,
636304,Serviceable,false,
636305,Serviceable,false,
636306,Serviceable,false,
636307,Serviceable,false,
636308,Serviceable,false,
636309,Serviceable,false,
636318,Serviceable,false,
636319,Serviceable,false,
636351,Serviceable,false,
636352,Serviceable,false,
636354,Serviceable,false,
636401,Serviceable,false,
636402,Serviceable,false,
636403,Serviceable,false,
636404,Serviceable,false,
636451,Serviceable,false,
636452,Serviceable,false,
636453,Serviceable,false,
636454,Serviceable,false,
636455,Serviceable,false,
636456,Serviceable,false,
636458,Serviceable,false,
636462,Serviceable,false,
636463,Serviceable,false,
636501,Serviceable,false,
636502,Serviceable,false,
636503,Serviceable,false,
636601,Serviceable,false,
636602,Serviceable,false,
636604,Serviceable,false,
636701,Serviceable,false,
636704,Serviceable,false,
636705,Serviceable,false,
636803,Serviceable,false,
636804,Serviceable,false,
636805,Serviceable,false,
636806,Serviceable,false,
636807,Serviceable,false,
636808,Serviceable,false,
636809,Serviceable,false,
636810,Serviceable,false,
636813,Serviceable,false,
636815,Serviceable,false,
636902,Serviceable,false,
636903,Serviceable,false,
636904,Serviceable,false,
636905,Serviceable,false,
636906,Serviceable,false,
637001,Serviceable,false,
637002,Serviceable,false,
637003,Serviceable,false,
637013,Serviceable,false,
637017,Serviceable,false,
637018,Serviceable,false,
637019,Serviceable,false,
637020,Serviceable,false,
637021,Serviceable,false,
637023,Serviceable,false,
637024,Serviceable,false,
637026,Serviceable,false,
637101,Serviceable,false,
637102,Serviceable,false,
637103,Serviceable,false,
637105,Serviceable,false,
637107,Serviceable,false,
637109,Serviceable,false,
637202,Serviceable,false,
637203,Serviceable,false,
637208,Serviceable,false,
637209,Serviceable,false,
637211,Serviceable,false,
637213,Serviceable,false,
637214,Serviceable,false,
637215,Serviceable,false,
637216,Serviceable,false,
637217,Serviceable,false,
637301,Serviceable,false,
637403,Serviceable,false,
637404,Serviceable,false,
637405,Serviceable,false,
637406,Serviceable,false,
637407,Serviceable,false,
637408,Serviceable,false,
637409,Serviceable,false,
637410,Serviceable,false,
637413,Serviceable,false,
637416,Serviceable,false,
637418,Serviceable,false,
637420,Serviceable,false,
637501,Serviceable,false,
637502,Serviceable,false,
637504,Serviceable,false,
637508,Serviceable,false,
638001,Serviceable,false,
638002,Serviceable,false,
638003,Serviceable,false,
638004,Serviceable,false,
638006,Serviceable,false,
638008,Serviceable,false,
638009,Serviceable,false,
638010,Serviceable,false,
638011,Serviceable,false,
638012,Serviceable,false,
638051,Serviceable,false,
638052,Serviceable,false,
638053,Serviceable,false,
638054,Serviceable,false,
638055,Serviceable,false,
638056,Serviceable,false,
638057,Serviceable,false,
638058,Serviceable,false,
638059,Serviceable,false,
638101,Serviceable,false,
638102,Serviceable,false,
638104,Serviceable,false,
638106,Serviceable,false,
638107,Serviceable,false,
638109,Serviceable,false,
638111,Serviceable,false,
638112,Serviceable,false,
638115,Serviceable,false,
638116,Serviceable,false,
638117,Serviceable,false,
638118,Serviceable,false,
638129,Serviceable,false,
638152,Serviceable,false,
638154,Serviceable,false,
638181,Serviceable,false,
638182,Serviceable,false,
638183,Serviceable,false,
638201,Serviceable,false,
638202,Serviceable,false,
638205,Serviceable,false,
638206,Serviceable,false,
638207,Serviceable,false,
638211,Serviceable,false,
638301,Serviceable,false,
638302,Serviceable,false,
638311,Serviceable,false,
638313,Serviceable,false,
638314,Serviceable,false,
638315,Serviceable,false,
638316,Serviceable,false,
638319,Serviceable,false,
638327,Serviceable,false,
638328,Serviceable,false,
638401,Serviceable,false,
638402,Serviceable,false,
638403,Serviceable,false,
638404,Serviceable,false,
638406,Serviceable,false,
638452,Serviceable,false,
638453,Serviceable,false,
638454,Serviceable,false,
638455,Serviceable,false,
638456,Serviceable,false,
638458,Serviceable,false,
638459,Serviceable,false,
638460,Serviceable,false,
638462,Serviceable,false,
638466,Serviceable,false,
638469,Serviceable,false,
638470,Serviceable,false,
638471,Serviceable,false,
638501,Serviceable,false,
638503,Serviceable,false,
638504,Serviceable,false,
638505,Serviceable,false,
638506,Serviceable,false,
638511,Serviceable,false,
638601,Serviceable,false,
638602,Serviceable,false,
638603,Serviceable,false,
638606,Serviceable,false,
638607,Serviceable,false,
638652,Serviceable,false,
638653,Serviceable,false,
638655,Serviceable,false,
638656,Serviceable,false,
638657,Serviceable,false,
638658,Serviceable,false,
638660,Serviceable,false,
638662,Serviceable,false,
638663,Serviceable,false,
638665,Serviceable,false,
638666,Serviceable,false,
638667,Serviceable,false,
638668,Serviceable,false,
638669,Serviceable,false,
638670,Serviceable,false,
638671,Serviceable,false,
638672,Serviceable,false,
638675,Serviceable,false,
638683,Serviceable,false,
638684,Serviceable,false,
638687,Serviceable,false,
638696,Serviceable,false,
638697,Serviceable,false,
638701,Serviceable,false,
638702,Serviceable,false,
638751,Serviceable,false,
638752,Serviceable,false,
638802,Serviceable,false,
638806,Serviceable,false,
638807,Serviceable,false,
638812,Serviceable,false,
639001,Serviceable,false,
639002,Serviceable,false,
639003,Serviceable,false,
639004,Serviceable,false,
639005,Serviceable,false,
639006,Serviceable,false,
639007,Serviceable,false,
639008,Serviceable,false,
639101,Serviceable,false,
639102,Serviceable,false,
639103,Serviceable,false,
639104,Serviceable,false,
639107,Serviceable,false,
639109,Serviceable,false,
639110,Serviceable,false,
639113,Serviceable,false,
639115,Serviceable,false,
639116,Serviceable,false,
639117,Serviceable,false,
639118,Serviceable,false,
639119,Serviceable,false,
639120,Serviceable,false,
639121,Serviceable,false,
639136,Serviceable,false,
639144,Serviceable,false,
639147,Serviceable,false,
639201,Serviceable,false,
639203,Serviceable,false,
639205,Serviceable,false,
639206,Serviceable,false,
639207,Serviceable,false,
639210,Serviceable,false,
639212,Serviceable,false,
641001,Serviceable,false,
641002,Serviceable,false,
641003,Serviceable,false,
641004,Serviceable,false,
641005,Serviceable,false,
641006,Serviceable,false,
641007,Serviceable,false,
641008,Serviceable,false,
641009,Serviceable,false,
641010,Serviceable,false,
641011,Serviceable,false,
641012,Serviceable,false,
641013,Serviceable,false,
641014,Serviceable,false,
641015,Serviceable,false,
641016,Serviceable,false,
641017,Serviceable,false,
641018,Serviceable,false,
641019,Serviceable,false,
641020,Serviceable,false,
641021,Serviceable,false,
641022,Serviceable,false,
641023,Serviceable,false,
641024,Serviceable,false,
641025,Serviceable,false,
641026,Serviceable,false,
641027,Serviceable,false,
641028,Serviceable,false,
641029,Serviceable,false,
641030,Serviceable,false,
641031,Serviceable,false,
641032,Serviceable,false,
641033,Serviceable,false,
641034,Serviceable,false,
641035,Serviceable,false,
641036,Serviceable,false,
641037,Serviceable,false,
641038,Serviceable,false,
641039,Serviceable,false,
641040,Serviceable,false,
641041,Serviceable,false,
641042,Serviceable,false,
641043,Serviceable,false,
641044,Serviceable,false,
641045,Serviceable,false,
641046,Serviceable,false,
641047,Serviceable,false,
641048,Serviceable,false,
641049,Serviceable,false,
641050,Serviceable,false,
641051,Serviceable,false,
641052,Serviceable,false,
641053,Serviceable,false,
641060,Serviceable,false,
641061,Serviceable,false,
641062,Serviceable,false,
641063,Serviceable,false,
641064,Serviceable,false,
641065,Serviceable,false,
641066,Serviceable,false,
641101,Serviceable,false,
641102,Serviceable,false,
641103,Serviceable,false,
641104,Serviceable,false,
641105,Serviceable,false,
641106,Serviceable,false,
641107,Serviceable,false,
641108,Serviceable,false,
641109,Serviceable,false,
641110,Serviceable,false,
641111,Serviceable,false,
641113,Serviceable,false,
641114,Serviceable,false,
641115,Serviceable,false,
641116,Serviceable,false,
641118,Serviceable,false,
641120,Serviceable,false,
641201,Serviceable,false,
641202,Serviceable,false,
641301,Serviceable,false,
641302,Serviceable,false,
641303,Serviceable,false,
641304,Serviceable,false,
641305,Serviceable,false,
641401,Serviceable,false,
641402,Serviceable,false,
641404,Serviceable,false,
641406,Serviceable,false,
641407,Serviceable,false,
641408,Serviceable,false,
641601,Serviceable,false,
641602,Serviceable,false,
641603,Serviceable,false,
641604,Serviceable,false,
641605,Serviceable,false,
641606,Serviceable,false,
641607,Serviceable,false,
641608,Serviceable,false,
641609,Serviceable,false,
641610,Serviceable,false,
641652,Serviceable,false,
641653,Serviceable,false,
641654,Serviceable,false,
641655,Serviceable,false,
641658,Serviceable,false,
641659,Serviceable,false,
641662,Serviceable,false,
641664,Serviceable,false,
641665,Serviceable,false,
641666,Serviceable,false,
641667,Serviceable,false,
641668,Serviceable,false,
641669,Serviceable,false,
641670,Serviceable,false,
641671,Serviceable,false,
641687,Serviceable,false,
641697,Serviceable,false,
642001,Serviceable,false,
642002,Serviceable,false,
642003,Serviceable,false,
642004,Serviceable,false,
642005,Serviceable,false,
642006,Serviceable,false,
642007,Serviceable,false,
642051,Serviceable,false,
642052,Serviceable,false,
642053,Serviceable,false,
642054,Serviceable,false,
642055,Serviceable,false,
642101,Serviceable,false,
642102,Serviceable,false,
642103,Serviceable,false,
642104,Serviceable,false,
642106,Serviceable,false,
642107,Serviceable,false,
642109,Serviceable,false,
642110,Serviceable,false,
642111,Serviceable,false,
642112,Serviceable,false,
642113,Serviceable,false,
642115,Serviceable,false,
642116,Serviceable,false,
642117,Serviceable,false,
642118,Serviceable,false,
642119,Serviceable,false,
642120,Serviceable,false,
642122,Serviceable,false,
642123,Serviceable,false,
642124,Serviceable,false,
642126,Serviceable,false,
642127,Serviceable,false,
642128,Serviceable,false,
642129,Serviceable,false,
642131,Serviceable,false,
642132,Serviceable,false,
642134,Serviceable,false,
642135,Serviceable,false,
642136,Serviceable,false,
642137,Serviceable,false,
642138,Serviceable,false,
642139,Serviceable,false,
642140,Serviceable,false,
642141,Serviceable,false,
642142,Serviceable,false,
642143,Serviceable,false,
642144,Serviceable,false,
642145,Serviceable,false,
642147,Serviceable,false,
642148,Serviceable,false,
642149,Serviceable,false,
642152,Serviceable,false,
642153,Serviceable,false,
642154,Serviceable,false,
642201,Serviceable,false,
642202,Serviceable,false,
642203,Serviceable,false,
642204,Serviceable,false,
642205,Serviceable,false,
642206,Serviceable,false,
642207,Serviceable,false,
643002,Serviceable,false,
643003,Serviceable,false,
643004,Serviceable,false,
643006,Serviceable,false,
643101,Serviceable,false,
643102,Serviceable,false,
643104,Serviceable,false,
643205,Serviceable,false,
643207,Serviceable,false,
643212,Serviceable,false,
643216,Serviceable,false,
643217,Serviceable,false,
643220,Serviceable,false,
643223,Serviceable,false,
643231,Serviceable,false,
643236,Serviceable,false,
643237,Serviceable,false,
643239,Serviceable,false,
643240,Serviceable,false,
643241,Serviceable,false,
670005,Serviceable,false,
670006,Serviceable,false,
670007,Serviceable,false,
670013,Serviceable,false,
670102,Serviceable,false,
670105,Serviceable,false,
670142,Serviceable,false,
670143,Serviceable,false,
670353,Serviceable,false,
670501,Serviceable,false,
670502,Serviceable,false,
670511,Serviceable,false,
670561,Serviceable,false,
670562,Serviceable,false,
670592,Serviceable,false,
670593,Serviceable,false,
670595,Serviceable,false,
670602,Serviceable,false,
670604,Serviceable,false,
670611,Serviceable,false,
670613,Serviceable,false,
670622,Serviceable,false,
670631,Serviceable,false,
670641,Serviceable,false,
670643,Serviceable,false,
670649,Serviceable,false,
670650,Serviceable,false,
670672,Serviceable,false,
670676,Serviceable,false,
670691,Serviceable,false,
670701,Serviceable,false,
670703,Serviceable,false,
670704,Serviceable,false,
670705,Serviceable,false,
670706,Serviceable,false,
671121,Serviceable,false,
671123,Serviceable,false,
671316,Serviceable,false,
671317,Serviceable,false,
671321,Serviceable,false,
671323,Serviceable,false,
671324,Serviceable,false,
671541,Serviceable,false,
671543,Serviceable,false,
673003,Serviceable,false,
673005,Serviceable,false,
673006,Serviceable,false,
673008,Serviceable,false,
673010,Serviceable,false,
673015,Serviceable,false,
673016,Serviceable,false,
673017,Serviceable,false,
673018,Serviceable,false,
673019,Serviceable,false,
673021,Serviceable,false,
673029,Serviceable,false,
673105,Serviceable,false,
673106,Serviceable,false,
673301,Serviceable,false,
673303,Serviceable,false,
673305,Serviceable,false,
673306,Serviceable,false,
673308,Serviceable,false,
673310,Serviceable,false,
673312,Serviceable,false,
673315,Serviceable,false,
673328,Serviceable,false,
673517,Serviceable,false,
673523,Serviceable,false,
673524,Serviceable,false,
673526,Serviceable,false,
673528,Serviceable,false,
673571,Serviceable,false,
673572,Serviceable,false,
673575,Serviceable,false,
673579,Serviceable,false,
673580,Serviceable,false,
673585,Serviceable,false,
673586,Serviceable,false,
673601,Serviceable,false,
673602,Serviceable,false,
673603,Serviceable,false,
673611,Serviceable,false,
673612,Serviceable,false,
673614,Serviceable,false,
673616,Serviceable,false,
673620,Serviceable,false,
673634,Serviceable,false,
673635,Serviceable,false,
673636,Serviceable,false,
673637,Serviceable,false,
673638,Serviceable,false,
673639,Serviceable,false,
673640,Serviceable,false,
673642,Serviceable,false,
673645,Serviceable,false,
673661,Serviceable,false,
676101,Serviceable,false,
676102,Serviceable,false,
676103,Serviceable,false,
676107,Serviceable,false,
676108,Serviceable,false,
676121,Serviceable,false,
676122,Serviceable,false,
676123,Serviceable,false,
676301,Serviceable,false,
676302,Serviceable,false,
676304,Serviceable,false,
676305,Serviceable,false,
676306,Serviceable,false,
676307,Serviceable,false,
676311,Serviceable,false,
676312,Serviceable,false,
676317,Serviceable,false,
676319,Serviceable,false,
676501,Serviceable,false,
676503,Serviceable,false,
676504,Serviceable,false,
676507,Serviceable,false,
676508,Serviceable,false,
676509,Serviceable,false,
676510,Serviceable,false,
676517,Serviceable,false,
676519,Serviceable,false,
676521,Serviceable,false,
676523,Serviceable,false,
676528,Serviceable,false,
676542,Serviceable,false,
676551,Serviceable,false,
676552,Serviceable,false,
676561,Serviceable,false,
678001,Serviceable,false,
678002,Serviceable,false,
678004,Serviceable,false,
678005,Serviceable,false,
678006,Serviceable,false,
678007,Serviceable,false,
678008,Serviceable,false,
678009,Serviceable,false,
678012,Serviceable,false,
678101,Serviceable,false,
678103,Serviceable,false,
678501,Serviceable,false,
678502,Serviceable,false,
678503,Serviceable,false,
678504,Serviceable,false,
678506,Serviceable,false,
678507,Serviceable,false,
678508,Serviceable,false,
678510,Serviceable,false,
678533,Serviceable,false,
678534,Serviceable,false,
678541,Serviceable,false,
678542,Serviceable,false,
678543,Serviceable,false,
678551,Serviceable,false,
678553,Serviceable,false,
678554,Serviceable,false,
678556,Serviceable,false,
678571,Serviceable,false,
678572,Serviceable,false,
678573,Serviceable,false,
678581,Serviceable,false,
678582,Serviceable,false,
678583,Serviceable,false,
678592,Serviceable,false,
678593,Serviceable,false,
678595,Serviceable,false,
678597,Serviceable,false,
678601,Serviceable,false,
678612,Serviceable,false,
678622,Serviceable,false,
678623,Serviceable,false,
678632,Serviceable,false,
678642,Serviceable,false,
678651,Serviceable,false,
678671,Serviceable,false,
678681,Serviceable,false,
678683,Serviceable,false,
678687,Serviceable,false,
678701,Serviceable,false,
678702,Serviceable,false,
678703,Serviceable,false,
678704,Serviceable,false,
678721,Serviceable,false,
678762,Serviceable,false,
679101,Serviceable,false,
679103,Serviceable,false,
679104,Serviceable,false,
679121,Serviceable,false,
679122,Serviceable,false,
679123,Serviceable,false,
679301,Serviceable,false,
679302,Serviceable,false,
679303,Serviceable,false,
679304,Serviceable,false,
679305,Serviceable,false,
679307,Serviceable,false,
679309,Serviceable,false,
679313,Serviceable,false,
679321,Serviceable,false,
679322,Serviceable,false,
679323,Serviceable,false,
679325,Serviceable,false,
679326,Serviceable,false,
679328,Serviceable,false,
679330,Serviceable,false,
679332,Serviceable,false,
679333,Serviceable,false,
679334,Serviceable,false,
679337,Serviceable,false,
679338,Serviceable,false,
679339,Serviceable,false,
679357,Serviceable,false,
679501,Serviceable,false,
679503,Serviceable,false,
679506,Serviceable,false,
679511,Serviceable,false,
679513,Serviceable,false,
679514,Serviceable,false,
679515,Serviceable,false,
679521,Serviceable,false,
679522,Serviceable,false,
679523,Serviceable,false,
679531,Serviceable,false,
679532,Serviceable,false,
679533,Serviceable,false,
679534,Serviceable,false,
679536,Serviceable,false,
679551,Serviceable,false,
679552,Serviceable,false,
679554,Serviceable,false,
679562,Serviceable,false,
679576,Serviceable,false,
679580,Serviceable,false,
679581,Serviceable,false,
679584,Serviceable,false,
680001,Serviceable,false,
680002,Serviceable,false,
680004,Serviceable,false,
680005,Serviceable,false,
680006,Serviceable,false,
680007,Serviceable,false,
680010,Serviceable,false,
680011,Serviceable,false,
680012,Serviceable,false,
680013,Serviceable,false,
680014,Serviceable,false,
680015,Serviceable,false,
680026,Serviceable,false,
680027,Serviceable,false,
680101,Serviceable,false,
680121,Serviceable,false,
680123,Serviceable,false,
680301,Serviceable,false,
680302,Serviceable,false,
680303,Serviceable,false,
680305,Serviceable,false,
680306,Serviceable,false,
680307,Serviceable,false,
680308,Serviceable,false,
680309,Serviceable,false,
680310,Serviceable,false,
680311,Serviceable,false,
680312,Serviceable,false,
680501,Serviceable,false,
680503,Serviceable,false,
680504,Serviceable,false,
680505,Serviceable,false,
680506,Serviceable,false,
680511,Serviceable,false,
680514,Serviceable,false,
680515,Serviceable,false,
680517,Serviceable,false,
680520,Serviceable,false,
680523,Serviceable,false,
680544,Serviceable,false,
680545,Serviceable,false,
680555,Serviceable,false,
680561,Serviceable,false,
680562,Serviceable,false,
680563,Serviceable,false,
680566,Serviceable,false,
680581,Serviceable,false,
680583,Serviceable,false,
680584,Serviceable,false,
680586,Serviceable,false,
680587,Serviceable,false,
680589,Serviceable,false,
680590,Serviceable,false,
680601,Serviceable,false,
680602,Serviceable,false,
680604,Serviceable,false,
680613,Serviceable,false,
680614,Serviceable,false,
680620,Serviceable,false,
680631,Serviceable,false,
680641,Serviceable,false,
680651,Serviceable,false,
680652,Serviceable,false,
680653,Serviceable,false,
680654,Serviceable,false,
680655,Serviceable,false,
680656,Serviceable,false,
680663,Serviceable,false,
680664,Serviceable,false,
680665,Serviceable,false,
680666,Serviceable,false,
680668,Serviceable,false,
680671,Serviceable,false,
680681,Serviceable,false,
680682,Serviceable,false,
680683,Serviceable,false,
680684,Serviceable,false,
680685,Serviceable,false,
680687,Serviceable,false,
680689,Serviceable,false,
680697,Serviceable,false,
680699,Serviceable,false,
680702,Serviceable,false,
680712,Serviceable,false,
680721,Serviceable,false,
680722,Serviceable,false,
680724,Serviceable,false,
680731,Serviceable,false,
680732,Serviceable,false,
680734,Serviceable,false,
680741,Serviceable,false,
680751,Serviceable,false,
682001,Serviceable,false,
682002,Serviceable,false,
682005,Serviceable,false,
682006,Serviceable,false,
682007,Serviceable,false,
682011,Serviceable,false,
682015,Serviceable,false,
682016,Serviceable,false,
682017,Serviceable,false,
682018,Serviceable,false,
682019,Serviceable,false,
682020,Serviceable,false,
682023,Serviceable,false,
682024,Serviceable,false,
682025,Serviceable,false,
682026,Serviceable,false,
682027,Serviceable,false,
682029,Serviceable,false,
682030,Serviceable,false,
682031,Serviceable,false,
682032,Serviceable,false,
682033,Serviceable,false,
682034,Serviceable,false,
682035,Serviceable,false,
682036,Serviceable,false,
682037,Serviceable,false,
682038,Serviceable,false,
682039,Serviceable,false,
682301,Serviceable,false,
682303,Serviceable,false,
682304,Serviceable,false,
682305,Serviceable,false,
682306,Serviceable,false,
682307,Serviceable,false,
682308,Serviceable,false,
682309,Serviceable,false,
682312,Serviceable,false,
682313,Serviceable,false,
682314,Serviceable,false,
682315,Serviceable,false,
682316,Serviceable,false,
682501,Serviceable,false,
682502,Serviceable,false,
682503,Serviceable,false,
682505,Serviceable,false,
682506,Serviceable,false,
682508,Serviceable,false,
682509,Serviceable,false,
682511,Serviceable,false,
683101,Serviceable,false,
683102,Serviceable,false,
683105,Serviceable,false,
683106,Serviceable,false,
683108,Serviceable,false,
683110,Serviceable,false,
683112,Serviceable,false,
683501,Serviceable,false,
683502,Serviceable,false,
683503,Serviceable,false,
683511,Serviceable,false,
683513,Serviceable,false,
683517,Serviceable,false,
683518,Serviceable,false,
683519,Serviceable,false,
683520,Serviceable,false,
683521,Serviceable,false,
683522,Serviceable,false,
683542,Serviceable,false,
683543,Serviceable,false,
683544,Serviceable,false,
683545,Serviceable,false,
683546,Serviceable,false,
683547,Serviceable,false,
683549,Serviceable,false,
683550,Serviceable,false,
683556,Serviceable,false,
683561,Serviceable,false,
683562,Serviceable,false,
683563,Serviceable,false,
683565,Serviceable,false,
683571,Serviceable,false,
683572,Serviceable,false,
683574,Serviceable,false,
683575,Serviceable,false,
683576,Serviceable,false,
683578,Serviceable,false,
683579,Serviceable,false,
683580,Serviceable,false,
683581,Serviceable,false,
683585,Serviceable,false,
683594,Serviceable,false,
685503,Serviceable,false,
685505,Serviceable,false,
685509,Serviceable,false,
685511,Serviceable,false,
685514,Serviceable,false,
685515,Serviceable,false,
685533,Serviceable,false,
685551,Serviceable,false,
685552,Serviceable,false,
685553,Serviceable,false,
685561,Serviceable,false,
685565,Serviceable,false,
685571,Serviceable,false,
685581,Serviceable,false,
685582,Serviceable,false,
685583,Serviceable,false,
685586,Serviceable,false,
685587,Serviceable,false,
685588,Serviceable,false,
685595,Serviceable,false,
685606,Serviceable,false,
685607,Serviceable,false,
685608,Serviceable,false,
685612,Serviceable,false,
685613,Serviceable,false,
685619,Serviceable,false,
686001,Serviceable,false,
686002,Serviceable,false,
686003,Serviceable,false,
686004,Serviceable,false,
686005,Serviceable,false,
686006,Serviceable,false,
686007,Serviceable,false,
686008,Serviceable,false,
686010,Serviceable,false,
686011,Serviceable,false,
686012,Serviceable,false,
686013,Serviceable,false,
686015,Serviceable,false,
686016,Serviceable,false,
686018,Serviceable,false,
686020,Serviceable,false,
686101,Serviceable,false,
686104,Serviceable,false,
686105,Serviceable,false,
686141,Serviceable,false,
686143,Serviceable,false,
686144,Serviceable,false,
686501,Serviceable,false,
686502,Serviceable,false,
686506,Serviceable,false,
686507,Serviceable,false,
686509,Serviceable,false,
686510,Serviceable,false,
686511,Serviceable,false,
686512,Serviceable,false,
686513,Serviceable,false,
686514,Serviceable,false,
686519,Serviceable,false,
686533,Serviceable,false,
686536,Serviceable,false,
686537,Serviceable,false,
686540,Serviceable,false,
686541,Serviceable,false,
686542,Serviceable,false,
686543,Serviceable,false,
686544,Serviceable,false,
686546,Serviceable,false,
686562,Serviceable,false,
686564,Serviceable,false,
686574,Serviceable,false,
686575,Serviceable,false,
686577,Serviceable,false,
686580,Serviceable,false,
686602,Serviceable,false,
686603,Serviceable,false,
686604,Serviceable,false,
686605,Serviceable,false,
686608,Serviceable,false,
686611,Serviceable,false,
686632,Serviceable,false,
686635,Serviceable,false,
686636,Serviceable,false,
686637,Serviceable,false,
686651,Serviceable,false,
686652,Serviceable,false,
686662,Serviceable,false,
686663,Serviceable,false,
686669,Serviceable,false,
686670,Serviceable,false,
686692,Serviceable,false,
688001,Serviceable,false,
688003,Serviceable,false,
688004,Serviceable,false,
688005,Serviceable,false,
688006,Serviceable,false,
688007,Serviceable,false,
688008,Serviceable,false,
688012,Serviceable,false,
688505,Serviceable,false,
688521,Serviceable,false,
688522,Serviceable,false,
688523,Serviceable,false,
688524,Serviceable,false,
688525,Serviceable,false,
688526,Serviceable,false,
688527,Serviceable,false,
688528,Serviceable,false,
688531,Serviceable,false,
688533,Serviceable,false,
688534,Serviceable,false,
688535,Serviceable,false,
688536,Serviceable,false,
688537,Serviceable,false,
688538,Serviceable,false,
688540,Serviceable,false,
688555,Serviceable,false,
688562,Serviceable,false,
688582,Serviceable,false,
689102,Serviceable,false,
689103,Serviceable,false,
689109,Serviceable,false,
689110,Serviceable,false,
689121,Serviceable,false,
689501,Serviceable,false,
689503,Serviceable,false,
689506,Serviceable,false,
689509,Serviceable,false,
689511,Serviceable,false,
689542,Serviceable,false,
689572,Serviceable,false,
689573,Serviceable,false,
689582,Serviceable,false,
689583,Serviceable,false,
689584,Serviceable,false,
689588,Serviceable,false,
689591,Serviceable,false,
689595,Serviceable,false,
689622,Serviceable,false,
689625,Serviceable,false,
689641,Serviceable,false,
689642,Serviceable,false,
689643,Serviceable,false,
689645,Serviceable,false,
689646,Serviceable,false,
689664,Serviceable,false,
689666,Serviceable,false,
689673,Serviceable,false,
689674,Serviceable,false,
689675,Serviceable,false,
689676,Serviceable,false,
689691,Serviceable,false,
689693,Serviceable,false,
689694,Serviceable,false,
689695,Serviceable,false,
689696,Serviceable,false,
689699,Serviceable,false,
689706,Serviceable,false,
689711,Serviceable,false,
690101,Serviceable,false,
690104,Serviceable,false,
690106,Serviceable,false,
690107,Serviceable,false,
690108,Serviceable,false,
690502,Serviceable,false,
690503,Serviceable,false,
690504,Serviceable,false,
690505,Serviceable,false,
690509,Serviceable,false,
690510,Serviceable,false,
690511,Serviceable,false,
690512,Serviceable,false,
690513,Serviceable,false,
690514,Serviceable,false,
690516,Serviceable,false,
690518,Serviceable,false,
690519,Serviceable,false,
690520,Serviceable,false,
690521,Serviceable,false,
690522,Serviceable,false,
690523,Serviceable,false,
690524,Serviceable,false,
690525,Serviceable,false,
690526,Serviceable,false,
690528,Serviceable,false,
690529,Serviceable,false,
690530,Serviceable,false,
690531,Serviceable,false,
690533,Serviceable,false,
690536,Serviceable,false,
690538,Serviceable,false,
690539,Serviceable,false,
690540,Serviceable,false,
690542,Serviceable,false,
690543,Serviceable,false,
690544,Serviceable,false,
690547,Serviceable,false,
690548,Serviceable,false,
690558,Serviceable,false,
690561,Serviceable,false,
690567,Serviceable,false,
690568,Serviceable,false,
690571,Serviceable,false,
690572,Serviceable,false,
690573,Serviceable,false,
690574,Serviceable,false,
691001,Serviceable,false,
691002,Serviceable,false,
691003,Serviceable,false,
691004,Serviceable,false,
691005,Serviceable,false,
691006,Serviceable,false,
691007,Serviceable,false,
691008,Serviceable,false,
691009,Serviceable,false,
691010,Serviceable,false,
691011,Serviceable,false,
691012,Serviceable,false,
691013,Serviceable,false,
691014,Serviceable,false,
691015,Serviceable,false,
691016,Serviceable,false,
691017,Serviceable,false,
691018,Serviceable,false,
691019,Serviceable,false,
691020,Serviceable,false,
691021,Serviceable,false,
691025,Serviceable,false,
691301,Serviceable,false,
691302,Serviceable,false,
691303,Serviceable,false,
691304,Serviceable,false,
691305,Serviceable,false,
691306,Serviceable,false,
691307,Serviceable,false,
691309,Serviceable,false,
691310,Serviceable,false,
691312,Serviceable,false,
691314,Serviceable,false,
691315,Serviceable,false,
691316,Serviceable,false,
691317,Serviceable,false,
691319,Serviceable,false,
691322,Serviceable,false,
691324,Serviceable,false,
691326,Serviceable,false,
691329,Serviceable,false,
691331,Serviceable,false,
691333,Serviceable,false,
691334,Serviceable,false,
691500,Serviceable,false,
691501,Serviceable,false,
691502,Serviceable,false,
691503,Serviceable,false,
691504,Serviceable,false,
691505,Serviceable,false,
691506,Serviceable,false,
691507,Serviceable,false,
691508,Serviceable,false,
691509,Serviceable,false,
691510,Serviceable,false,
691511,Serviceable,false,
691512,Serviceable,false,
691513,Serviceable,false,
691514,Serviceable,false,
691515,Serviceable,false,
691516,Serviceable,false,
691517,Serviceable,false,
691518,Serviceable,false,
691520,Serviceable,false,
691521,Serviceable,false,
691522,Serviceable,false,
691526,Serviceable,false,
691529,Serviceable,false,
691531,Serviceable,false,
691532,Serviceable,false,
691533,Serviceable,false,
691534,Serviceable,false,
691536,Serviceable,false,
691537,Serviceable,false,
691538,Serviceable,false,
691539,Serviceable,false,
691541,Serviceable,false,
691542,Serviceable,false,
691543,Serviceable,false,
691544,Serviceable,false,
691545,Serviceable,false,
691546,Serviceable,false,
691547,Serviceable,false,
691548,Serviceable,false,
691556,Serviceable,false,
691559,Serviceable,false,
691560,Serviceable,false,
691566,Serviceable,false,
691571,Serviceable,false,
691572,Serviceable,false,
691573,Serviceable,false,
691574,Serviceable,false,
691576,Serviceable,false,
691577,Serviceable,false,
691578,Serviceable,false,
691579,Serviceable,false,
691580,Serviceable,false,
691581,Serviceable,false,
691582,Serviceable,false,
691583,Serviceable,false,
691584,Serviceable,false,
691585,Serviceable,false,
691588,Serviceable,false,
691589,Serviceable,false,
691590,Serviceable,false,
691601,Serviceable,false,
691602,Serviceable,false,
691603,Serviceable,false,
691604,Serviceable,false,
691623,Serviceable,false,
691624,Serviceable,false,
691625,Serviceable,false,
695001,Serviceable,false,
695002,Serviceable,false,
695003,Serviceable,false,
695004,Serviceable,false,
695005,Serviceable,false,
695006,Serviceable,false,
695008,Serviceable,false,
695009,Serviceable,false,
695010,Serviceable,false,
695011,Serviceable,false,
695012,Serviceable,false,
695013,Serviceable,false,
695014,Serviceable,false,
695015,Serviceable,false,
695019,Serviceable,false,
695020,Serviceable,false,
695023,Serviceable,false,
695024,Serviceable,false,
695025,Serviceable,false,
695026,Serviceable,false,
695028,Serviceable,false,
695029,Serviceable,false,
695032,Serviceable,false,
695035,Serviceable,false,
695036,Serviceable,false,
695043,Serviceable,false,
695101,Serviceable,false,
695102,Serviceable,false,
695104,Serviceable,false,
695121,Serviceable,false,
695122,Serviceable,false,
695124,Serviceable,false,
695125,Serviceable,false,
695126,Serviceable,false,
695133,Serviceable,false,
695134,Serviceable,false,
695141,Serviceable,false,
695145,Serviceable,false,
695146,Serviceable,false,
695301,Serviceable,false,
695303,Serviceable,false,
695305,Serviceable,false,
695306,Serviceable,false,
695307,Serviceable,false,
695308,Serviceable,false,
695309,Serviceable,false,
695311,Serviceable,false,
695313,Serviceable,false,
695316,Serviceable,false,
695317,Serviceable,false,
695501,Serviceable,false,
695502,Serviceable,false,
695505,Serviceable,false,
695506,Serviceable,false,
695507,Serviceable,false,
695508,Serviceable,false,
695512,Serviceable,false,
695513,Serviceable,false,
695523,Serviceable,false,
695524,Serviceable,false,
695525,Serviceable,false,
695527,Serviceable,false,
695541,Serviceable,false,
695542,Serviceable,false,
695543,Serviceable,false,
695551,Serviceable,false,
695561,Serviceable,false,
695562,Serviceable,false,
695563,Serviceable,false,
695564,Serviceable,false,
695571,Serviceable,false,
695572,Serviceable,false,
695573,Serviceable,false,
695574,Serviceable,false,
695575,Serviceable,false,
695581,Serviceable,false,
695582,Serviceable,false,
695583,Serviceable,false,
695584,Serviceable,false,
695586,Serviceable,false,
695587,Serviceable,false,
695589,Serviceable,false,
695603,Serviceable,false,
695605,Serviceable,false,
695606,Serviceable,false,
695608,Serviceable,false,
695609,Serviceable,false,
695611,Serviceable,false,
695612,Serviceable,false,
695614,Serviceable,false,
695615,Serviceable,false,
700001,Serviceable,false,
700002,Serviceable,false,
700003,Serviceable,false,
700004,Serviceable,false,
700005,Serviceable,false,
700006,Serviceable,false,
700007,Serviceable,false,
700008,Serviceable,false,
700009,Serviceable,false,
700010,Serviceable,false,
700011,Serviceable,false,
700012,Serviceable,false,
700013,Serviceable,false,
700014,Serviceable,false,
700015,Serviceable,false,
700016,Serviceable,false,
700017,Serviceable,false,
700018,Serviceable,false,
700019,Serviceable,false,
700020,Serviceable,false,
700021,Serviceable,false,
700022,Serviceable,false,
700023,Serviceable,false,
700024,Serviceable,false,
700025,Serviceable,false,
700026,Serviceable,false,
700027,Serviceable,false,
700028,Serviceable,false,
700029,Serviceable,false,
700030,Serviceable,false,
700031,Serviceable,false,
700032,Serviceable,false,
700033,Serviceable,false,
700034,Serviceable,false,
700035,Serviceable,false,
700036,Serviceable,false,
700037,Serviceable,false,
700038,Serviceable,false,
700039,Serviceable,false,
700040,Serviceable,false,
700041,Serviceable,false,
700042,Serviceable,false,
700043,Serviceable,false,
700044,Serviceable,false,
700045,Serviceable,false,
700046,Serviceable,false,
700047,Serviceable,false,
700048,Serviceable,false,
700049,Serviceable,false,
700050,Serviceable,false,
700051,Serviceable,false,
700052,Serviceable,false,
700053,Serviceable,false,
700054,Serviceable,false,
700055,Serviceable,false,
700056,Serviceable,false,
700057,Serviceable,false,
700059,Serviceable,false,
700060,Serviceable,false,
700061,Serviceable,false,
700063,Serviceable,false,
700064,Serviceable,false,
700065,Serviceable,false,
700066,Serviceable,false,
700067,Serviceable,false,
700068,Serviceable,false,
700070,Serviceable,false,
700071,Serviceable,false,
700072,Serviceable,false,
700073,Serviceable,false,
700074,Serviceable,false,
700075,Serviceable,false,
700076,Serviceable,false,
700077,Serviceable,false,
700078,Serviceable,false,
700079,Serviceable,false,
700080,Serviceable,false,
700081,Serviceable,false,
700082,Serviceable,false,
700083,Serviceable,false,
700084,Serviceable,false,
700085,Serviceable,false,
700086,Serviceable,false,
700087,Serviceable,false,
700088,Serviceable,false,
700089,Serviceable,false,
700090,Serviceable,false,
700091,Serviceable,false,
700092,Serviceable,false,
700095,Serviceable,false,
700096,Serviceable,false,
700099,Serviceable,false,
700101,Serviceable,false,
700103,Serviceable,false,
700105,Serviceable,false,
700107,Serviceable,false,
700108,Serviceable,false,
700109,Serviceable,false,
700111,Serviceable,false,
700113,Serviceable,false,
700114,Serviceable,false,
700116,Serviceable,false,
700117,Serviceable,false,
700118,Serviceable,false,
700119,Serviceable,false,
700121,Serviceable,false,
700122,Serviceable,false,
700124,Serviceable,false,
700125,Serviceable,false,
700126,Serviceable,false,
700127,Serviceable,false,
700128,Serviceable,false,
700130,Serviceable,false,
700132,Serviceable,false,
700134,Serviceable,false,
700135,Serviceable,false,
700138,Serviceable,false,
700140,Serviceable,false,
700142,Serviceable,false,
700144,Serviceable,false,
700145,Serviceable,false,
700148,Serviceable,false,
700152,Serviceable,false,
700155,Serviceable,false,
700156,Serviceable,false,
700157,Serviceable,false,
703015,Serviceable,false,
711101,Serviceable,false,
711103,Serviceable,false,
711104,Serviceable,false,
711106,Serviceable,false,
711107,Serviceable,false,
711108,Serviceable,false,
711109,Serviceable,false,
711110,Serviceable,false,
711111,Serviceable,false,
711112,Serviceable,false,
711113,Serviceable,false,
711201,Serviceable,false,
711202,Serviceable,false,
711204,Serviceable,false,
711205,Serviceable,false,
711224,Serviceable,false,
711226,Serviceable,false,
711227,Serviceable,false,
711301,Serviceable,false,
711302,Serviceable,false,
711304,Serviceable,false,
711305,Serviceable,false,
711307,Serviceable,false,
711308,Serviceable,false,
711309,Serviceable,false,
711310,Serviceable,false,
711311,Serviceable,false,
711312,Serviceable,false,
711313,Serviceable,false,
711314,Serviceable,false,
711315,Serviceable,false,
711316,Serviceable,false,
711317,Serviceable,false,
711322,Serviceable,false,
711323,Serviceable,false,
711324,Serviceable,false,
711325,Serviceable,false,
711326,Serviceable,false,
711327,Serviceable,false,
711328,Serviceable,false,
711401,Serviceable,false,
711403,Serviceable,false,
711405,Serviceable,false,
711406,Serviceable,false,
711409,Serviceable,false,
711410,Serviceable,false,
711411,Serviceable,false,
711412,Serviceable,false,
711415,Serviceable,false,
711416,Serviceable,false,
712101,Serviceable,false,
712102,Serviceable,false,
712103,Serviceable,false,
712105,Serviceable,false,
712106,Serviceable,false,
712121,Serviceable,false,
712122,Serviceable,false,
712123,Serviceable,false,
712124,Serviceable,false,
712125,Serviceable,false,
712134,Serviceable,false,
712135,Serviceable,false,
712136,Serviceable,false,
712137,Serviceable,false,
712138,Serviceable,false,
712139,Serviceable,false,
712146,Serviceable,false,
712147,Serviceable,false,
712148,Serviceable,false,
712149,Serviceable,false,
712150,Serviceable,false,
712151,Serviceable,false,
712152,Serviceable,false,
712153,Serviceable,false,
712155,Serviceable,false,
712158,Serviceable,false,
712201,Serviceable,false,
712202,Serviceable,false,
712203,Serviceable,false,
712205,Serviceable,false,
712208,Serviceable,false,
712221,Serviceable,false,
712222,Serviceable,false,
712223,Serviceable,false,
712232,Serviceable,false,
712233,Serviceable,false,
712245,Serviceable,false,
712246,Serviceable,false,
712247,Serviceable,false,
712248,Serviceable,false,
712249,Serviceable,false,
712250,Serviceable,false,
712301,Serviceable,false,
712302,Serviceable,false,
712303,Serviceable,false,
712304,Serviceable,false,
712305,Serviceable,false,
712306,Serviceable,false,
712307,Serviceable,false,
712308,Serviceable,false,
712309,Serviceable,false,
712310,Serviceable,false,
712311,Serviceable,false,
712331,Serviceable,false,
712365,Serviceable,false,
712401,Serviceable,false,
712402,Serviceable,false,
712403,Serviceable,false,
712404,Serviceable,false,
712405,Serviceable,false,
712406,Serviceable,false,
712407,Serviceable,false,
712408,Serviceable,false,
712409,Serviceable,false,
712410,Serviceable,false,
712411,Serviceable,false,
712412,Serviceable,false,
712414,Serviceable,false,
712415,Serviceable,false,
712416,Serviceable,false,
712417,Serviceable,false,
712418,Serviceable,false,
712419,Serviceable,false,
712420,Serviceable,false,
712421,Serviceable,false,
712422,Serviceable,false,
712423,Serviceable,false,
712424,Serviceable,false,
712425,Serviceable,false,
712426,Serviceable,false,
712428,Serviceable,false,
712429,Serviceable,false,
712501,Serviceable,false,
712502,Serviceable,false,
712504,Serviceable,false,
712512,Serviceable,false,
712513,Serviceable,false,
712514,Serviceable,false,
712515,Serviceable,false,
712601,Serviceable,false,
712602,Serviceable,false,
712611,Serviceable,false,
712612,Serviceable,false,
712613,Serviceable,false,
712614,Serviceable,false,
712615,Serviceable,false,
712616,Serviceable,false,
712617,Serviceable,false,
712702,Serviceable,false,
712703,Serviceable,false,
712704,Serviceable,false,
712705,Serviceable,false,
712706,Serviceable,false,
712707,Serviceable,false,
712708,Serviceable,false,
712906,Serviceable,false,
713148,Serviceable,false,
713150,Serviceable,false,
713201,Serviceable,false,
713204,Serviceable,false,
713205,Serviceable,false,
713206,Serviceable,false,
713212,Serviceable,false,
713213,Serviceable,false,
713214,Serviceable,false,
713216,Serviceable,false,
713217,Serviceable,false,
713310,Serviceable,false,
713327,Serviceable,false,
713328,Serviceable,false,
713329,Serviceable,false,
713347,Serviceable,false,
713363,Serviceable,false,
713364,Serviceable,false,
713513,Serviceable,false,
713514,Serviceable,false,
721101,Serviceable,false,
721138,Serviceable,false,
721141,Serviceable,false,
721145,Serviceable,false,
721149,Serviceable,false,
721301,Serviceable,false,
721302,Serviceable,false,
721305,Serviceable,false,
721306,Serviceable,false,
721401,Serviceable,false,
721425,Serviceable,false,
721427,Serviceable,false,
721432,Serviceable,false,
721433,Serviceable,false,
721450,Serviceable,false,
721602,Serviceable,false,
721636,Serviceable,false,
721650,Serviceable,false,
722101,Serviceable,false,
722102,Serviceable,false,
722111,Serviceable,false,
722112,Serviceable,false,
722121,Serviceable,false,
722122,Serviceable,false,
722132,Serviceable,false,
722133,Serviceable,false,
722134,Serviceable,false,
722135,Serviceable,false,
722136,Serviceable,false,
722137,Serviceable,false,
722138,Serviceable,false,
722139,Serviceable,false,
722140,Serviceable,false,
722141,Serviceable,false,
722142,Serviceable,false,
722143,Serviceable,false,
722144,Serviceable,false,
722145,Serviceable,false,
722146,Serviceable,false,
722147,Serviceable,false,
722148,Serviceable,false,
722149,Serviceable,false,
722150,Serviceable,false,
722151,Serviceable,false,
722153,Serviceable,false,
722155,Serviceable,false,
722156,Serviceable,false,
722158,Serviceable,false,
722160,Serviceable,false,
722161,Serviceable,false,
722162,Serviceable,false,
722163,Serviceable,false,
722164,Serviceable,false,
722168,Serviceable,false,
722171,Serviceable,false,
722172,Serviceable,false,
722173,Serviceable,false,
722174,Serviceable,false,
722180,Serviceable,false,
722183,Serviceable,false,
722201,Serviceable,false,
722202,Serviceable,false,
722203,Serviceable,false,
722204,Serviceable,false,
722206,Serviceable,false,
722207,Serviceable,false,
722208,Serviceable,false,
722209,Serviceable,false,
723102,Serviceable,false,
723103,Serviceable,false,
723121,Serviceable,false,
723126,Serviceable,false,
723128,Serviceable,false,
723129,Serviceable,false,
723130,Serviceable,false,
723131,Serviceable,false,
723132,Serviceable,false,
723133,Serviceable,false,
723142,Serviceable,false,
723143,Serviceable,false,
723145,Serviceable,false,
723147,Serviceable,false,
723148,Serviceable,false,
723149,Serviceable,false,
723151,Serviceable,false,
723152,Serviceable,false,
723153,Serviceable,false,
723154,Serviceable,false,
723155,Serviceable,false,
723157,Serviceable,false,
723160,Serviceable,false,
723161,Serviceable,false,
723162,Serviceable,false,
723168,Serviceable,false,
723201,Serviceable,false,
723202,Serviceable,false,
723212,Serviceable,false,
723213,Serviceable,false,
723214,Serviceable,false,
723215,Serviceable,false,
731131,Serviceable,false,
732101,Serviceable,false,
732103,Serviceable,false,
732121,Serviceable,false,
732122,Serviceable,false,
732123,Serviceable,false,
732124,Serviceable,false,
732127,Serviceable,false,
732128,Serviceable,false,
732138,Serviceable,false,
732139,Serviceable,false,
732140,Serviceable,false,
732141,Serviceable,false,
732142,Serviceable,false,
732144,Serviceable,false,
732147,Serviceable,false,
732202,Serviceable,false,
732203,Serviceable,false,
732204,Serviceable,false,
732205,Serviceable,false,
732207,Serviceable,false,
732208,Serviceable,false,
732209,Serviceable,false,
732210,Serviceable,false,
732211,Serviceable,false,
732212,Serviceable,false,
732213,Serviceable,false,
732214,Serviceable,false,
732216,Serviceable,false,
733144,Serviceable,false,
733148,Serviceable,false,
733149,Serviceable,false,
733153,Serviceable,false,
733154,Serviceable,false,
733157,Serviceable,false,
733211,Serviceable,false,
734001,Serviceable,false,
734004,Serviceable,false,
734006,Serviceable,false,
734007,Serviceable,false,
734015,Serviceable,false,
734301,Serviceable,false,
734314,Serviceable,false,
734315,Serviceable,false,
734316,Serviceable,false,
734401,Serviceable,false,
734403,Serviceable,false,
734404,Serviceable,false,
734405,Serviceable,false,
734406,Serviceable,false,
734422,Serviceable,false,
734428,Serviceable,false,
734433,Serviceable,false,
734501,Serviceable,false,
735102,Serviceable,false,
735103,Serviceable,false,
735105,Serviceable,false,
735121,Serviceable,false,
735122,Serviceable,false,
735132,Serviceable,false,
735133,Serviceable,false,
735134,Serviceable,false,
735137,Serviceable,false,
735138,Serviceable,false,
735140,Serviceable,false,
735201,Serviceable,false,
735202,Serviceable,false,
735204,Serviceable,false,
735206,Serviceable,false,
735208,Serviceable,false,
735210,Serviceable,false,
735211,Serviceable,false,
735213,Serviceable,false,
735214,Serviceable,false,
735216,Serviceable,false,
735217,Serviceable,false,
735219,Serviceable,false,
735220,Serviceable,false,
735221,Serviceable,false,
735222,Serviceable,false,
735223,Serviceable,false,
735229,Serviceable,false,
735230,Serviceable,false,
735233,Serviceable,false,
735234,Serviceable,false,
735235,Serviceable,false,
735301,Serviceable,false,
735302,Serviceable,false,
735303,Serviceable,false,
735304,Serviceable,false,
735305,Serviceable,false,
735306,Serviceable,false,
736101,Serviceable,false,
736118,Serviceable,false,
736121,Serviceable,false,
736122,Serviceable,false,
736131,Serviceable,false,
736132,Serviceable,false,
736133,Serviceable,false,
736134,Serviceable,false,
736135,Serviceable,false,
736145,Serviceable,false,
736146,Serviceable,false,
736158,Serviceable,false,
736159,Serviceable,false,
736160,Serviceable,false,
736165,Serviceable,false,
736169,Serviceable,false,
736170,Serviceable,false,
736171,Serviceable,false,
736173,Serviceable,false,
736175,Serviceable,false,
736176,Serviceable,false,
736177,Serviceable,false,
736180,Serviceable,false,
736182,Serviceable,false,
736202,Serviceable,false,
736204,Serviceable,false,
736206,Serviceable,false,
736208,Serviceable,false,
741192,Serviceable,false,
742150,Serviceable,false,
742173,Serviceable,false,
742178,Serviceable,false,
742181,Serviceable,false,
742231,Serviceable,false,
742232,Serviceable,false,
742234,Serviceable,false,
742307,Serviceable,false,
743101,Serviceable,false,
743102,Serviceable,false,
743120,Serviceable,false,
743121,Serviceable,false,
743122,Serviceable,false,
743123,Serviceable,false,
743125,Serviceable,false,
743126,Serviceable,false,
743127,Serviceable,false,
743129,Serviceable,false,
743133,Serviceable,false,
743134,Serviceable,false,
743135,Serviceable,false,
743136,Serviceable,false,
743144,Serviceable,false,
743145,Serviceable,false,
743155,Serviceable,false,
743164,Serviceable,false,
743165,Serviceable,false,
743166,Serviceable,false,
743170,Serviceable,false,
743175,Serviceable,false,
743176,Serviceable,false,
743177,Serviceable,false,
743178,Serviceable,false,
743179,Serviceable,false,
743180,Serviceable,false,
743186,Serviceable,false,
743187,Serviceable,false,
743188,Serviceable,false,
743193,Serviceable,false,
743201,Serviceable,false,
743202,Serviceable,false,
743203,Serviceable,false,
743204,Serviceable,false,
743222,Serviceable,false,
743232,Serviceable,false,
743233,Serviceable,false,
743234,Serviceable,false,
743245,Serviceable,false,
743246,Serviceable,false,
743249,Serviceable,false,
743250,Serviceable,false,
743251,Serviceable,false,
743252,Serviceable,false,
743262,Serviceable,false,
743263,Serviceable,false,
743268,Serviceable,false,
743270,Serviceable,false,
743271,Serviceable,false,
743272,Serviceable,false,
743273,Serviceable,false,
743274,Serviceable,false,
743275,Serviceable,false,
743276,Serviceable,false,
743286,Serviceable,false,
743287,Serviceable,false,
743288,Serviceable,false,
743289,Serviceable,false,
743290,Serviceable,false,
743292,Serviceable,false,
743294,Serviceable,false,
743295,Serviceable,false,
743296,Serviceable,false,
743297,Serviceable,false,
743298,Serviceable,false,
743301,Serviceable,false,
743302,Serviceable,false,
743313,Serviceable,false,
743316,Serviceable,false,
743343,Serviceable,false,
743352,Serviceable,false,
743358,Serviceable,false,
743360,Serviceable,false,
743369,Serviceable,false,
743379,Serviceable,false,
743380,Serviceable,false,
743381,Serviceable,false,
743382,Serviceable,false,
743384,Serviceable,false,
743388,Serviceable,false,
743389,Serviceable,false,
743390,Serviceable,false,
743391,Serviceable,false,
743393,Serviceable,false,
743394,Serviceable,false,
743396,Serviceable,false,
743397,Serviceable,false,
743398,Serviceable,false,
743401,Serviceable,false,
743402,Serviceable,false,
743411,Serviceable,false,
743412,Serviceable,false,
743413,Serviceable,false,
743422,Serviceable,false,
743423,Serviceable,false,
743424,Serviceable,false,
743425,Serviceable,false,
743427,Serviceable,false,
743428,Serviceable,false,
743429,Serviceable,false,
743436,Serviceable,false,
743438,Serviceable,false,
743439,Serviceable,false,
743440,Serviceable,false,
743441,Serviceable,false,
743442,Serviceable,false,
743443,Serviceable,false,
743445,Serviceable,false,
743446,Serviceable,false,
743505,Serviceable,false,
743506,Serviceable,false,
743507,Serviceable,false,
743508,Serviceable,false,
743510,Serviceable,false,
743511,Serviceable,false,
743512,Serviceable,false,
743514,Serviceable,false,
743515,Serviceable,false,
743516,Serviceable,false,
743517,Serviceable,false,
743518,Serviceable,false,
743601,Serviceable,false,
743602,Serviceable,false,
743603,Serviceable,false,
743604,Serviceable,false,
743605,Serviceable,false,
743606,Serviceable,false,
743607,Serviceable,false,
743608,Serviceable,false,
743612,Serviceable,false,
743702,Serviceable,false,
743703,Serviceable,false,
743704,Serviceable,false,
743705,Serviceable,false,
743707,Serviceable,false,
743710,Serviceable,false,
743711,Serviceable,false,
751001,Serviceable,false,
751002,Serviceable,false,
751003,Serviceable,false,
751004,Serviceable,false,
751005,Serviceable,false,
751006,Serviceable,false,
751007,Serviceable,false,
751008,Serviceable,false,
751009,Serviceable,false,
751010,Serviceable,false,
751012,Serviceable,false,
751013,Serviceable,false,
751014,Serviceable,false,
751015,Serviceable,false,
751016,Serviceable,false,
751017,Serviceable,false,
751018,Serviceable,false,
751019,Serviceable,false,
751020,Serviceable,false,
751021,Serviceable,false,
751022,Serviceable,false,
751023,Serviceable,false,
751024,Serviceable,false,
751025,Serviceable,false,
751026,Serviceable,false,
751028,Serviceable,false,
751029,Serviceable,false,
751030,Serviceable,false,
751031,Serviceable,false,
752001,Serviceable,false,
752002,Serviceable,false,
752003,Serviceable,false,
752012,Serviceable,false,
752013,Serviceable,false,
752014,Serviceable,false,
752015,Serviceable,false,
752016,Serviceable,false,
752017,Serviceable,false,
752018,Serviceable,false,
752019,Serviceable,false,
752020,Serviceable,false,
752021,Serviceable,false,
752022,Serviceable,false,
752023,Serviceable,false,
752024,Serviceable,false,
752025,Serviceable,false,
752026,Serviceable,false,
752027,Serviceable,false,
752030,Serviceable,false,
752031,Serviceable,false,
752034,Serviceable,false,
752035,Serviceable,false,
752037,Serviceable,false,
752038,Serviceable,false,
752045,Serviceable,false,
752046,Serviceable,false,
752050,Serviceable,false,
752054,Serviceable,false,
752055,Serviceable,false,
752056,Serviceable,false,
752057,Serviceable,false,
752060,Serviceable,false,
752061,Serviceable,false,
752062,Serviceable,false,
752063,Serviceable,false,
752064,Serviceable,false,
752065,Serviceable,false,
752066,Serviceable,false,
752068,Serviceable,false,
752070,Serviceable,false,
752077,Serviceable,false,
752078,Serviceable,false,
752081,Serviceable,false,
752082,Serviceable,false,
752083,Serviceable,false,
752084,Serviceable,false,
752089,Serviceable,false,
752090,Serviceable,false,
752091,Serviceable,false,
752092,Serviceable,false,
752093,Serviceable,false,
752094,Serviceable,false,
752100,Serviceable,false,
752101,Serviceable,false,
752102,Serviceable,false,
752103,Serviceable,false,
752104,Serviceable,false,
752105,Serviceable,false,
752106,Serviceable,false,
752107,Serviceable,false,
752110,Serviceable,false,
752111,Serviceable,false,
752114,Serviceable,false,
752115,Serviceable,false,
752116,Serviceable,false,
752118,Serviceable,false,
752120,Serviceable,false,
752121,Serviceable,false,
753001,Serviceable,false,
753002,Serviceable,false,
753003,Serviceable,false,
753004,Serviceable,false,
753005,Serviceable,false,
753006,Serviceable,false,
753007,Serviceable,false,
753008,Serviceable,false,
753009,Serviceable,false,
753010,Serviceable,false,
753011,Serviceable,false,
753012,Serviceable,false,
753013,Serviceable,false,
753014,Serviceable,false,
753015,Serviceable,false,
753051,Serviceable,false,
753052,Serviceable,false,
753353,Serviceable,false,
754001,Serviceable,false,
754002,Serviceable,false,
754003,Serviceable,false,
754004,Serviceable,false,
754005,Serviceable,false,
754006,Serviceable,false,
754007,Serviceable,false,
754008,Serviceable,false,
754009,Serviceable,false,
754010,Serviceable,false,
754011,Serviceable,false,
754012,Serviceable,false,
754014,Serviceable,false,
754015,Serviceable,false,
754016,Serviceable,false,
754017,Serviceable,false,
754018,Serviceable,false,
754020,Serviceable,false,
754021,Serviceable,false,
754022,Serviceable,false,
754023,Serviceable,false,
754024,Serviceable,false,
754025,Serviceable,false,
754026,Serviceable,false,
754027,Serviceable,false,
754029,Serviceable,false,
754030,Serviceable,false,
754031,Serviceable,false,
754032,Serviceable,false,
754033,Serviceable,false,
754034,Serviceable,false,
754035,Serviceable,false,
754037,Serviceable,false,
754070,Serviceable,false,
754071,Serviceable,false,
754080,Serviceable,false,
754082,Serviceable,false,
754100,Serviceable,false,
754101,Serviceable,false,
754103,Serviceable,false,
754104,Serviceable,false,
754105,Serviceable,false,
754106,Serviceable,false,
754107,Serviceable,false,
754108,Serviceable,false,
754109,Serviceable,false,
754110,Serviceable,false,
754111,Serviceable,false,
754112,Serviceable,false,
754113,Serviceable,false,
754114,Serviceable,false,
754115,Serviceable,false,
754117,Serviceable,false,
754118,Serviceable,false,
754119,Serviceable,false,
754120,Serviceable,false,
754130,Serviceable,false,
754131,Serviceable,false,
754132,Serviceable,false,
754134,Serviceable,false,
754135,Serviceable,false,
754136,Serviceable,false,
754137,Serviceable,false,
754138,Serviceable,false,
754139,Serviceable,false,
754140,Serviceable,false,
754141,Serviceable,false,
754142,Serviceable,false,
754145,Serviceable,false,
754154,Serviceable,false,
754155,Serviceable,false,
754156,Serviceable,false,
754157,Serviceable,false,
754158,Serviceable,false,
754159,Serviceable,false,
754160,Serviceable,false,
754161,Serviceable,false,
754200,Serviceable,false,
754201,Serviceable,false,
754202,Serviceable,false,
754203,Serviceable,false,
754204,Serviceable,false,
754205,Serviceable,false,
754206,Serviceable,false,
754207,Serviceable,false,
754208,Serviceable,false,
754209,Serviceable,false,
754210,Serviceable,false,
754212,Serviceable,false,
754213,Serviceable,false,
754214,Serviceable,false,
754215,Serviceable,false,
754216,Serviceable,false,
754217,Serviceable,false,
754218,Serviceable,false,
754219,Serviceable,false,
754220,Serviceable,false,
754221,Serviceable,false,
754222,Serviceable,false,
754223,Serviceable,false,
754224,Serviceable,false,
754225,Serviceable,false,
754226,Serviceable,false,
754227,Serviceable,false,
754228,Serviceable,false,
754229,Serviceable,false,
754230,Serviceable,false,
754231,Serviceable,false,
754232,Serviceable,false,
754233,Serviceable,false,
754234,Serviceable,false,
754235,Serviceable,false,
754236,Serviceable,false,
754238,Serviceable,false,
754239,Serviceable,false,
754240,Serviceable,false,
754242,Serviceable,false,
754244,Serviceable,false,
754246,Serviceable,false,
754247,Serviceable,false,
754248,Serviceable,false,
754249,Serviceable,false,
754250,Serviceable,false,
754251,Serviceable,false,
754252,Serviceable,false,
754253,Serviceable,false,
754280,Serviceable,false,
754281,Serviceable,false,
754282,Serviceable,false,
754283,Serviceable,false,
754284,Serviceable,false,
754286,Serviceable,false,
754287,Serviceable,false,
754288,Serviceable,false,
754290,Serviceable,false,
754291,Serviceable,false,
754292,Serviceable,false,
754293,Serviceable,false,
754294,Serviceable,false,
754295,Serviceable,false,
754296,Serviceable,false,
755001,Serviceable,false,
755003,Serviceable,false,
755004,Serviceable,false,
755005,Serviceable,false,
755006,Serviceable,false,
755007,Serviceable,false,
755008,Serviceable,false,
755009,Serviceable,false,
755010,Serviceable,false,
755011,Serviceable,false,
755012,Serviceable,false,
755013,Serviceable,false,
755015,Serviceable,false,
755016,Serviceable,false,
755017,Serviceable,false,
755018,Serviceable,false,
755019,Serviceable,false,
755020,Serviceable,false,
755022,Serviceable,false,
755023,Serviceable,false,
755024,Serviceable,false,
755025,Serviceable,false,
755026,Serviceable,false,
755027,Serviceable,false,
755028,Serviceable,false,
755034,Serviceable,false,
755036,Serviceable,false,
755037,Serviceable,false,
755042,Serviceable,false,
755043,Serviceable,false,
755044,Serviceable,false,
755047,Serviceable,false,
755048,Serviceable,false,
755049,Serviceable,false,
755050,Serviceable,false,
755051,Serviceable,false,
755062,Serviceable,false,
756001,Serviceable,false,
756002,Serviceable,false,
756018,Serviceable,false,
756020,Serviceable,false,
756021,Serviceable,false,
756024,Serviceable,false,
756025,Serviceable,false,
756026,Serviceable,false,
756027,Serviceable,false,
756028,Serviceable,false,
756029,Serviceable,false,
756033,Serviceable,false,
756034,Serviceable,false,
756035,Serviceable,false,
756036,Serviceable,false,
756037,Serviceable,false,
756038,Serviceable,false,
756039,Serviceable,false,
756040,Serviceable,false,
756041,Serviceable,false,
756042,Serviceable,false,
756043,Serviceable,false,
756044,Serviceable,false,
756045,Serviceable,false,
756046,Serviceable,false,
756047,Serviceable,false,
756049,Serviceable,false,
756051,Serviceable,false,
756053,Serviceable,false,
756055,Serviceable,false,
756056,Serviceable,false,
756059,Serviceable,false,
756060,Serviceable,false,
756079,Serviceable,false,
756080,Serviceable,false,
756081,Serviceable,false,
756083,Serviceable,false,
756084,Serviceable,false,
756085,Serviceable,false,
756100,Serviceable,false,
756101,Serviceable,false,
756111,Serviceable,false,
756112,Serviceable,false,
756113,Serviceable,false,
756114,Serviceable,false,
756115,Serviceable,false,
756116,Serviceable,false,
756117,Serviceable,false,
756118,Serviceable,false,
756119,Serviceable,false,
756120,Serviceable,false,
756121,Serviceable,false,
756122,Serviceable,false,
756123,Serviceable,false,
756124,Serviceable,false,
756125,Serviceable,false,
756126,Serviceable,false,
756127,Serviceable,false,
756128,Serviceable,false,
756129,Serviceable,false,
756130,Serviceable,false,
756131,Serviceable,false,
756132,Serviceable,false,
756133,Serviceable,false,
756134,Serviceable,false,
756135,Serviceable,false,
756137,Serviceable,false,
756138,Serviceable,false,
756139,Serviceable,false,
756142,Serviceable,false,
756144,Serviceable,false,
756162,Serviceable,false,
756163,Serviceable,false,
756164,Serviceable,false,
756165,Serviceable,false,
756166,Serviceable,false,
756167,Serviceable,false,
756171,Serviceable,false,
756181,Serviceable,false,
757082,Serviceable,false,
758001,Serviceable,false,
758013,Serviceable,false,
758016,Serviceable,false,
758017,Serviceable,false,
758018,Serviceable,false,
758019,Serviceable,false,
758020,Serviceable,false,
758021,Serviceable,false,
758022,Serviceable,false,
758023,Serviceable,false,
758025,Serviceable,false,
758027,Serviceable,false,
758028,Serviceable,false,
758029,Serviceable,false,
758031,Serviceable,false,
758034,Serviceable,false,
758035,Serviceable,false,
758036,Serviceable,false,
758038,Serviceable,false,
758041,Serviceable,false,
758043,Serviceable,false,
758045,Serviceable,false,
758046,Serviceable,false,
758076,Serviceable,false,
758078,Serviceable,false,
758079,Serviceable,false,
758080,Serviceable,false,
758082,Serviceable,false,
758083,Serviceable,false,
758087,Serviceable,false,
759001,Serviceable,false,
759013,Serviceable,false,
759014,Serviceable,false,
759015,Serviceable,false,
759017,Serviceable,false,
759019,Serviceable,false,
759020,Serviceable,false,
759021,Serviceable,false,
759022,Serviceable,false,
759023,Serviceable,false,
759024,Serviceable,false,
759025,Serviceable,false,
759026,Serviceable,false,
759027,Serviceable,false,
759028,Serviceable,false,
759039,Serviceable,false,
759040,Serviceable,false,
759101,Serviceable,false,
759102,Serviceable,false,
759103,Serviceable,false,
759104,Serviceable,false,
759105,Serviceable,false,
759106,Serviceable,false,
759107,Serviceable,false,
759111,Serviceable,false,
759116,Serviceable,false,
759117,Serviceable,false,
759118,Serviceable,false,
759119,Serviceable,false,
759120,Serviceable,false,
759121,Serviceable,false,
759122,Serviceable,false,
759124,Serviceable,false,
759127,Serviceable,false,
759128,Serviceable,false,
759130,Serviceable,false,
759131,Serviceable,false,
759132,Serviceable,false,
759141,Serviceable,false,
759143,Serviceable,false,
759146,Serviceable,false,
759148,Serviceable,false,
762013,Serviceable,false,
762014,Serviceable,false,
762015,Serviceable,false,
762016,Serviceable,false,
762018,Serviceable,false,
762023,Serviceable,false,
762024,Serviceable,false,
762026,Serviceable,false,
762030,Serviceable,false,
763001,Serviceable,false,
763002,Serviceable,false,
763003,Serviceable,false,
763008,Serviceable,false,
764001,Serviceable,false,
764002,Serviceable,false,
764003,Serviceable,false,
764004,Serviceable,false,
764005,Serviceable,false,
764014,Serviceable,false,
764021,Serviceable,false,
764027,Serviceable,false,
764028,Serviceable,false,
764036,Serviceable,false,
764037,Serviceable,false,
764038,Serviceable,false,
764039,Serviceable,false,
764040,Serviceable,false,
764041,Serviceable,false,
764042,Serviceable,false,
764043,Serviceable,false,
764044,Serviceable,false,
764045,Serviceable,false,
764047,Serviceable,false,
764048,Serviceable,false,
764049,Serviceable,false,
764051,Serviceable,false,
764055,Serviceable,false,
764056,Serviceable,false,
764058,Serviceable,false,
764059,Serviceable,false,
764061,Serviceable,false,
764063,Serviceable,false,
764070,Serviceable,false,
764071,Serviceable,false,
764072,Serviceable,false,
764073,Serviceable,false,
764074,Serviceable,false,
764075,Serviceable,false,
764076,Serviceable,false,
764077,Serviceable,false,
764078,Serviceable,false,
764081,Serviceable,false,
764085,Serviceable,false,
765001,Serviceable,false,
765002,Serviceable,false,
765013,Serviceable,false,
765015,Serviceable,false,
765016,Serviceable,false,
765017,Serviceable,false,
765018,Serviceable,false,
765019,Serviceable,false,
765020,Serviceable,false,
765021,Serviceable,false,
765022,Serviceable,false,
765023,Serviceable,false,
765024,Serviceable,false,
765025,Serviceable,false,
765026,Serviceable,false,
765029,Serviceable,false,
765033,Serviceable,false,
765034,Serviceable,false,
767001,Serviceable,false,
767002,Serviceable,false,
767016,Serviceable,false,
767017,Serviceable,false,
767019,Serviceable,false,
767020,Serviceable,false,
767021,Serviceable,false,
767022,Serviceable,false,
767023,Serviceable,false,
767024,Serviceable,false,
767025,Serviceable,false,
767026,Serviceable,false,
767027,Serviceable,false,
767028,Serviceable,false,
767029,Serviceable,false,
767030,Serviceable,false,
767032,Serviceable,false,
767033,Serviceable,false,
767035,Serviceable,false,
767037,Serviceable,false,
767038,Serviceable,false,
767039,Serviceable,false,
767040,Serviceable,false,
767041,Serviceable,false,
767042,Serviceable,false,
767046,Serviceable,false,
767048,Serviceable,false,
767060,Serviceable,false,
767061,Serviceable,false,
767065,Serviceable,false,
767066,Serviceable,false,
767067,Serviceable,false,
767068,Serviceable,false,
767070,Serviceable,false,
768001,Serviceable,false,
768002,Serviceable,false,
768003,Serviceable,false,
768004,Serviceable,false,
768005,Serviceable,false,
768006,Serviceable,false,
768007,Serviceable,false,
768016,Serviceable,false,
768017,Serviceable,false,
768018,Serviceable,false,
768019,Serviceable,false,
768020,Serviceable,false,
768025,Serviceable,false,
768026,Serviceable,false,
768030,Serviceable,false,
768031,Serviceable,false,
768032,Serviceable,false,
768033,Serviceable,false,
768035,Serviceable,false,
768037,Serviceable,false,
768039,Serviceable,false,
768041,Serviceable,false,
768042,Serviceable,false,
768043,Serviceable,false,
768044,Serviceable,false,
768045,Serviceable,false,
768046,Serviceable,false,
768047,Serviceable,false,
768048,Serviceable,false,
768049,Serviceable,false,
768050,Serviceable,false,
768051,Serviceable,false,
768052,Serviceable,false,
768053,Serviceable,false,
768054,Serviceable,false,
768101,Serviceable,false,
768102,Serviceable,false,
768103,Serviceable,false,
768104,Serviceable,false,
768105,Serviceable,false,
768106,Serviceable,false,
768107,Serviceable,false,
768108,Serviceable,false,
768109,Serviceable,false,
768111,Serviceable,false,
768112,Serviceable,false,
768113,Serviceable,false,
768115,Serviceable,false,
768116,Serviceable,false,
768117,Serviceable,false,
768118,Serviceable,false,
768119,Serviceable,false,
768121,Serviceable,false,
768150,Serviceable,false,
768151,Serviceable,false,
768200,Serviceable,false,
768201,Serviceable,false,
768202,Serviceable,false,
768203,Serviceable,false,
768204,Serviceable,false,
768205,Serviceable,false,
768211,Serviceable,false,
768212,Serviceable,false,
768213,Serviceable,false,
768214,Serviceable,false,
768215,Serviceable,false,
768216,Serviceable,false,
768217,Serviceable,false,
768218,Serviceable,false,
768219,Serviceable,false,
768220,Serviceable,false,
768221,Serviceable,false,
768222,Serviceable,false,
768223,Serviceable,false,
768224,Serviceable,false,
768225,Serviceable,false,
768226,Serviceable,false,
768227,Serviceable,false,
768228,Serviceable,false,
768229,Serviceable,false,
768230,Serviceable,false,
768231,Serviceable,false,
768232,Serviceable,false,
768233,Serviceable,false,
768234,Serviceable,false,
769001,Serviceable,false,
769002,Serviceable,false,
769005,Serviceable,false,
769006,Serviceable,false,
769007,Serviceable,false,
769008,Serviceable,false,
769010,Serviceable,false,
769012,Serviceable,false,
769013,Serviceable,false,
769014,Serviceable,false,
769015,Serviceable,false,
769041,Serviceable,false,
769042,Serviceable,false,
769043,Serviceable,false,
770001,Serviceable,false,
770002,Serviceable,false,
770011,Serviceable,false,
770012,Serviceable,false,
770013,Serviceable,false,
770014,Serviceable,false,
770015,Serviceable,false,
770016,Serviceable,false,
770017,Serviceable,false,
770018,Serviceable,false,
770020,Serviceable,false,
770021,Serviceable,false,
770022,Serviceable,false,
770023,Serviceable,false,
770024,Serviceable,false,
770025,Serviceable,false,
770031,Serviceable,false,
770032,Serviceable,false,
770033,Serviceable,false,
770034,Serviceable,false,
770035,Serviceable,false,
770036,Serviceable,false,
770037,Serviceable,false,
770038,Serviceable,false,
770039,Serviceable,false,
770040,Serviceable,false,
770041,Serviceable,false,
770043,Serviceable,false,
770044,Serviceable,false,
770051,Serviceable,false,
770052,Serviceable,false,
770070,Serviceable,false,
770072,Serviceable,false,
770073,Serviceable,false,
770074,Serviceable,false,
770075,Serviceable,false,
781033,Serviceable,false,
781071,Serviceable,false,
781112,Serviceable,false,
781130,Serviceable,false,
781138,Serviceable,false,
781301,Serviceable,false,
781302,Serviceable,false,
781303,Serviceable,false,
781304,Serviceable,false,
781305,Serviceable,false,
781306,Serviceable,false,
781308,Serviceable,false,
781309,Serviceable,false,
781310,Serviceable,false,
781312,Serviceable,false,
781314,Serviceable,false,
781315,Serviceable,false,
781317,Serviceable,false,
781318,Serviceable,false,
781319,Serviceable,false,
781325,Serviceable,false,
781326,Serviceable,false,
781327,Serviceable,false,
781328,Serviceable,false,
781329,Serviceable,false,
781330,Serviceable,false,
781333,Serviceable,false,
781334,Serviceable,false,
781335,Serviceable,false,
781337,Serviceable,false,
781338,Serviceable,false,
781339,Serviceable,false,
781340,Serviceable,false,
781343,Serviceable,false,
781344,Serviceable,false,
781346,Serviceable,false,
781347,Serviceable,false,
781348,Serviceable,false,
781349,Serviceable,false,
781351,Serviceable,false,
781352,Serviceable,false,
781353,Serviceable,false,
781355,Serviceable,false,
781360,Serviceable,false,
781367,Serviceable,false,
781368,Serviceable,false,
781369,Serviceable,false,
781371,Serviceable,false,
781372,Serviceable,false,
781373,Serviceable,false,
781374,Serviceable,false,
781375,Serviceable,false,
781378,Serviceable,false,
782001,Serviceable,false,
782003,Serviceable,false,
782101,Serviceable,false,
782102,Serviceable,false,
782103,Serviceable,false,
782104,Serviceable,false,
782106,Serviceable,false,
782120,Serviceable,false,
782121,Serviceable,false,
782122,Serviceable,false,
782125,Serviceable,false,
782126,Serviceable,false,
782127,Serviceable,false,
782135,Serviceable,false,
782137,Serviceable,false,
782138,Serviceable,false,
782139,Serviceable,false,
782140,Serviceable,false,
782141,Serviceable,false,
782142,Serviceable,false,
782143,Serviceable,false,
782144,Serviceable,false,
782410,Serviceable,false,
782411,Serviceable,false,
782412,Serviceable,false,
782425,Serviceable,false,
782426,Serviceable,false,
782427,Serviceable,false,
782428,Serviceable,false,
782435,Serviceable,false,
782439,Serviceable,false,
782440,Serviceable,false,
782446,Serviceable,false,
783101,Serviceable,false,
783120,Serviceable,false,
783121,Serviceable,false,
783122,Serviceable,false,
783123,Serviceable,false,
783124,Serviceable,false,
783125,Serviceable,false,
783126,Serviceable,false,
783133,Serviceable,false,
783134,Serviceable,false,
783332,Serviceable,false,
783333,Serviceable,false,
783337,Serviceable,false,
783346,Serviceable,false,
783347,Serviceable,false,
783350,Serviceable,false,
783354,Serviceable,false,
783360,Serviceable,false,
783369,Serviceable,false,
783370,Serviceable,false,
783372,Serviceable,false,
783373,Serviceable,false,
783375,Serviceable,false,
783376,Serviceable,false,
783380,Serviceable,false,
783381,Serviceable,false,
783382,Serviceable,false,
783383,Serviceable,false,
783384,Serviceable,false,
783388,Serviceable,false,
783389,Serviceable,false,
783390,Serviceable,false,
783391,Serviceable,false,
783392,Serviceable,false,
783393,Serviceable,false,
783394,Serviceable,false,
785001,Serviceable,false,
785004,Serviceable,false,
785006,Serviceable,false,
785007,Serviceable,false,
785008,Serviceable,false,
785010,Serviceable,false,
785014,Serviceable,false,
785015,Serviceable,false,
785101,Serviceable,false,
785104,Serviceable,false,
785106,Serviceable,false,
785107,Serviceable,false,
785108,Serviceable,false,
785110,Serviceable,false,
785112,Serviceable,false,
785616,Serviceable,false,
785630,Serviceable,false,
785631,Serviceable,false,
785632,Serviceable,false,
785633,Serviceable,false,
785634,Serviceable,false,
785635,Serviceable,false,
785675,Serviceable,false,
785676,Serviceable,false,
785700,Serviceable,false,
786001,Serviceable,false,
786002,Serviceable,false,
786003,Serviceable,false,
786004,Serviceable,false,
786005,Serviceable,false,
786006,Serviceable,false,
786007,Serviceable,false,
786010,Serviceable,false,
786012,Serviceable,false,
786101,Serviceable,false,
786103,Serviceable,false,
786110,Serviceable,false,
786125,Serviceable,false,
786126,Serviceable,false,
786145,Serviceable,false,
786146,Serviceable,false,
786147,Serviceable,false,
786150,Serviceable,false,
786151,Serviceable,false,
786152,Serviceable,false,
786153,Serviceable,false,
786154,Serviceable,false,
786155,Serviceable,false,
786156,Serviceable,false,
786157,Serviceable,false,
786158,Serviceable,false,
786160,Serviceable,false,
786170,Serviceable,false,
786171,Serviceable,false,
786174,Serviceable,false,
786181,Serviceable,false,
786182,Serviceable,false,
786183,Serviceable,false,
786184,Serviceable,false,
786187,Serviceable,false,
786188,Serviceable,false,
786189,Serviceable,false,
786190,Serviceable,false,
786191,Serviceable,false,
786192,Serviceable,false,
786601,Serviceable,false,
786602,Serviceable,false,
786610,Serviceable,false,
786611,Serviceable,false,
786612,Serviceable,false,
786613,Serviceable,false,
786614,Serviceable,false,
786621,Serviceable,false,
786623,Serviceable,false,
786692,Serviceable,false,
787026,Serviceable,false,
787034,Serviceable,false,
787035,Serviceable,false,
787058,Serviceable,false,
787059,Serviceable,false,
787060,Serviceable,false,
787061,Serviceable,false,
787110,Serviceable,false,
788012,Serviceable,false,
788117,Serviceable,false,
788151,Serviceable,false,
788155,Serviceable,false,
788160,Serviceable,false,
788162,Serviceable,false,
788163,Serviceable,false,
788164,Serviceable,false,
788165,Serviceable,false,
788166,Serviceable,false,
788168,Serviceable,false,
788701,Serviceable,false,
788710,Serviceable,false,
788711,Serviceable,false,
788712,Serviceable,false,
788713,Serviceable,false,
788719,Serviceable,false,
788720,Serviceable,false,
788723,Serviceable,false,
788724,Serviceable,false,
788725,Serviceable,false,
788726,Serviceable,false,
788727,Serviceable,false,
788728,Serviceable,false,
788733,Serviceable,false,
788735,Serviceable,false,
788736,Serviceable,false,
788737,Serviceable,false,
788781,Serviceable,false,
788802,Serviceable,false,
795126,Serviceable,false,
796001,Serviceable,false,
796005,Serviceable,false,
796009,Serviceable,false,
796014,Serviceable,false,
796017,Serviceable,false,
800001,Serviceable,false,
800002,Serviceable,false,
800003,Serviceable,false,
800004,Serviceable,false,
800005,Serviceable,false,
800006,Serviceable,false,
800007,Serviceable,false,
800008,Serviceable,false,
800009,Serviceable,false,
800010,Serviceable,false,
800011,Serviceable,false,
800012,Serviceable,false,
800013,Serviceable,false,
800014,Serviceable,false,
800015,Serviceable,false,
800016,Serviceable,false,
800017,Serviceable,false,
800018,Serviceable,false,
800020,Serviceable,false,
800021,Serviceable,false,
800023,Serviceable,false,
800024,Serviceable,false,
800025,Serviceable,false,
800026,Serviceable,false,
800027,Serviceable,false,
800029,Serviceable,false,
800030,Serviceable,false,
800111,Serviceable,false,
801101,Serviceable,false,
801102,Serviceable,false,
801103,Serviceable,false,
801104,Serviceable,false,
801105,Serviceable,false,
801106,Serviceable,false,
801108,Serviceable,false,
801109,Serviceable,false,
801110,Serviceable,false,
801111,Serviceable,false,
801112,Serviceable,false,
801113,Serviceable,false,
801114,Serviceable,false,
801115,Serviceable,false,
801116,Serviceable,false,
801117,Serviceable,false,
801118,Serviceable,false,
801301,Serviceable,false,
801303,Serviceable,false,
801305,Serviceable,false,
801306,Serviceable,false,
801501,Serviceable,false,
801502,Serviceable,false,
801503,Serviceable,false,
801505,Serviceable,false,
801506,Serviceable,false,
801507,Serviceable,false,
801508,Serviceable,false,
801509,Serviceable,false,
802101,Serviceable,false,
802103,Serviceable,false,
802112,Serviceable,false,
802113,Serviceable,false,
802114,Serviceable,false,
802115,Serviceable,false,
802116,Serviceable,false,
802117,Serviceable,false,
802118,Serviceable,false,
802120,Serviceable,false,
802122,Serviceable,false,
802123,Serviceable,false,
802125,Serviceable,false,
802128,Serviceable,false,
802129,Serviceable,false,
802130,Serviceable,false,
802131,Serviceable,false,
802132,Serviceable,false,
802133,Serviceable,false,
802152,Serviceable,false,
802154,Serviceable,false,
802155,Serviceable,false,
802156,Serviceable,false,
802157,Serviceable,false,
802158,Serviceable,false,
802159,Serviceable,false,
802161,Serviceable,false,
802162,Serviceable,false,
802163,Serviceable,false,
802164,Serviceable,false,
802165,Serviceable,false,
802166,Serviceable,false,
802183,Serviceable,false,
802201,Serviceable,false,
802202,Serviceable,false,
802203,Serviceable,false,
802204,Serviceable,false,
802205,Serviceable,false,
802206,Serviceable,false,
802207,Serviceable,false,
802208,Serviceable,false,
802210,Serviceable,false,
802222,Serviceable,false,
802301,Serviceable,false,
802302,Serviceable,false,
802311,Serviceable,false,
802312,Serviceable,false,
802313,Serviceable,false,
802316,Serviceable,false,
803101,Serviceable,false,
803108,Serviceable,false,
803109,Serviceable,false,
803110,Serviceable,false,
803111,Serviceable,false,
803113,Serviceable,false,
803114,Serviceable,false,
803115,Serviceable,false,
803116,Serviceable,false,
803117,Serviceable,false,
803118,Serviceable,false,
803119,Serviceable,false,
803120,Serviceable,false,
803201,Serviceable,false,
803202,Serviceable,false,
803203,Serviceable,false,
803204,Serviceable,false,
803206,Serviceable,false,
803211,Serviceable,false,
803212,Serviceable,false,
803213,Serviceable,false,
803214,Serviceable,false,
803221,Serviceable,false,
803232,Serviceable,false,
803301,Serviceable,false,
803302,Serviceable,false,
803303,Serviceable,false,
803306,Serviceable,false,
803307,Serviceable,false,
804402,Serviceable,false,
804403,Serviceable,false,
804404,Serviceable,false,
804405,Serviceable,false,
804407,Serviceable,false,
804408,Serviceable,false,
804417,Serviceable,false,
804419,Serviceable,false,
804420,Serviceable,false,
804421,Serviceable,false,
804422,Serviceable,false,
804423,Serviceable,false,
804426,Serviceable,false,
804427,Serviceable,false,
804428,Serviceable,false,
804429,Serviceable,false,
804430,Serviceable,false,
804432,Serviceable,false,
804434,Serviceable,false,
804451,Serviceable,false,
804452,Serviceable,false,
804453,Serviceable,false,
804454,Serviceable,false,
804457,Serviceable,false,
805101,Serviceable,false,
805102,Serviceable,false,
805103,Serviceable,false,
805106,Serviceable,false,
805107,Serviceable,false,
805108,Serviceable,false,
805109,Serviceable,false,
805110,Serviceable,false,
805112,Serviceable,false,
805121,Serviceable,false,
805122,Serviceable,false,
805123,Serviceable,false,
805124,Serviceable,false,
805125,Serviceable,false,
805126,Serviceable,false,
805127,Serviceable,false,
805128,Serviceable,false,
805129,Serviceable,false,
805130,Serviceable,false,
805131,Serviceable,false,
805133,Serviceable,false,
805135,Serviceable,false,
805136,Serviceable,false,
805137,Serviceable,false,
805138,Serviceable,false,
805139,Serviceable,false,
805140,Serviceable,false,
805141,Serviceable,false,
805143,Serviceable,false,
805144,Serviceable,false,
805145,Serviceable,false,
805236,Serviceable,false,
811101,Serviceable,false,
811112,Serviceable,false,
811201,Serviceable,false,
811202,Serviceable,false,
811211,Serviceable,false,
811214,Serviceable,false,
811302,Serviceable,false,
811310,Serviceable,false,
811311,Serviceable,false,
812002,Serviceable,false,
812003,Serviceable,false,
812004,Serviceable,false,
812006,Serviceable,false,
813101,Serviceable,false,
813102,Serviceable,false,
813103,Serviceable,false,
813104,Serviceable,false,
813105,Serviceable,false,
813106,Serviceable,false,
813107,Serviceable,false,
813108,Serviceable,false,
813109,Serviceable,false,
813110,Serviceable,false,
813112,Serviceable,false,
813113,Serviceable,false,
813116,Serviceable,false,
813118,Serviceable,false,
813121,Serviceable,false,
813123,Serviceable,false,
813126,Serviceable,false,
813128,Serviceable,false,
813129,Serviceable,false,
813201,Serviceable,false,
813202,Serviceable,false,
813203,Serviceable,false,
813205,Serviceable,false,
813206,Serviceable,false,
813207,Serviceable,false,
813208,Serviceable,false,
813210,Serviceable,false,
813212,Serviceable,false,
813213,Serviceable,false,
813221,Serviceable,false,
813223,Serviceable,false,
813224,Serviceable,false,
813225,Serviceable,false,
813227,Serviceable,false,
813228,Serviceable,false,
813231,Serviceable,false,
813321,Serviceable,false,
814101,Serviceable,false,
814102,Serviceable,false,
814103,Serviceable,false,
814110,Serviceable,false,
814111,Serviceable,false,
814112,Serviceable,false,
814114,Serviceable,false,
814116,Serviceable,false,
814118,Serviceable,false,
814119,Serviceable,false,
814131,Serviceable,false,
814133,Serviceable,false,
814141,Serviceable,false,
814143,Serviceable,false,
814144,Serviceable,false,
814145,Serviceable,false,
814146,Serviceable,false,
814150,Serviceable,false,
814151,Serviceable,false,
814152,Serviceable,false,
814153,Serviceable,false,
814154,Serviceable,false,
814157,Serviceable,false,
814158,Serviceable,false,
814160,Serviceable,false,
814165,Serviceable,false,
814167,Serviceable,false,
815301,Serviceable,false,
815311,Serviceable,false,
815312,Serviceable,false,
815313,Serviceable,false,
815314,Serviceable,false,
815316,Serviceable,false,
815317,Serviceable,false,
815318,Serviceable,false,
815353,Serviceable,false,
815357,Serviceable,false,
816101,Serviceable,false,
816102,Serviceable,false,
816104,Serviceable,false,
816105,Serviceable,false,
816106,Serviceable,false,
816107,Serviceable,false,
816108,Serviceable,false,
816109,Serviceable,false,
816110,Serviceable,false,
816115,Serviceable,false,
816116,Serviceable,false,
816118,Serviceable,false,
816120,Serviceable,false,
816129,Serviceable,false,
821101,Serviceable,false,
821102,Serviceable,false,
821103,Serviceable,false,
821105,Serviceable,false,
821106,Serviceable,false,
821108,Serviceable,false,
821109,Serviceable,false,
822090,Serviceable,false,
822111,Serviceable,false,
822112,Serviceable,false,
822114,Serviceable,false,
822119,Serviceable,false,
822124,Serviceable,false,
822125,Serviceable,false,
822128,Serviceable,false,
822133,Serviceable,false,
823001,Serviceable,false,
823002,Serviceable,false,
823003,Serviceable,false,
823004,Serviceable,false,
823205,Serviceable,false,
823311,Serviceable,false,
824101,Serviceable,false,
824102,Serviceable,false,
824103,Serviceable,false,
824111,Serviceable,false,
824112,Serviceable,false,
824113,Serviceable,false,
824115,Serviceable,false,
824118,Serviceable,false,
824120,Serviceable,false,
824121,Serviceable,false,
824123,Serviceable,false,
824124,Serviceable,false,
824125,Serviceable,false,
824128,Serviceable,false,
824129,Serviceable,false,
824143,Serviceable,false,
824201,Serviceable,false,
824203,Serviceable,false,
824205,Serviceable,false,
824206,Serviceable,false,
824207,Serviceable,false,
824208,Serviceable,false,
824209,Serviceable,false,
824210,Serviceable,false,
824211,Serviceable,false,
824212,Serviceable,false,
824213,Serviceable,false,
824214,Serviceable,false,
824215,Serviceable,false,
824217,Serviceable,false,
824218,Serviceable,false,
824219,Serviceable,false,
824220,Serviceable,false,
824231,Serviceable,false,
824232,Serviceable,false,
824233,Serviceable,false,
824234,Serviceable,false,
824235,Serviceable,false,
824236,Serviceable,false,
824237,Serviceable,false,
824238,Serviceable,false,
824239,Serviceable,false,
824252,Serviceable,false,
824301,Serviceable,false,
824302,Serviceable,false,
824303,Serviceable,false,
825101,Serviceable,false,
825102,Serviceable,false,
825103,Serviceable,false,
825106,Serviceable,false,
825108,Serviceable,false,
825109,Serviceable,false,
825132,Serviceable,false,
825167,Serviceable,false,
825301,Serviceable,false,
825302,Serviceable,false,
825303,Serviceable,false,
825311,Serviceable,false,
825312,Serviceable,false,
825313,Serviceable,false,
825314,Serviceable,false,
825315,Serviceable,false,
825316,Serviceable,false,
825317,Serviceable,false,
825318,Serviceable,false,
825319,Serviceable,false,
825320,Serviceable,false,
825321,Serviceable,false,
825322,Serviceable,false,
825323,Serviceable,false,
825324,Serviceable,false,
825326,Serviceable,false,
825329,Serviceable,false,
825336,Serviceable,false,
825347,Serviceable,false,
825401,Serviceable,false,
825403,Serviceable,false,
825404,Serviceable,false,
825405,Serviceable,false,
825406,Serviceable,false,
825407,Serviceable,false,
825408,Serviceable,false,
825409,Serviceable,false,
825410,Serviceable,false,
825411,Serviceable,false,
825412,Serviceable,false,
825413,Serviceable,false,
825418,Serviceable,false,
825429,Serviceable,false,
826001,Serviceable,false,
826003,Serviceable,false,
826004,Serviceable,false,
826005,Serviceable,false,
826106,Serviceable,false,
827003,Serviceable,false,
827004,Serviceable,false,
827009,Serviceable,false,
827010,Serviceable,false,
827012,Serviceable,false,
827014,Serviceable,false,
827302,Serviceable,false,
828101,Serviceable,false,
828102,Serviceable,false,
828103,Serviceable,false,
828104,Serviceable,false,
828105,Serviceable,false,
828106,Serviceable,false,
828108,Serviceable,false,
828109,Serviceable,false,
828110,Serviceable,false,
828111,Serviceable,false,
828112,Serviceable,false,
828113,Serviceable,false,
828114,Serviceable,false,
828115,Serviceable,false,
828116,Serviceable,false,
828117,Serviceable,false,
828119,Serviceable,false,
828120,Serviceable,false,
828121,Serviceable,false,
828122,Serviceable,false,
828123,Serviceable,false,
828125,Serviceable,false,
828126,Serviceable,false,
828127,Serviceable,false,
828128,Serviceable,false,
828129,Serviceable,false,
828130,Serviceable,false,
828131,Serviceable,false,
828132,Serviceable,false,
828133,Serviceable,false,
828134,Serviceable,false,
828135,Serviceable,false,
828142,Serviceable,false,
828201,Serviceable,false,
828202,Serviceable,false,
828203,Serviceable,false,
828204,Serviceable,false,
828205,Serviceable,false,
828206,Serviceable,false,
828207,Serviceable,false,
828301,Serviceable,false,
828302,Serviceable,false,
828303,Serviceable,false,
828304,Serviceable,false,
828305,Serviceable,false,
828306,Serviceable,false,
828307,Serviceable,false,
828308,Serviceable,false,
828309,Serviceable,false,
828311,Serviceable,false,
828401,Serviceable,false,
828402,Serviceable,false,
828403,Serviceable,false,
828404,Serviceable,false,
829102,Serviceable,false,
829103,Serviceable,false,
829104,Serviceable,false,
829105,Serviceable,false,
829106,Serviceable,false,
829107,Serviceable,false,
829108,Serviceable,false,
829110,Serviceable,false,
829111,Serviceable,false,
829112,Serviceable,false,
829113,Serviceable,false,
829114,Serviceable,false,
829116,Serviceable,false,
829117,Serviceable,false,
829118,Serviceable,false,
829121,Serviceable,false,
829122,Serviceable,false,
829126,Serviceable,false,
829127,Serviceable,false,
829128,Serviceable,false,
829129,Serviceable,false,
829132,Serviceable,false,
829135,Serviceable,false,
829143,Serviceable,false,
829144,Serviceable,false,
829150,Serviceable,false,
829202,Serviceable,false,
829203,Serviceable,false,
829205,Serviceable,false,
829207,Serviceable,false,
829208,Serviceable,false,
829209,Serviceable,false,
829210,Serviceable,false,
829301,Serviceable,false,
831001,Serviceable,false,
831002,Serviceable,false,
831003,Serviceable,false,
831004,Serviceable,false,
831006,Serviceable,false,
831007,Serviceable,false,
831008,Serviceable,false,
831009,Serviceable,false,
831010,Serviceable,false,
831011,Serviceable,false,
831012,Serviceable,false,
831013,Serviceable,false,
831014,Serviceable,false,
831015,Serviceable,false,
831016,Serviceable,false,
831017,Serviceable,false,
831018,Serviceable,false,
831019,Serviceable,false,
831302,Serviceable,false,
832107,Serviceable,false,
832108,Serviceable,false,
832109,Serviceable,false,
832110,Serviceable,false,
834001,Serviceable,false,
834002,Serviceable,false,
834003,Serviceable,false,
834004,Serviceable,false,
834005,Serviceable,false,
834006,Serviceable,false,
834008,Serviceable,false,
834009,Serviceable,false,
834010,Serviceable,false,
834013,Serviceable,false,
834601,Serviceable,false,
835101,Serviceable,false,
835102,Serviceable,false,
835103,Serviceable,false,
835201,Serviceable,false,
835202,Serviceable,false,
835203,Serviceable,false,
835204,Serviceable,false,
835205,Serviceable,false,
835206,Serviceable,false,
835207,Serviceable,false,
835208,Serviceable,false,
835209,Serviceable,false,
835210,Serviceable,false,
835211,Serviceable,false,
835213,Serviceable,false,
835214,Serviceable,false,
835215,Serviceable,false,
835216,Serviceable,false,
835217,Serviceable,false,
835219,Serviceable,false,
835220,Serviceable,false,
835221,Serviceable,false,
835222,Serviceable,false,
835223,Serviceable,false,
835225,Serviceable,false,
835226,Serviceable,false,
835227,Serviceable,false,
835228,Serviceable,false,
835229,Serviceable,false,
835230,Serviceable,false,
835231,Serviceable,false,
835232,Serviceable,false,
835233,Serviceable,false,
835234,Serviceable,false,
835235,Serviceable,false,
835236,Serviceable,false,
835238,Serviceable,false,
835239,Serviceable,false,
835240,Serviceable,false,
835244,Serviceable,false,
835301,Serviceable,false,
835302,Serviceable,false,
835303,Serviceable,false,
835306,Serviceable,false,
835324,Serviceable,false,
835325,Serviceable,false,
841106,Serviceable,false,
841203,Serviceable,false,
841210,Serviceable,false,
841226,Serviceable,false,
841227,Serviceable,false,
841231,Serviceable,false,
841232,Serviceable,false,
841233,Serviceable,false,
841234,Serviceable,false,
841235,Serviceable,false,
841236,Serviceable,false,
841237,Serviceable,false,
841238,Serviceable,false,
841239,Serviceable,false,
841240,Serviceable,false,
841241,Serviceable,false,
841242,Serviceable,false,
841243,Serviceable,false,
841244,Serviceable,false,
841245,Serviceable,false,
841286,Serviceable,false,
841287,Serviceable,false,
841404,Serviceable,false,
841405,Serviceable,false,
841406,Serviceable,false,
841407,Serviceable,false,
841413,Serviceable,false,
841416,Serviceable,false,
841420,Serviceable,false,
841426,Serviceable,false,
841427,Serviceable,false,
841428,Serviceable,false,
841436,Serviceable,false,
841437,Serviceable,false,
841439,Serviceable,false,
841441,Serviceable,false,
841446,Serviceable,false,
841502,Serviceable,false,
841503,Serviceable,false,
841504,Serviceable,false,
841505,Serviceable,false,
841506,Serviceable,false,
841507,Serviceable,false,
841508,Serviceable,false,
841509,Serviceable,false,
842001,Serviceable,false,
842002,Serviceable,false,
842003,Serviceable,false,
842004,Serviceable,false,
842005,Serviceable,false,
843101,Serviceable,false,
843102,Serviceable,false,
843103,Serviceable,false,
843105,Serviceable,false,
843106,Serviceable,false,
843107,Serviceable,false,
843108,Serviceable,false,
843109,Serviceable,false,
843111,Serviceable,false,
843112,Serviceable,false,
843113,Serviceable,false,
843115,Serviceable,false,
843116,Serviceable,false,
843117,Serviceable,false,
843118,Serviceable,false,
843119,Serviceable,false,
843120,Serviceable,false,
843121,Serviceable,false,
843122,Serviceable,false,
843123,Serviceable,false,
843124,Serviceable,false,
843125,Serviceable,false,
843126,Serviceable,false,
843127,Serviceable,false,
843128,Serviceable,false,
843129,Serviceable,false,
843130,Serviceable,false,
843132,Serviceable,false,
843133,Serviceable,false,
843139,Serviceable,false,
843141,Serviceable,false,
843144,Serviceable,false,
843146,Serviceable,false,
843147,Serviceable,false,
843153,Serviceable,false,
843161,Serviceable,false,
843165,Serviceable,false,
843301,Serviceable,false,
843302,Serviceable,false,
843311,Serviceable,false,
843312,Serviceable,false,
843313,Serviceable,false,
843314,Serviceable,false,
843315,Serviceable,false,
843316,Serviceable,false,
843317,Serviceable,false,
843318,Serviceable,false,
843319,Serviceable,false,
843320,Serviceable,false,
843321,Serviceable,false,
843322,Serviceable,false,
843323,Serviceable,false,
843324,Serviceable,false,
843325,Serviceable,false,
843326,Serviceable,false,
843328,Serviceable,false,
843329,Serviceable,false,
843330,Serviceable,false,
843331,Serviceable,false,
843332,Serviceable,false,
843333,Serviceable,false,
843334,Serviceable,false,
843351,Serviceable,false,
843357,Serviceable,false,
843360,Serviceable,false,
844120,Serviceable,false,
844127,Serviceable,false,
845401,Serviceable,false,
845438,Serviceable,false,
846001,Serviceable,false,
846003,Serviceable,false,
846004,Serviceable,false,
846005,Serviceable,false,
846006,Serviceable,false,
846007,Serviceable,false,
846009,Serviceable,false,
847101,Serviceable,false,
847103,Serviceable,false,
847104,Serviceable,false,
847107,Serviceable,false,
847108,Serviceable,false,
847109,Serviceable,false,
847115,Serviceable,false,
847121,Serviceable,false,
847122,Serviceable,false,
847201,Serviceable,false,
847203,Serviceable,false,
847211,Serviceable,false,
847212,Serviceable,false,
847222,Serviceable,false,
847223,Serviceable,false,
847225,Serviceable,false,
847226,Serviceable,false,
847228,Serviceable,false,
847229,Serviceable,false,
847230,Serviceable,false,
847231,Serviceable,false,
847232,Serviceable,false,
847234,Serviceable,false,
847235,Serviceable,false,
847236,Serviceable,false,
847237,Serviceable,false,
847238,Serviceable,false,
847239,Serviceable,false,
847240,Serviceable,false,
847301,Serviceable,false,
847302,Serviceable,false,
847304,Serviceable,false,
847305,Serviceable,false,
847306,Serviceable,false,
847307,Serviceable,false,
847308,Serviceable,false,
847337,Serviceable,false,
847401,Serviceable,false,
847402,Serviceable,false,
847403,Serviceable,false,
847404,Serviceable,false,
847406,Serviceable,false,
847407,Serviceable,false,
847408,Serviceable,false,
847409,Serviceable,false,
847410,Serviceable,false,
847411,Serviceable,false,
847421,Serviceable,false,
847422,Serviceable,false,
847423,Serviceable,false,
847424,Serviceable,false,
847427,Serviceable,false,
847428,Serviceable,false,
847429,Serviceable,false,
847451,Serviceable,false,
847452,Serviceable,false,
848101,Serviceable,false,
848111,Serviceable,false,
848113,Serviceable,false,
848114,Serviceable,false,
848115,Serviceable,false,
848117,Serviceable,false,
848121,Serviceable,false,
848122,Serviceable,false,
848125,Serviceable,false,
848127,Serviceable,false,
848129,Serviceable,false,
848130,Serviceable,false,
848131,Serviceable,false,
848133,Serviceable,false,
848134,Serviceable,false,
848160,Serviceable,false,
848201,Serviceable,false,
848202,Serviceable,false,
848203,Serviceable,false,
848204,Serviceable,false,
848205,Serviceable,false,
848206,Serviceable,false,
848207,Serviceable,false,
848209,Serviceable,false,
848211,Serviceable,false,
848213,Serviceable,false,
848216,Serviceable,false,
848220,Serviceable,false,
848237,Serviceable,false,
848301,Serviceable,false,
848302,Serviceable,false,
848501,Serviceable,false,
848502,Serviceable,false,
848503,Serviceable,false,
848504,Serviceable,false,
848505,Serviceable,false,
848506,Serviceable,false,
851101,Serviceable,false,
851111,Serviceable,false,
851112,Serviceable,false,
851114,Serviceable,false,
851116,Serviceable,false,
851117,Serviceable,false,
851118,Serviceable,false,
851119,Serviceable,false,
851122,Serviceable,false,
851126,Serviceable,false,
851127,Serviceable,false,
851128,Serviceable,false,
851129,Serviceable,false,
851130,Serviceable,false,
851131,Serviceable,false,
851132,Serviceable,false,
851133,Serviceable,false,
851134,Serviceable,false,
851135,Serviceable,false,
851201,Serviceable,false,
851202,Serviceable,false,
851203,Serviceable,false,
851205,Serviceable,false,
851210,Serviceable,false,
851211,Serviceable,false,
851212,Serviceable,false,
851213,Serviceable,false,
851215,Serviceable,false,
851217,Serviceable,false,
851219,Serviceable,false,
851220,Serviceable,false,
851225,Serviceable,false,
852101,Serviceable,false,
852106,Serviceable,false,
852107,Serviceable,false,
852108,Serviceable,false,
852109,Serviceable,false,
852110,Serviceable,false,
852111,Serviceable,false,
852113,Serviceable,false,
852114,Serviceable,false,
852115,Serviceable,false,
852116,Serviceable,false,
852122,Serviceable,false,
852123,Serviceable,false,
852124,Serviceable,false,
852125,Serviceable,false,
852127,Serviceable,false,
852128,Serviceable,false,
852130,Serviceable,false,
852131,Serviceable,false,
852137,Serviceable,false,
852138,Serviceable,false,
852139,Serviceable,false,
852161,Serviceable,false,
852201,Serviceable,false,
852202,Serviceable,false,
852210,Serviceable,false,
852212,Serviceable,false,
852213,Serviceable,false,
852214,Serviceable,false,
852215,Serviceable,false,
852216,Serviceable,false,
852217,Serviceable,false,
852218,Serviceable,false,
852220,Serviceable,false,
852221,Serviceable,false,
853201,Serviceable,false,
853202,Serviceable,false,
853203,Serviceable,false,
853204,Serviceable,false,
853205,Serviceable,false,
853206,Serviceable,false,
853207,Serviceable,false,
853208,Serviceable,false,
854102,Serviceable,false,
854126,Serviceable,false,
854127,Serviceable,false,
854201,Serviceable,false,
854202,Serviceable,false,
854204,Serviceable,false,
854205,Serviceable,false,
854206,Serviceable,false,
854207,Serviceable,false,
854208,Serviceable,false,
854209,Serviceable,false,
854302,Serviceable,false,
854303,Serviceable,false,
854304,Serviceable,false,
854305,Serviceable,false,
854306,Serviceable,false,
854311,Serviceable,false,
854312,Serviceable,false,
854315,Serviceable,false,
854316,Serviceable,false,
854318,Serviceable,false,
854319,Serviceable,false,
854325,Serviceable,false,
854326,Serviceable,false,
854327,Serviceable,false,
854328,Serviceable,false,
854329,Serviceable,false,
854330,Serviceable,false,
854331,Serviceable,false,
854332,Serviceable,false,
854333,Serviceable,false,
854334,Serviceable,false,
854335,Serviceable,false,
854336,Serviceable,false,
854337,Serviceable,false,
854338,Serviceable,false,
854339,Serviceable,false,
854340,Serviceable,false,
854341,Serviceable,false,
854343,Serviceable,false,
854344,Serviceable,false,
854345,Serviceable,false,
854346,Serviceable,false,
854349,Serviceable,false,
854350,Serviceable,false,
854351,Serviceable,false,
854352,Serviceable,false,
854353,Serviceable,false,
854354,Serviceable,false,
854355,Serviceable,false,
854356,Serviceable,false,
854357,Serviceable,false,
854358,Serviceable,false,
854360,Serviceable,false,
854364,Serviceable,false,
854365,Serviceable,false,
854366,Serviceable,false,
854367,Serviceable,false,
854368,Serviceable,false,
855101,Serviceable,false,
855106,Serviceable,false,
855107,Serviceable,false,
855108,Serviceable,false,
855115,Serviceable,false,
855116,Serviceable,false,
855117,Serviceable,false,
855121,Serviceable,false,
855122,Serviceable,false,
855126,Serviceable,false,
855456,Serviceable,false,
925663,Serviceable,false,
932027,Serviceable,false,
