pincode,status,is_prime,state
110003,Sourcing Allowed - Prime,true,New Delhi
110004,Sourcing Allowed - Prime,true,New Delhi
110005,Sourcing Allowed - Prime,true,New Delhi
110006,Sourcing Allowed - Prime,true,New Delhi
110009,Sourcing Allowed - Prime,true,New Delhi
110010,Sourcing Allowed,false,New Delhi
110011,Sourcing Allowed - Prime,true,New Delhi
110012,Sourcing Allowed - Prime,true,New Delhi
110013,Sourcing Allowed - Prime,true,New Delhi
110014,Sourcing Allowed - Prime,true,New Delhi
110015,Sourcing Allowed - Prime,true,New Delhi
110016,Sourcing Allowed - Prime,true,New Delhi
110017,Sourcing Allowed - Prime,true,New Delhi
110018,Sourcing Allowed - Prime,true,New Delhi
110019,Sourcing Allowed - Prime,true,New Delhi
110020,Sourcing Allowed - Prime,true,New Delhi
110021,Sourcing Allowed - Prime,true,New Delhi
110022,Sourcing Allowed - Prime,true,New Delhi
110023,Sourcing Allowed - Prime,true,New Delhi
110024,Sourcing Allowed - Prime,true,New Delhi
110025,Sourcing Allowed - Prime,true,New Delhi
110026,Sourcing Allowed - Prime,true,New Delhi
110027,Sourcing Allowed - Prime,true,New Delhi
110028,Sourcing Allowed - Prime,true,New Delhi
110029,Sourcing Allowed - Prime,true,New Delhi
110030,Sourcing Allowed - Prime,true,New Delhi
110031,Sourcing Allowed - Prime,true,New Delhi
110032,Sourcing Allowed - Prime,true,New Delhi
110033,Sourcing Allowed - Prime,true,New Delhi
110034,Sourcing Allowed - Prime,true,New Delhi
110035,Sourcing Allowed - Prime,true,New Delhi
110036,Sourcing Allowed - Prime,true,New Delhi
110037,Sourcing Allowed - Prime,true,New Delhi
110038,Sourcing Allowed - Prime,true,New Delhi
110039,Sourcing Allowed - Prime,true,New Delhi
110040,Sourcing Allowed - Prime,true,New Delhi
110041,Sourcing Allowed - Prime,true,New Delhi
110042,Sourcing Allowed - Prime,true,New Delhi
110043,Sourcing Allowed - Prime,true,New Delhi
110044,Sourcing Allowed - Prime,true,New Delhi
110045,Sourcing Allowed - Prime,true,New Delhi
110046,Sourcing Allowed - Prime,true,New Delhi
110047,Sourcing Allowed - Prime,true,New Delhi
110048,Sourcing Allowed - Prime,true,New Delhi
110049,Sourcing Allowed - Prime,true,New Delhi
110050,Sourcing Allowed - Prime,true,New Delhi
110051,Sourcing Allowed - Prime,true,New Delhi
110052,Sourcing Allowed - Prime,true,New Delhi
110053,Sourcing Allowed - Prime,true,New Delhi
110054,Sourcing Allowed - Prime,true,New Delhi
110055,Sourcing Allowed - Prime,true,New Delhi
110056,Sourcing Allowed - Prime,true,New Delhi
110057,Sourcing Allowed - Prime,true,New Delhi
110058,Sourcing Allowed - Prime,true,New Delhi
110059,Sourcing Allowed - Prime,true,New Delhi
110060,Sourcing Allowed - Prime,true,New Delhi
110061,Sourcing Allowed - Prime,true,New Delhi
110062,Sourcing Allowed - Prime,true,New Delhi
110063,Sourcing Allowed - Prime,true,New Delhi
110064,Sourcing Allowed - Prime,true,New Delhi
110065,Sourcing Allowed - Prime,true,New Delhi
110066,Sourcing Allowed - Prime,true,New Delhi
110067,Sourcing Allowed - Prime,true,New Delhi
110068,Sourcing Allowed - Prime,true,New Delhi
110069,Sourcing Allowed - Prime,true,New Delhi
110070,Sourcing Allowed - Prime,true,New Delhi
110071,Sourcing Allowed - Prime,true,New Delhi
110072,Sourcing Allowed - Prime,true,New Delhi
110073,Sourcing Allowed - Prime,true,New Delhi
110074,Sourcing Allowed - Prime,true,New Delhi
110075,Sourcing Allowed - Prime,true,New Delhi
110076,Sourcing Allowed - Prime,true,New Delhi
110077,Sourcing Allowed - Prime,true,New Delhi
110078,Sourcing Allowed - Prime,true,New Delhi
110080,Sourcing Allowed - Prime,true,New Delhi
110081,Sourcing Allowed - Prime,true,New Delhi
110082,Sourcing Allowed - Prime,true,New Delhi
110083,Sourcing Allowed - Prime,true,New Delhi
110084,Sourcing Allowed,false,New Delhi
110086,Sourcing Allowed - Prime,true,New Delhi
110087,Sourcing Allowed - Prime,true,New Delhi
110088,Sourcing Allowed - Prime,true,New Delhi
110089,Sourcing Allowed - Prime,true,New Delhi
110090,Sourcing Allowed - Prime,true,New Delhi
110091,Sourcing Allowed - Prime,true,New Delhi
110092,Sourcing Allowed - Prime,true,New Delhi
110093,Sourcing Allowed - Prime,true,New Delhi
110094,Sourcing Allowed - Prime,true,New Delhi
110095,Sourcing Allowed - Prime,true,New Delhi
110096,Sourcing Allowed - Prime,true,New Delhi
110097,Sourcing Allowed - Prime,true,New Delhi
110098,Sourcing Allowed - Prime,true,New Delhi
110099,Sourcing Allowed - Prime,true,New Delhi
110100,Sourcing Allowed - Prime,true,New Delhi
110110,Sourcing Allowed - Prime,true,New Delhi
121001,Sourcing Allowed - Prime,true,Haryana
121002,Sourcing Allowed - Prime,true,Haryana
121003,Sourcing Allowed - Prime,true,Haryana
121004,Sourcing Allowed - Prime,true,Haryana
121005,Sourcing Allowed - Prime,true,Haryana
121006,Sourcing Allowed - Prime,true,Haryana
121007,Sourcing Allowed - Prime,true,Haryana
121008,Sourcing Allowed - Prime,true,Haryana
121009,Sourcing Allowed - Prime,true,Haryana
121010,Sourcing Allowed - Prime,true,Haryana
121011,Sourcing Allowed - Prime,true,Haryana
121012,Sourcing Allowed - Prime,true,Haryana
121013,Sourcing Allowed - Prime,true,Haryana
121014,Sourcing Allowed - Prime,true,Haryana
121015,Sourcing Allowed - Prime,true,Haryana
121101,Sourcing Allowed - Prime,true,Haryana
121102,Sourcing Allowed - Prime,true,Haryana
121103,Sourcing Allowed - Prime,true,Haryana
121104,Sourcing Allowed - Prime,true,Haryana
121105,Sourcing Allowed - Prime,true,Haryana
121106,Sourcing Allowed - Prime,true,Haryana
121107,Sourcing Allowed - Prime,true,Haryana
121705,Sourcing Allowed,false,Uttar Pradesh
122001,Sourcing Allowed - Prime,true,Haryana
122002,Sourcing Allowed - Prime,true,Haryana
122003,Sourcing Allowed - Prime,true,Haryana
122004,Sourcing Allowed - Prime,true,Haryana
122005,Sourcing Allowed - Prime,true,Haryana
122006,Sourcing Allowed - Prime,true,Haryana
122007,Sourcing Allowed - Prime,true,Haryana
122008,Sourcing Allowed - Prime,true,Haryana
122009,Sourcing Allowed - Prime,true,Haryana
122010,Sourcing Allowed - Prime,true,Haryana
122011,Sourcing Allowed - Prime,true,Haryana
122012,Sourcing Allowed - Prime,true,Haryana
122015,Sourcing Allowed - Prime,true,Haryana
122016,Sourcing Allowed - Prime,true,Haryana
122017,Sourcing Allowed - Prime,true,Haryana
122018,Sourcing Allowed - Prime,true,Haryana
122022,Sourcing Allowed - Prime,true,Haryana
122050,Sourcing Allowed - Prime,true,Haryana
122051,Sourcing Allowed - Prime,true,Haryana
122052,Sourcing Allowed - Prime,true,Haryana
122098,Sourcing Allowed - Prime,true,Haryana
122100,Sourcing Allowed,false,Haryana
122101,Sourcing Allowed - Prime,true,Haryana
122102,Sourcing Allowed - Prime,true,Haryana
122105,Sourcing Allowed,false,Haryana
122106,Sourcing Allowed - Prime,true,Haryana
122109,Sourcing Allowed - Prime,true,Haryana
122111,Sourcing Allowed - Prime,true,Haryana
122211,Sourcing Allowed - Prime,true,Haryana
122413,Sourcing Allowed - Prime,true,Haryana
122414,Sourcing Allowed - Prime,true,Haryana
122502,Sourcing Allowed - Prime,true,Haryana
122503,Sourcing Allowed - Prime,true,Haryana
122504,Sourcing Allowed - Prime,true,Haryana
122505,Sourcing Allowed - Prime,true,Haryana
122506,Sourcing Allowed - Prime,true,Haryana
123001,Sourcing Allowed,false,Haryana
123003,Sourcing Allowed - Prime,true,Haryana
123021,Sourcing Allowed,false,Haryana
123023,Sourcing Allowed,false,Haryana
123024,Sourcing Allowed,false,Haryana
123027,Sourcing Allowed,false,Haryana
123028,Sourcing Allowed,false,Haryana
123029,Sourcing Allowed,false,Haryana
123031,Sourcing Allowed,false,Haryana
123034,Sourcing Allowed,false,Haryana
123035,Sourcing Allowed,false,Haryana
123101,Sourcing Allowed,false,Haryana
123102,Sourcing Allowed,false,Haryana
123103,Sourcing Allowed,false,Haryana
123106,Sourcing Allowed,false,Haryana
123110,Sourcing Allowed,false,Haryana
123301,Sourcing Allowed,false,Haryana
123302,Sourcing Allowed,false,Haryana
123303,Sourcing Allowed,false,Haryana
123305,Sourcing Allowed,false,Haryana
123401,Sourcing Allowed,false,Haryana
123411,Sourcing Allowed,false,Haryana
123412,Sourcing Allowed,false,Haryana
123413,Sourcing Allowed - Prime,true,Haryana
123414,Sourcing Allowed - Prime,true,Haryana
123501,Sourcing Allowed,false,Haryana
123502,Sourcing Allowed - Prime,true,Haryana
123504,Sourcing Allowed - Prime,true,Haryana
123505,Sourcing Allowed,false,Haryana
123506,Sourcing Allowed - Prime,true,Haryana
123507,Sourcing Allowed - Prime,true,Haryana
123508,Sourcing Allowed - Prime,true,Haryana
124001,Sourcing Allowed,false,Haryana
124010,Sourcing Allowed,false,Haryana
124021,Sourcing Allowed,false,Haryana
124022,Sourcing Allowed,false,Haryana
124102,Sourcing Allowed,false,Haryana
124103,Sourcing Allowed,false,Haryana
124104,Sourcing Allowed,false,Haryana
124105,Sourcing Allowed,false,Haryana
124106,Sourcing Allowed,false,Haryana
124107,Sourcing Allowed,false,Haryana
124108,Sourcing Allowed,false,Haryana
124109,Sourcing Allowed,false,Haryana
124111,Sourcing Allowed,false,Haryana
124112,Sourcing Allowed,false,Haryana
124113,Sourcing Allowed,false,Haryana
124141,Sourcing Allowed,false,Haryana
124142,Sourcing Allowed,false,Haryana
124146,Sourcing Allowed,false,Haryana
124201,Sourcing Allowed,false,Haryana
124202,Sourcing Allowed,false,Haryana
124303,Sourcing Allowed,false,Haryana
124401,Sourcing Allowed,false,Haryana
124404,Sourcing Allowed,false,Haryana
124406,Sourcing Allowed,false,Haryana
124411,Sourcing Allowed,false,Haryana
124412,Sourcing Allowed,false,Haryana
124416,Sourcing Allowed,false,Haryana
124501,Sourcing Allowed,false,Haryana
124504,Sourcing Allowed,false,Haryana
124505,Sourcing Allowed,false,Haryana
124506,Sourcing Allowed,false,Haryana
124507,Sourcing Allowed,false,Haryana
124508,Sourcing Allowed,false,Haryana
124513,Sourcing Allowed,false,Haryana
124514,Sourcing Allowed,false,Haryana
124524,Sourcing Allowed,false,Haryana
125001,Sourcing Allowed,false,Haryana
125033,Sourcing Allowed,false,Haryana
125037,Sourcing Allowed,false,Haryana
125050,Sourcing Allowed,false,Haryana
125051,Sourcing Allowed,false,Haryana
125052,Sourcing Allowed,false,Haryana
125055,Sourcing Allowed,false,Haryana
125104,Sourcing Allowed,false,Haryana
125120,Sourcing Allowed,false,Haryana
125121,Sourcing Allowed,false,Haryana
126101,Sourcing Allowed,false,Haryana
126102,Sourcing Allowed,false,Haryana
126110,Sourcing Allowed,false,Haryana
126111,Sourcing Allowed,false,Haryana
126112,Sourcing Allowed,false,Haryana
126113,Sourcing Allowed,false,Haryana
126114,Sourcing Allowed,false,Haryana
126115,Sourcing Allowed,false,Haryana
126116,Sourcing Allowed,false,Haryana
126125,Sourcing Allowed,false,Haryana
126152,Sourcing Allowed,false,Haryana
127020,Sourcing Allowed,false,Haryana
127021,Sourcing Allowed,false,Haryana
127022,Sourcing Allowed,false,Haryana
127025,Sourcing Allowed,false,Haryana
127026,Sourcing Allowed,false,Haryana
127027,Sourcing Allowed,false,Haryana
127028,Sourcing Allowed,false,Haryana
127029,Sourcing Allowed,false,Haryana
127030,Sourcing Allowed,false,Haryana
127031,Sourcing Allowed,false,Haryana
127032,Sourcing Allowed,false,Haryana
127035,Sourcing Allowed,false,Haryana
127040,Sourcing Allowed,false,Haryana
127041,Sourcing Allowed,false,Haryana
127042,Sourcing Allowed,false,Haryana
127043,Sourcing Allowed,false,Haryana
127045,Sourcing Allowed,false,Haryana
127046,Sourcing Allowed,false,Haryana
127110,Sourcing Allowed,false,Haryana
127111,Sourcing Allowed,false,Haryana
127114,Sourcing Allowed,false,Haryana
127201,Sourcing Allowed,false,Haryana
127306,Sourcing Allowed,false,Haryana
127307,Sourcing Allowed,false,Haryana
127308,Sourcing Allowed,false,Haryana
127309,Sourcing Allowed,false,Haryana
127310,Sourcing Allowed,false,Haryana
127311,Sourcing Allowed,false,Haryana
127312,Sourcing Allowed,false,Haryana
131001,Sourcing Allowed,false,Haryana
131002,Sourcing Allowed,false,Haryana
131021,Sourcing Allowed,false,Haryana
131022,Sourcing Allowed,false,Haryana
131023,Sourcing Allowed,false,Haryana
131024,Sourcing Allowed,false,Haryana
131027,Sourcing Allowed,false,Haryana
131028,Sourcing Allowed,false,Haryana
131029,Sourcing Allowed,false,Haryana
131030,Sourcing Allowed,false,Haryana
131039,Sourcing Allowed,false,Haryana
131040,Sourcing Allowed,false,Haryana
131101,Sourcing Allowed,false,Haryana
131102,Sourcing Allowed,false,Haryana
131103,Sourcing Allowed,false,Haryana
131301,Sourcing Allowed,false,Haryana
131302,Sourcing Allowed,false,Haryana
131303,Sourcing Allowed,false,Haryana
131304,Sourcing Allowed,false,Haryana
131305,Sourcing Allowed,false,Haryana
131306,Sourcing Allowed,false,Haryana
131310,Sourcing Allowed,false,Haryana
131402,Sourcing Allowed,false,Haryana
131403,Sourcing Allowed,false,Haryana
131408,Sourcing Allowed,false,Haryana
131409,Sourcing Allowed,false,Haryana
132001,Sourcing Allowed,false,Haryana
132023,Sourcing Allowed,false,Haryana
132024,Sourcing Allowed,false,Haryana
132036,Sourcing Allowed,false,Haryana
132037,Sourcing Allowed,false,Haryana
132039,Sourcing Allowed,false,Haryana
132040,Sourcing Allowed,false,Haryana
132046,Sourcing Allowed,false,Haryana
132054,Sourcing Allowed,false,Haryana
132101,Sourcing Allowed,false,Haryana
132102,Sourcing Allowed,false,Haryana
132103,Sourcing Allowed,false,Haryana
132105,Sourcing Allowed,false,Haryana
132106,Sourcing Allowed,false,Haryana
132107,Sourcing Allowed,false,Haryana
132108,Sourcing Allowed,false,Haryana
132113,Sourcing Allowed,false,Haryana
132114,Sourcing Allowed,false,Haryana
132115,Sourcing Allowed,false,Haryana
132116,Sourcing Allowed,false,Haryana
132117,Sourcing Allowed,false,Haryana
132140,Sourcing Allowed,false,Haryana
132145,Sourcing Allowed,false,Haryana
133001,Sourcing Allowed,false,Haryana
133004,Sourcing Allowed,false,Haryana
133005,Sourcing Allowed,false,Haryana
133006,Sourcing Allowed,false,Haryana
133008,Sourcing Allowed,false,Haryana
133010,Sourcing Allowed,false,Haryana
133021,Sourcing Allowed,false,Haryana
133101,Sourcing Allowed,false,Haryana
133102,Sourcing Allowed,false,Haryana
133103,Sourcing Allowed,false,Haryana
133104,Sourcing Allowed,false,Haryana
133105,Sourcing Allowed,false,Haryana
133201,Sourcing Allowed,false,Haryana
133202,Sourcing Allowed,false,Haryana
133203,Sourcing Allowed,false,Haryana
133204,Sourcing Allowed,false,Haryana
133205,Sourcing Allowed,false,Haryana
133206,Sourcing Allowed,false,Haryana
133207,Sourcing Allowed,false,Haryana
133301,Sourcing Allowed,false,Haryana
133302,Sourcing Allowed,false,Haryana
134003,Sourcing Allowed,false,Haryana
134005,Sourcing Allowed,false,Haryana
134007,Sourcing Allowed,false,Haryana
134008,Sourcing Allowed,false,Haryana
134011,Sourcing Allowed,false,Haryana
134012,Sourcing Allowed,false,Haryana
134101,Sourcing Allowed,false,Haryana
134102,Sourcing Allowed,false,Haryana
134103,Sourcing Allowed,false,Haryana
134104,Sourcing Allowed,false,Haryana
134105,Sourcing Allowed,false,Haryana
134107,Sourcing Allowed,false,Haryana
134108,Sourcing Allowed,false,Haryana
134109,Sourcing Allowed,false,Haryana
134111,Sourcing Allowed,false,Haryana
134112,Sourcing Allowed,false,Haryana
134113,Sourcing Allowed,false,Haryana
134114,Sourcing Allowed,false,Haryana
134115,Sourcing Allowed,false,Haryana
134116,Sourcing Allowed,false,Haryana
134117,Sourcing Allowed,false,Haryana
134118,Sourcing Allowed,false,Haryana
134201,Sourcing Allowed,false,Haryana
134202,Sourcing Allowed,false,Haryana
134203,Sourcing Allowed,false,Haryana
134204,Sourcing Allowed,false,Haryana
134205,Sourcing Allowed,false,Haryana
135001,Sourcing Allowed,false,Haryana
135002,Sourcing Allowed,false,Haryana
135003,Sourcing Allowed,false,Haryana
135004,Sourcing Allowed,false,Haryana
135021,Sourcing Allowed,false,Haryana
135101,Sourcing Allowed,false,Haryana
135102,Sourcing Allowed,false,Haryana
135103,Sourcing Allowed,false,Haryana
135105,Sourcing Allowed,false,Haryana
135106,Sourcing Allowed,false,Haryana
135133,Sourcing Allowed,false,Haryana
136020,Sourcing Allowed,false,Haryana
136021,Sourcing Allowed,false,Haryana
136026,Sourcing Allowed,false,Haryana
136027,Sourcing Allowed,false,Haryana
136030,Sourcing Allowed,false,Haryana
136033,Sourcing Allowed,false,Haryana
136034,Sourcing Allowed,false,Haryana
136035,Sourcing Allowed,false,Haryana
136038,Sourcing Allowed,false,Haryana
136042,Sourcing Allowed,false,Haryana
136043,Sourcing Allowed,false,Haryana
136044,Sourcing Allowed,false,Haryana
136117,Sourcing Allowed,false,Haryana
136118,Sourcing Allowed,false,Haryana
136119,Sourcing Allowed,false,Haryana
136128,Sourcing Allowed,false,Haryana
136129,Sourcing Allowed,false,Haryana
136130,Sourcing Allowed,false,Haryana
136131,Sourcing Allowed,false,Haryana
136132,Sourcing Allowed,false,Haryana
136134,Sourcing Allowed,false,Haryana
136135,Sourcing Allowed,false,Haryana
136136,Sourcing Allowed,false,Haryana
136156,Sourcing Allowed,false,Haryana
140001,Sourcing Allowed,false,Punjab
140101,Sourcing Allowed,false,Punjab
140102,Sourcing Allowed,false,Punjab
140103,Sourcing Allowed,false,Punjab
140104,Sourcing Allowed,false,Punjab
140108,Sourcing Allowed,false,Punjab
140109,Sourcing Allowed,false,Punjab
140110,Sourcing Allowed,false,Punjab
140111,Sourcing Allowed,false,Punjab
140112,Sourcing Allowed,false,Punjab
140113,Sourcing Allowed,false,Punjab
140114,Sourcing Allowed,false,Punjab
140115,Sourcing Allowed,false,Punjab
140116,Sourcing Allowed,false,Punjab
140117,Sourcing Allowed,false,Punjab
140118,Sourcing Allowed,false,Punjab
140119,Sourcing Allowed,false,Punjab
140123,Sourcing Allowed,false,Punjab
140124,Sourcing Allowed,false,Punjab
140125,Sourcing Allowed,false,Punjab
140126,Sourcing Allowed,false,Punjab
140127,Sourcing Allowed,false,Punjab
140128,Sourcing Allowed,false,Punjab
140133,Sourcing Allowed,false,Punjab
140201,Sourcing Allowed,false,Punjab
140301,Sourcing Allowed,false,Punjab
140306,Sourcing Allowed,false,Punjab
140307,Sourcing Allowed,false,Punjab
140308,Sourcing Allowed,false,Punjab
140401,Sourcing Allowed,false,Punjab
140406,Sourcing Allowed,false,Punjab
140408,Sourcing Allowed,false,Punjab
140413,Sourcing Allowed,false,Punjab
140417,Sourcing Allowed,false,Punjab
140507,Sourcing Allowed,false,Punjab
140603,Sourcing Allowed,false,Punjab
140604,Sourcing Allowed,false,Punjab
140801,Sourcing Allowed,false,Punjab
140802,Sourcing Allowed,false,Punjab
140901,Sourcing Allowed,false,Punjab
141001,Sourcing Allowed,false,Punjab
141002,Sourcing Allowed,false,Punjab
141003,Sourcing Allowed,false,Punjab
141004,Sourcing Allowed,false,Punjab
141005,Sourcing Allowed,false,Punjab
141006,Sourcing Allowed,false,Punjab
141007,Sourcing Allowed,false,Punjab
141008,Sourcing Allowed,false,Punjab
141010,Sourcing Allowed,false,Punjab
141011,Sourcing Allowed,false,Punjab
141012,Sourcing Allowed,false,Punjab
141013,Sourcing Allowed,false,Punjab
141014,Sourcing Allowed,false,Punjab
141015,Sourcing Allowed,false,Punjab
141016,Sourcing Allowed,false,Punjab
141017,Sourcing Allowed,false,Punjab
141101,Sourcing Allowed,false,Punjab
141102,Sourcing Allowed,false,Punjab
141103,Sourcing Allowed,false,Punjab
141104,Sourcing Allowed,false,Punjab
141105,Sourcing Allowed,false,Punjab
141106,Sourcing Allowed,false,Punjab
141107,Sourcing Allowed,false,Punjab
141108,Sourcing Allowed,false,Punjab
141109,Sourcing Allowed,false,Punjab
141110,Sourcing Allowed,false,Punjab
141111,Sourcing Allowed,false,Punjab
141112,Sourcing Allowed,false,Punjab
141113,Sourcing Allowed,false,Punjab
141114,Sourcing Allowed,false,Punjab
141115,Sourcing Allowed,false,Punjab
141116,Sourcing Allowed,false,Punjab
141117,Sourcing Allowed,false,Punjab
141118,Sourcing Allowed,false,Punjab
141119,Sourcing Allowed,false,Punjab
141120,Sourcing Allowed,false,Punjab
141121,Sourcing Allowed,false,Punjab
141122,Sourcing Allowed,false,Punjab
141123,Sourcing Allowed,false,Punjab
141124,Sourcing Allowed,false,Punjab
141125,Sourcing Allowed,false,Punjab
141126,Sourcing Allowed,false,Punjab
141127,Sourcing Allowed,false,Punjab
141201,Sourcing Allowed,false,Punjab
141202,Sourcing Allowed,false,Punjab
141203,Sourcing Allowed,false,Punjab
141204,Sourcing Allowed,false,Punjab
141205,Sourcing Allowed,false,Punjab
141206,Sourcing Allowed,false,Punjab
141401,Sourcing Allowed,false,Punjab
141402,Sourcing Allowed,false,Punjab
141411,Sourcing Allowed,false,Punjab
141412,Sourcing Allowed,false,Punjab
141413,Sourcing Allowed,false,Punjab
141414,Sourcing Allowed,false,Punjab
141415,Sourcing Allowed,false,Punjab
141416,Sourcing Allowed,false,Punjab
141417,Sourcing Allowed,false,Punjab
141418,Sourcing Allowed,false,Punjab
141419,Sourcing Allowed,false,Punjab
141421,Sourcing Allowed,false,Punjab
141422,Sourcing Allowed,false,Punjab
141801,Sourcing Allowed,false,Punjab
142001,Sourcing Allowed,false,Punjab
142011,Sourcing Allowed,false,Punjab
142021,Sourcing Allowed,false,Punjab
142022,Sourcing Allowed,false,Punjab
142023,Sourcing Allowed,false,Punjab
142024,Sourcing Allowed,false,Punjab
142025,Sourcing Allowed,false,Punjab
142026,Sourcing Allowed,false,Punjab
142027,Sourcing Allowed,false,Punjab
142028,Sourcing Allowed,false,Punjab
142029,Sourcing Allowed,false,Punjab
142030,Sourcing Allowed,false,Punjab
142031,Sourcing Allowed,false,Punjab
142032,Sourcing Allowed,false,Punjab
142033,Sourcing Allowed,false,Punjab
142034,Sourcing Allowed,false,Punjab
142035,Sourcing Allowed,false,Punjab
142036,Sourcing Allowed,false,Punjab
142037,Sourcing Allowed,false,Punjab
142038,Sourcing Allowed,false,Punjab
142039,Sourcing Allowed,false,Punjab
142040,Sourcing Allowed,false,Punjab
142042,Sourcing Allowed,false,Punjab
142043,Sourcing Allowed,false,Punjab
142044,Sourcing Allowed,false,Punjab
142045,Sourcing Allowed,false,Punjab
142046,Sourcing Allowed,false,Punjab
142047,Sourcing Allowed,false,Punjab
142048,Sourcing Allowed,false,Punjab
142049,Sourcing Allowed,false,Punjab
142053,Sourcing Allowed,false,Punjab
142054,Sourcing Allowed,false,Punjab
142055,Sourcing Allowed,false,Punjab
142056,Sourcing Allowed,false,Punjab
142057,Sourcing Allowed,false,Punjab
142058,Sourcing Allowed,false,Punjab
143001,Sourcing Allowed,false,Punjab
143002,Sourcing Allowed,false,Punjab
143003,Sourcing Allowed,false,Punjab
143004,Sourcing Allowed,false,Punjab
143005,Sourcing Allowed,false,Punjab
143006,Sourcing Allowed,false,Punjab
143007,Sourcing Allowed,false,Punjab
143008,Sourcing Allowed,false,Punjab
143009,Sourcing Allowed,false,Punjab
143010,Sourcing Allowed,false,Punjab
143011,Sourcing Allowed,false,Punjab
143021,Sourcing Allowed,false,Punjab
143022,Sourcing Allowed,false,Punjab
143026,Sourcing Allowed,false,Punjab
143036,Sourcing Allowed,false,Punjab
143101,Sourcing Allowed,false,Punjab
143102,Sourcing Allowed,false,Punjab
143103,Sourcing Allowed,false,Punjab
143104,Sourcing Allowed,false,Punjab
143105,Sourcing Allowed,false,Punjab
143106,Sourcing Allowed,false,Punjab
143107,Sourcing Allowed,false,Punjab
143108,Sourcing Allowed,false,Punjab
143109,Sourcing Allowed,false,Punjab
143110,Sourcing Allowed,false,Punjab
143111,Sourcing Allowed,false,Punjab
143112,Sourcing Allowed,false,Punjab
143113,Sourcing Allowed,false,Punjab
143114,Sourcing Allowed,false,Punjab
143115,Sourcing Allowed,false,Punjab
143116,Sourcing Allowed,false,Punjab
143117,Sourcing Allowed,false,Punjab
143118,Sourcing Allowed,false,Punjab
143119,Sourcing Allowed,false,Punjab
143144,Sourcing Allowed,false,Punjab
143149,Sourcing Allowed,false,Punjab
143201,Sourcing Allowed,false,Punjab
143202,Sourcing Allowed,false,Punjab
143203,Sourcing Allowed,false,Punjab
143204,Sourcing Allowed,false,Punjab
143205,Sourcing Allowed,false,Punjab
143301,Sourcing Allowed,false,Punjab
143302,Sourcing Allowed,false,Punjab
143303,Sourcing Allowed,false,Punjab
143304,Sourcing Allowed,false,Punjab
143305,Sourcing Allowed,false,Punjab
143306,Sourcing Allowed,false,Punjab
143401,Sourcing Allowed,false,Punjab
143402,Sourcing Allowed,false,Punjab
143406,Sourcing Allowed,false,Punjab
143407,Sourcing Allowed,false,Punjab
143408,Sourcing Allowed,false,Punjab
143409,Sourcing Allowed,false,Punjab
143410,Sourcing Allowed,false,Punjab
143411,Sourcing Allowed,false,Punjab
143412,Sourcing Allowed,false,Punjab
143413,Sourcing Allowed,false,Punjab
143414,Sourcing Allowed,false,Punjab
143415,Sourcing Allowed,false,Punjab
143416,Sourcing Allowed,false,Punjab
143417,Sourcing Allowed,false,Punjab
143418,Sourcing Allowed,false,Punjab
143419,Sourcing Allowed,false,Punjab
143420,Sourcing Allowed,false,Punjab
143421,Sourcing Allowed,false,Punjab
143422,Sourcing Allowed,false,Punjab
143501,Sourcing Allowed,false,Punjab
143502,Sourcing Allowed,false,Punjab
143503,Sourcing Allowed,false,Punjab
143504,Sourcing Allowed,false,Punjab
143601,Sourcing Allowed,false,Punjab
143603,Sourcing Allowed,false,Punjab
143606,Sourcing Allowed,false,Punjab
143607,Sourcing Allowed,false,Punjab
144001,Sourcing Allowed,false,Punjab
144002,Sourcing Allowed,false,Punjab
144003,Sourcing Allowed,false,Punjab
144004,Sourcing Allowed,false,Punjab
144005,Sourcing Allowed,false,Punjab
144006,Sourcing Allowed,false,Punjab
144007,Sourcing Allowed,false,Punjab
144008,Sourcing Allowed,false,Punjab
144009,Sourcing Allowed,false,Punjab
144010,Sourcing Allowed,false,Punjab
144011,Sourcing Allowed,false,Punjab
144012,Sourcing Allowed,false,Punjab
144013,Sourcing Allowed,false,Punjab
144014,Sourcing Allowed,false,Punjab
144020,Sourcing Allowed,false,Punjab
144021,Sourcing Allowed,false,Punjab
144022,Sourcing Allowed,false,Punjab
144023,Sourcing Allowed,false,Punjab
144024,Sourcing Allowed,false,Punjab
144025,Sourcing Allowed,false,Punjab
144026,Sourcing Allowed,false,Punjab
144027,Sourcing Allowed,false,Punjab
144028,Sourcing Allowed,false,Punjab
144029,Sourcing Allowed,false,Punjab
144030,Sourcing Allowed,false,Punjab
144031,Sourcing Allowed,false,Punjab
144032,Sourcing Allowed,false,Punjab
144033,Sourcing Allowed,false,Punjab
144034,Sourcing Allowed,false,Punjab
144035,Sourcing Allowed,false,Punjab
144036,Sourcing Allowed,false,Punjab
144037,Sourcing Allowed,false,Punjab
144038,Sourcing Allowed,false,Punjab
144039,Sourcing Allowed,false,Punjab
144040,Sourcing Allowed,false,Punjab
144041,Sourcing Allowed,false,Punjab
144042,Sourcing Allowed,false,Punjab
144043,Sourcing Allowed,false,Punjab
144044,Sourcing Allowed,false,Punjab
144101,Sourcing Allowed,false,Punjab
144102,Sourcing Allowed,false,Punjab
144103,Sourcing Allowed,false,Punjab
144104,Sourcing Allowed,false,Punjab
144105,Sourcing Allowed,false,Punjab
144106,Sourcing Allowed,false,Punjab
144116,Sourcing Allowed,false,Punjab
144201,Sourcing Allowed,false,Punjab
144202,Sourcing Allowed,false,Punjab
144203,Sourcing Allowed,false,Punjab
144204,Sourcing Allowed,false,Punjab
144205,Sourcing Allowed,false,Punjab
144206,Sourcing Allowed,false,Punjab
144207,Sourcing Allowed,false,Punjab
144208,Sourcing Allowed,false,Punjab
144209,Sourcing Allowed,false,Punjab
144210,Sourcing Allowed,false,Punjab
144211,Sourcing Allowed,false,Punjab
144212,Sourcing Allowed,false,Punjab
144213,Sourcing Allowed,false,Punjab
144214,Sourcing Allowed,false,Punjab
144216,Sourcing Allowed,false,Punjab
144221,Sourcing Allowed,false,Punjab
144222,Sourcing Allowed,false,Punjab
144223,Sourcing Allowed,false,Punjab
144224,Sourcing Allowed,false,Punjab
144301,Sourcing Allowed,false,Punjab
144302,Sourcing Allowed,false,Punjab
144303,Sourcing Allowed,false,Punjab
144304,Sourcing Allowed,false,Punjab
144305,Sourcing Allowed,false,Punjab
144306,Sourcing Allowed,false,Punjab
144311,Sourcing Allowed,false,Punjab
144401,Sourcing Allowed,false,Punjab
144402,Sourcing Allowed,false,Punjab
144403,Sourcing Allowed,false,Punjab
144404,Sourcing Allowed,false,Punjab
144405,Sourcing Allowed,false,Punjab
144406,Sourcing Allowed,false,Punjab
144407,Sourcing Allowed,false,Punjab
144408,Sourcing Allowed,false,Punjab
144409,Sourcing Allowed,false,Punjab
144410,Sourcing Allowed,false,Punjab
144411,Sourcing Allowed,false,Punjab
144415,Sourcing Allowed,false,Punjab
144416,Sourcing Allowed,false,Punjab
144417,Sourcing Allowed,false,Punjab
144418,Sourcing Allowed,false,Punjab
144419,Sourcing Allowed,false,Punjab
144421,Sourcing Allowed,false,Punjab
144422,Sourcing Allowed,false,Punjab
144423,Sourcing Allowed,false,Punjab
144424,Sourcing Allowed,false,Punjab
144501,Sourcing Allowed,false,Punjab
144502,Sourcing Allowed,false,Punjab
144503,Sourcing Allowed,false,Punjab
144504,Sourcing Allowed,false,Punjab
144505,Sourcing Allowed,false,Punjab
144506,Sourcing Allowed,false,Punjab
144507,Sourcing Allowed,false,Punjab
144508,Sourcing Allowed,false,Punjab
144509,Sourcing Allowed,false,Punjab
144510,Sourcing Allowed,false,Punjab
144511,Sourcing Allowed,false,Punjab
144512,Sourcing Allowed,false,Punjab
144513,Sourcing Allowed,false,Punjab
144514,Sourcing Allowed,false,Punjab
144515,Sourcing Allowed,false,Punjab
144516,Sourcing Allowed,false,Punjab
144517,Sourcing Allowed,false,Punjab
144518,Sourcing Allowed,false,Punjab
144519,Sourcing Allowed,false,Punjab
144520,Sourcing Allowed,false,Punjab
144521,Sourcing Allowed,false,Punjab
144522,Sourcing Allowed,false,Punjab
144523,Sourcing Allowed,false,Punjab
144524,Sourcing Allowed,false,Punjab
144525,Sourcing Allowed,false,Punjab
144526,Sourcing Allowed,false,Punjab
144527,Sourcing Allowed,false,Punjab
144528,Sourcing Allowed,false,Punjab
144529,Sourcing Allowed,false,Punjab
144530,Sourcing Allowed,false,Punjab
144531,Sourcing Allowed,false,Punjab
144532,Sourcing Allowed,false,Punjab
144533,Sourcing Allowed,false,Punjab
144601,Sourcing Allowed,false,Punjab
144602,Sourcing Allowed,false,Punjab
144603,Sourcing Allowed,false,Punjab
144606,Sourcing Allowed,false,Punjab
144620,Sourcing Allowed,false,Punjab
144621,Sourcing Allowed,false,Punjab
144622,Sourcing Allowed,false,Punjab
144623,Sourcing Allowed,false,Punjab
144624,Sourcing Allowed,false,Punjab
144625,Sourcing Allowed,false,Punjab
144626,Sourcing Allowed,false,Punjab
144628,Sourcing Allowed,false,Punjab
144629,Sourcing Allowed,false,Punjab
144630,Sourcing Allowed,false,Punjab
144631,Sourcing Allowed,false,Punjab
144632,Sourcing Allowed,false,Punjab
144633,Sourcing Allowed,false,Punjab
144701,Sourcing Allowed,false,Punjab
144702,Sourcing Allowed,false,Punjab
144703,Sourcing Allowed,false,Punjab
144801,Sourcing Allowed,false,Punjab
144802,Sourcing Allowed,false,Punjab
144803,Sourcing Allowed,false,Punjab
144804,Sourcing Allowed,false,Punjab
144805,Sourcing Allowed,false,Punjab
144806,Sourcing Allowed,false,Punjab
144819,Sourcing Allowed,false,Punjab
146001,Sourcing Allowed,false,Punjab
146021,Sourcing Allowed,false,Punjab
146022,Sourcing Allowed,false,Punjab
146023,Sourcing Allowed,false,Punjab
146024,Sourcing Allowed,false,Punjab
146101,Sourcing Allowed,false,Punjab
146102,Sourcing Allowed,false,Punjab
146103,Sourcing Allowed,false,Punjab
146104,Sourcing Allowed,false,Punjab
146105,Sourcing Allowed,false,Punjab
146106,Sourcing Allowed,false,Punjab
146107,Sourcing Allowed,false,Punjab
146108,Sourcing Allowed,false,Punjab
146109,Sourcing Allowed,false,Punjab
146110,Sourcing Allowed,false,Punjab
146111,Sourcing Allowed,false,Punjab
146112,Sourcing Allowed,false,Punjab
146113,Sourcing Allowed,false,Punjab
146114,Sourcing Allowed,false,Punjab
146115,Sourcing Allowed,false,Punjab
146116,Sourcing Allowed,false,Punjab
147001,Sourcing Allowed,false,Punjab
147021,Sourcing Allowed,false,Punjab
147101,Sourcing Allowed,false,Punjab
147105,Sourcing Allowed,false,Punjab
147301,Sourcing Allowed,false,Punjab
148031,Sourcing Allowed,false,Punjab
148101,Sourcing Allowed,false,Punjab
148108,Sourcing Allowed,false,Punjab
148109,Sourcing Allowed,false,Punjab
151001,Sourcing Allowed,false,Punjab
151002,Sourcing Allowed,false,Punjab
151003,Sourcing Allowed,false,Punjab
151004,Sourcing Allowed,false,Punjab
151005,Sourcing Allowed,false,Punjab
151006,Sourcing Allowed,false,Punjab
151101,Sourcing Allowed,false,Punjab
151102,Sourcing Allowed,false,Punjab
151103,Sourcing Allowed,false,Punjab
151104,Sourcing Allowed,false,Punjab
151105,Sourcing Allowed,false,Punjab
151106,Sourcing Allowed,false,Punjab
151107,Sourcing Allowed,false,Punjab
151108,Sourcing Allowed,false,Punjab
151111,Sourcing Allowed,false,Punjab
151201,Sourcing Allowed,false,Punjab
151202,Sourcing Allowed,false,Punjab
151203,Sourcing Allowed,false,Punjab
151204,Sourcing Allowed,false,Punjab
151205,Sourcing Allowed,false,Punjab
151206,Sourcing Allowed,false,Punjab
151210,Sourcing Allowed,false,Punjab
151211,Sourcing Allowed,false,Punjab
151301,Sourcing Allowed,false,Punjab
151302,Sourcing Allowed,false,Punjab
151401,Sourcing Allowed,false,Punjab
151501,Sourcing Allowed,false,Punjab
151502,Sourcing Allowed,false,Punjab
151503,Sourcing Allowed,false,Punjab
151504,Sourcing Allowed,false,Punjab
151505,Sourcing Allowed,false,Punjab
151506,Sourcing Allowed,false,Punjab
151507,Sourcing Allowed,false,Punjab
151508,Sourcing Allowed,false,Punjab
151509,Sourcing Allowed,false,Punjab
151510,Sourcing Allowed,false,Punjab
152002,Sourcing Allowed,false,Punjab
152004,Sourcing Allowed,false,Punjab
152022,Sourcing Allowed,false,Punjab
152023,Sourcing Allowed,false,Punjab
152024,Sourcing Allowed,false,Punjab
152025,Sourcing Allowed,false,Punjab
152026,Sourcing Allowed,false,Punjab
152031,Sourcing Allowed,false,Punjab
152032,Sourcing Allowed,false,Punjab
152101,Sourcing Allowed,false,Punjab
152107,Sourcing Allowed,false,Punjab
152112,Sourcing Allowed,false,Punjab
152113,Sourcing Allowed,false,Punjab
152114,Sourcing Allowed,false,Punjab
152115,Sourcing Allowed,false,Punjab
152116,Sourcing Allowed,false,Punjab
152122,Sourcing Allowed,false,Punjab
152123,Sourcing Allowed,false,Punjab
152132,Sourcing Allowed,false,Punjab
160001,Sourcing Allowed,false,Chandigarh
160002,Sourcing Allowed,false,Chandigarh
160003,Sourcing Allowed,false,Chandigarh
160004,Sourcing Allowed,false,Chandigarh
160005,Sourcing Allowed,false,Chandigarh
160006,Sourcing Allowed,false,Chandigarh
160009,Sourcing Allowed,false,Chandigarh
160011,Sourcing Allowed,false,Chandigarh
160012,Sourcing Allowed,false,Chandigarh
160014,Sourcing Allowed,false,Chandigarh
160015,Sourcing Allowed,false,Chandigarh
160016,Sourcing Allowed,false,Chandigarh
160017,Sourcing Allowed,false,Chandigarh
160018,Sourcing Allowed,false,Chandigarh
160019,Sourcing Allowed,false,Chandigarh
160020,Sourcing Allowed,false,Chandigarh
160022,Sourcing Allowed,false,Chandigarh
160023,Sourcing Allowed,false,Chandigarh
160025,Sourcing Allowed,false,Chandigarh
160030,Sourcing Allowed,false,Chandigarh
160035,Sourcing Allowed,false,Chandigarh
160036,Sourcing Allowed,false,Chandigarh
160043,Sourcing Allowed,false,Chandigarh
160047,Sourcing Allowed,false,Chandigarh
160055,Sourcing Allowed,false,Chandigarh
160059,Sourcing Allowed,false,Chandigarh
160062,Sourcing Allowed,false,Chandigarh
160071,Sourcing Allowed,false,Chandigarh
160101,Sourcing Allowed,false,Chandigarh
160102,Sourcing Allowed,false,Chandigarh
160103,Sourcing Allowed,false,Chandigarh
160104,Sourcing Allowed,false,Chandigarh
171001,Sourcing Allowed,false,Himachal Pradesh
171002,Sourcing Allowed,false,Himachal Pradesh
171012,Sourcing Allowed,false,Himachal Pradesh
171210,Sourcing Allowed,false,Himachal Pradesh
171213,Sourcing Allowed,false,Himachal Pradesh
172028,Sourcing Allowed,false,Himachal Pradesh
172033,Sourcing Allowed,false,Himachal Pradesh
173021,Sourcing Allowed,false,Himachal Pradesh
173022,Sourcing Allowed,false,Himachal Pradesh
173025,Sourcing Allowed,false,Himachal Pradesh
173026,Sourcing Allowed,false,Himachal Pradesh
173104,Sourcing Allowed,false,Himachal Pradesh
173204,Sourcing Allowed,false,Himachal Pradesh
173205,Sourcing Allowed,false,Himachal Pradesh
173206,Sourcing Allowed,false,Himachal Pradesh
173209,Sourcing Allowed,false,Himachal Pradesh
173211,Sourcing Allowed,false,Himachal Pradesh
174101,Sourcing Allowed,false,Himachal Pradesh
174103,Sourcing Allowed,false,Himachal Pradesh
174306,Sourcing Allowed,false,Himachal Pradesh
175105,Sourcing Allowed,false,Himachal Pradesh
176023,Sourcing Allowed,false,Himachal Pradesh
176051,Sourcing Allowed,false,Himachal Pradesh
176061,Sourcing Allowed,false,Himachal Pradesh
176081,Sourcing Allowed,false,Himachal Pradesh
176093,Sourcing Allowed,false,Himachal Pradesh
176095,Sourcing Allowed,false,Himachal Pradesh
176101,Sourcing Allowed,false,Himachal Pradesh
176102,Sourcing Allowed,false,Himachal Pradesh
176107,Sourcing Allowed,false,Himachal Pradesh
176201,Sourcing Allowed,false,Himachal Pradesh
176209,Sourcing Allowed,false,Himachal Pradesh
176217,Sourcing Allowed,false,Himachal Pradesh
176302,Sourcing Allowed,false,Himachal Pradesh
176310,Sourcing Allowed,false,Himachal Pradesh
177020,Sourcing Allowed,false,Himachal Pradesh
177023,Sourcing Allowed,false,Himachal Pradesh
177042,Sourcing Allowed,false,Himachal Pradesh
177601,Sourcing Allowed,false,Himachal Pradesh
201001,Sourcing Allowed - Prime,true,Uttar Pradesh
201002,Sourcing Allowed - Prime,true,Uttar Pradesh
201003,Sourcing Allowed - Prime,true,Uttar Pradesh
201004,Sourcing Allowed - Prime,true,Uttar Pradesh
201005,Sourcing Allowed - Prime,true,Uttar Pradesh
201006,Sourcing Allowed - Prime,true,Uttar Pradesh
201007,Sourcing Allowed - Prime,true,Uttar Pradesh
201008,Sourcing Allowed - Prime,true,Uttar Pradesh
201009,Sourcing Allowed - Prime,true,Uttar Pradesh
201010,Sourcing Allowed - Prime,true,Uttar Pradesh
201011,Sourcing Allowed - Prime,true,Uttar Pradesh
201012,Sourcing Allowed - Prime,true,Uttar Pradesh
201013,Sourcing Allowed - Prime,true,Uttar Pradesh
201014,Sourcing Allowed - Prime,true,Uttar Pradesh
201015,Sourcing Allowed - Prime,true,Uttar Pradesh
201016,Sourcing Allowed - Prime,true,Uttar Pradesh
201017,Sourcing Allowed - Prime,true,Uttar Pradesh
201018,Sourcing Allowed - Prime,true,Uttar Pradesh
201019,Sourcing Allowed - Prime,true,Uttar Pradesh
201020,Sourcing Allowed - Prime,true,Uttar Pradesh
201021,Sourcing Allowed - Prime,true,Uttar Pradesh
201101,Sourcing Allowed,false,Uttar Pradesh
201102,Sourcing Allowed - Prime,true,Uttar Pradesh
201103,Sourcing Allowed - Prime,true,Uttar Pradesh
201201,Sourcing Allowed - Prime,true,Uttar Pradesh
201204,Sourcing Allowed - Prime,true,Uttar Pradesh
201205,Sourcing Allowed - Prime,true,Uttar Pradesh
201206,Sourcing Allowed - Prime,true,Uttar Pradesh
201301,Sourcing Allowed - Prime,true,Uttar Pradesh
201302,Sourcing Allowed - Prime,true,Uttar Pradesh
201303,Sourcing Allowed - Prime,true,Uttar Pradesh
201304,Sourcing Allowed - Prime,true,Uttar Pradesh
201305,Sourcing Allowed - Prime,true,Uttar Pradesh
201306,Sourcing Allowed - Prime,true,Uttar Pradesh
201307,Sourcing Allowed - Prime,true,Uttar Pradesh
201308,Sourcing Allowed - Prime,true,Uttar Pradesh
201309,Sourcing Allowed - Prime,true,Uttar Pradesh
201310,Sourcing Allowed - Prime,true,Uttar Pradesh
201311,Sourcing Allowed - Prime,true,Uttar Pradesh
201312,Sourcing Allowed - Prime,true,Uttar Pradesh
201313,Sourcing Allowed - Prime,true,Uttar Pradesh
201314,Sourcing Allowed - Prime,true,Uttar Pradesh
201315,Sourcing Allowed - Prime,true,Uttar Pradesh
201316,Sourcing Allowed - Prime,true,Uttar Pradesh
201317,Sourcing Allowed - Prime,true,Uttar Pradesh
201318,Sourcing Allowed - Prime,true,Uttar Pradesh
202001,Sourcing Allowed,false,Uttar Pradesh
202002,Sourcing Allowed,false,Uttar Pradesh
202389,Sourcing Allowed,false,Uttar Pradesh
202390,Sourcing Allowed,false,Uttar Pradesh
202391,Sourcing Allowed,false,Uttar Pradesh
202392,Sourcing Allowed,false,Uttar Pradesh
202393,Sourcing Allowed,false,Uttar Pradesh
202394,Sourcing Allowed,false,Uttar Pradesh
202395,Sourcing Allowed,false,Uttar Pradesh
202396,Sourcing Allowed,false,Uttar Pradesh
202397,Sourcing Allowed,false,Uttar Pradesh
202398,Sourcing Allowed,false,Uttar Pradesh
202399,Sourcing Allowed,false,Uttar Pradesh
202410,Sourcing Allowed,false,Uttar Pradesh
202411,Sourcing Allowed,false,Uttar Pradesh
202412,Sourcing Allowed,false,Uttar Pradesh
202413,Sourcing Allowed,false,Uttar Pradesh
202414,Sourcing Allowed,false,Uttar Pradesh
202415,Sourcing Allowed,false,Uttar Pradesh
202417,Sourcing Allowed,false,Uttar Pradesh
202421,Sourcing Allowed,false,Uttar Pradesh
202520,Sourcing Allowed,false,Uttar Pradesh
202521,Sourcing Allowed,false,Uttar Pradesh
202522,Sourcing Allowed,false,Uttar Pradesh
202523,Sourcing Allowed,false,Uttar Pradesh
202524,Sourcing Allowed,false,Uttar Pradesh
202525,Sourcing Allowed,false,Uttar Pradesh
202526,Sourcing Allowed,false,Uttar Pradesh
202527,Sourcing Allowed,false,Uttar Pradesh
203001,Sourcing Allowed,false,Uttar Pradesh
203002,Sourcing Allowed,false,Uttar Pradesh
203129,Sourcing Allowed,false,Uttar Pradesh
203131,Sourcing Allowed,false,Uttar Pradesh
203132,Sourcing Allowed,false,Uttar Pradesh
203133,Sourcing Allowed,false,Uttar Pradesh
203135,Sourcing Allowed,false,Uttar Pradesh
203141,Sourcing Allowed,false,Uttar Pradesh
203150,Sourcing Allowed,false,Uttar Pradesh
203155,Sourcing Allowed,false,Uttar Pradesh
203201,Sourcing Allowed,false,Uttar Pradesh
203202,Sourcing Allowed,false,Uttar Pradesh
203203,Sourcing Allowed,false,Uttar Pradesh
203205,Sourcing Allowed,false,Uttar Pradesh
203206,Sourcing Allowed,false,Uttar Pradesh
203207,Sourcing Allowed - Prime,true,Uttar Pradesh
203208,Sourcing Allowed - Prime,true,Uttar Pradesh
203209,Sourcing Allowed,false,Uttar Pradesh
203389,Sourcing Allowed,false,Uttar Pradesh
203390,Sourcing Allowed,false,Uttar Pradesh
203391,Sourcing Allowed,false,Uttar Pradesh
203392,Sourcing Allowed,false,Uttar Pradesh
203393,Sourcing Allowed,false,Uttar Pradesh
203394,Sourcing Allowed,false,Uttar Pradesh
203395,Sourcing Allowed,false,Uttar Pradesh
203396,Sourcing Allowed,false,Uttar Pradesh
203397,Sourcing Allowed,false,Uttar Pradesh
203398,Sourcing Allowed,false,Uttar Pradesh
203399,Sourcing Allowed,false,Uttar Pradesh
203401,Sourcing Allowed,false,Uttar Pradesh
203402,Sourcing Allowed,false,Uttar Pradesh
203403,Sourcing Allowed,false,Uttar Pradesh
203405,Sourcing Allowed,false,Uttar Pradesh
203407,Sourcing Allowed,false,Uttar Pradesh
203408,Sourcing Allowed,false,Uttar Pradesh
203409,Sourcing Allowed,false,Uttar Pradesh
203411,Sourcing Allowed,false,Uttar Pradesh
203412,Sourcing Allowed,false,Uttar Pradesh
204101,Sourcing Allowed,false,Uttar Pradesh
204105,Sourcing Allowed,false,Uttar Pradesh
204106,Sourcing Allowed,false,Uttar Pradesh
204214,Sourcing Allowed,false,Uttar Pradesh
204216,Sourcing Allowed,false,Uttar Pradesh
205001,Sourcing Allowed,false,Uttar Pradesh
205119,Sourcing Allowed,false,Uttar Pradesh
205121,Sourcing Allowed,false,Uttar Pradesh
205135,Sourcing Allowed,false,Uttar Pradesh
205141,Sourcing Allowed,false,Uttar Pradesh
205142,Sourcing Allowed,false,Uttar Pradesh
205145,Sourcing Allowed,false,Uttar Pradesh
205147,Sourcing Allowed,false,Uttar Pradesh
205151,Sourcing Allowed,false,Uttar Pradesh
205152,Sourcing Allowed,false,Uttar Pradesh
205247,Sourcing Allowed,false,Uttar Pradesh
205261,Sourcing Allowed,false,Uttar Pradesh
205262,Sourcing Allowed,false,Uttar Pradesh
205263,Sourcing Allowed,false,Uttar Pradesh
205264,Sourcing Allowed,false,Uttar Pradesh
205265,Sourcing Allowed,false,Uttar Pradesh
205267,Sourcing Allowed,false,Uttar Pradesh
205268,Sourcing Allowed,false,Uttar Pradesh
205301,Sourcing Allowed,false,Uttar Pradesh
205302,Sourcing Allowed,false,Uttar Pradesh
205303,Sourcing Allowed,false,Uttar Pradesh
205304,Sourcing Allowed,false,Uttar Pradesh
206255,Sourcing Allowed,false,Uttar Pradesh
206302,Sourcing Allowed,false,Uttar Pradesh
206303,Sourcing Allowed,false,Uttar Pradesh
206451,Sourcing Allowed,false,Uttar Pradesh
207001,Sourcing Allowed,false,Uttar Pradesh
207002,Sourcing Allowed,false,Uttar Pradesh
207003,Sourcing Allowed,false,Uttar Pradesh
207120,Sourcing Allowed,false,Uttar Pradesh
207121,Sourcing Allowed,false,Uttar Pradesh
207122,Sourcing Allowed,false,Uttar Pradesh
207123,Sourcing Allowed,false,Uttar Pradesh
207125,Sourcing Allowed,false,Uttar Pradesh
207126,Sourcing Allowed,false,Uttar Pradesh
207241,Sourcing Allowed,false,Uttar Pradesh
207242,Sourcing Allowed,false,Uttar Pradesh
207243,Sourcing Allowed,false,Uttar Pradesh
207244,Sourcing Allowed,false,Uttar Pradesh
207245,Sourcing Allowed,false,Uttar Pradesh
207246,Sourcing Allowed,false,Uttar Pradesh
207247,Sourcing Allowed,false,Uttar Pradesh
207248,Sourcing Allowed,false,Uttar Pradesh
207249,Sourcing Allowed,false,Uttar Pradesh
207250,Sourcing Allowed,false,Uttar Pradesh
207301,Sourcing Allowed,false,Uttar Pradesh
207302,Sourcing Allowed,false,Uttar Pradesh
207401,Sourcing Allowed,false,Uttar Pradesh
207402,Sourcing Allowed,false,Uttar Pradesh
207403,Sourcing Allowed,false,Uttar Pradesh
207501,Sourcing Allowed,false,Uttar Pradesh
207502,Sourcing Allowed,false,Uttar Pradesh
207503,Sourcing Allowed,false,Uttar Pradesh
207504,Sourcing Allowed,false,Uttar Pradesh
207505,Sourcing Allowed,false,Uttar Pradesh
208001,Sourcing Allowed,false,Uttar Pradesh
208002,Sourcing Allowed,false,Uttar Pradesh
208003,Sourcing Allowed,false,Uttar Pradesh
208004,Sourcing Allowed,false,Uttar Pradesh
208005,Sourcing Allowed,false,Uttar Pradesh
208006,Sourcing Allowed,false,Uttar Pradesh
208007,Sourcing Allowed,false,Uttar Pradesh
208008,Sourcing Allowed,false,Uttar Pradesh
208009,Sourcing Allowed,false,Uttar Pradesh
208010,Sourcing Allowed,false,Uttar Pradesh
208011,Sourcing Allowed,false,Uttar Pradesh
208012,Sourcing Allowed,false,Uttar Pradesh
208013,Sourcing Allowed,false,Uttar Pradesh
208014,Sourcing Allowed,false,Uttar Pradesh
208015,Sourcing Allowed,false,Uttar Pradesh
208016,Sourcing Allowed,false,Uttar Pradesh
208017,Sourcing Allowed,false,Uttar Pradesh
208018,Sourcing Allowed,false,Uttar Pradesh
208019,Sourcing Allowed,false,Uttar Pradesh
208020,Sourcing Allowed,false,Uttar Pradesh
208021,Sourcing Allowed,false,Uttar Pradesh
208022,Sourcing Allowed,false,Uttar Pradesh
208023,Sourcing Allowed,false,Uttar Pradesh
208024,Sourcing Allowed,false,Uttar Pradesh
208025,Sourcing Allowed,false,Uttar Pradesh
208026,Sourcing Allowed,false,Uttar Pradesh
208027,Sourcing Allowed,false,Uttar Pradesh
208039,Sourcing Allowed,false,Uttar Pradesh
209101,Sourcing Allowed,false,Uttar Pradesh
209111,Sourcing Allowed,false,Uttar Pradesh
209112,Sourcing Allowed,false,Uttar Pradesh
209115,Sourcing Allowed,false,Uttar Pradesh
209121,Sourcing Allowed,false,Uttar Pradesh
209125,Sourcing Allowed,false,Uttar Pradesh
209201,Sourcing Allowed,false,Uttar Pradesh
209202,Sourcing Allowed,false,Uttar Pradesh
209203,Sourcing Allowed,false,Uttar Pradesh
209204,Sourcing Allowed,false,Uttar Pradesh
209205,Sourcing Allowed,false,Uttar Pradesh
209206,Sourcing Allowed,false,Uttar Pradesh
209207,Sourcing Allowed,false,Uttar Pradesh
209208,Sourcing Allowed,false,Uttar Pradesh
209209,Sourcing Allowed,false,Uttar Pradesh
209210,Sourcing Allowed,false,Uttar Pradesh
209214,Sourcing Allowed,false,Uttar Pradesh
209217,Sourcing Allowed,false,Uttar Pradesh
209293,Sourcing Allowed,false,Uttar Pradesh
209301,Sourcing Allowed,false,Uttar Pradesh
209302,Sourcing Allowed,false,Uttar Pradesh
209303,Sourcing Allowed,false,Uttar Pradesh
209304,Sourcing Allowed,false,Uttar Pradesh
209305,Sourcing Allowed,false,Uttar Pradesh
209306,Sourcing Allowed,false,Uttar Pradesh
209307,Sourcing Allowed,false,Uttar Pradesh
209308,Sourcing Allowed,false,Uttar Pradesh
209310,Sourcing Allowed,false,Uttar Pradesh
209311,Sourcing Allowed,false,Uttar Pradesh
209312,Sourcing Allowed,false,Uttar Pradesh
209344,Sourcing Allowed,false,Uttar Pradesh
209401,Sourcing Allowed,false,Uttar Pradesh
209402,Sourcing Allowed,false,Uttar Pradesh
209407,Sourcing Allowed,false,Uttar Pradesh
209501,Sourcing Allowed,false,Uttar Pradesh
209502,Sourcing Allowed,false,Uttar Pradesh
209503,Sourcing Allowed,false,Uttar Pradesh
209504,Sourcing Allowed,false,Uttar Pradesh
209505,Sourcing Allowed,false,Uttar Pradesh
209506,Sourcing Allowed,false,Uttar Pradesh
209601,Sourcing Allowed,false,Uttar Pradesh
209602,Sourcing Allowed,false,Uttar Pradesh
209621,Sourcing Allowed,false,Uttar Pradesh
209622,Sourcing Allowed,false,Uttar Pradesh
209625,Sourcing Allowed,false,Uttar Pradesh
209651,Sourcing Allowed,false,Uttar Pradesh
209652,Sourcing Allowed,false,Uttar Pradesh
209715,Sourcing Allowed,false,Uttar Pradesh
209720,Sourcing Allowed,false,Uttar Pradesh
209721,Sourcing Allowed,false,Uttar Pradesh
209722,Sourcing Allowed,false,Uttar Pradesh
209723,Sourcing Allowed,false,Uttar Pradesh
209724,Sourcing Allowed,false,Uttar Pradesh
209725,Sourcing Allowed,false,Uttar Pradesh
209726,Sourcing Allowed,false,Uttar Pradesh
209727,Sourcing Allowed,false,Uttar Pradesh
209728,Sourcing Allowed,false,Uttar Pradesh
209729,Sourcing Allowed,false,Uttar Pradesh
209731,Sourcing Allowed,false,Uttar Pradesh
209732,Sourcing Allowed,false,Uttar Pradesh
209733,Sourcing Allowed,false,Uttar Pradesh
209734,Sourcing Allowed,false,Uttar Pradesh
209735,Sourcing Allowed,false,Uttar Pradesh
209736,Sourcing Allowed,false,Uttar Pradesh
209738,Sourcing Allowed,false,Uttar Pradesh
209739,Sourcing Allowed,false,Uttar Pradesh
209743,Sourcing Allowed,false,Uttar Pradesh
209745,Sourcing Allowed,false,Uttar Pradesh
209746,Sourcing Allowed,false,Uttar Pradesh
209747,Sourcing Allowed,false,Uttar Pradesh
209748,Sourcing Allowed,false,Uttar Pradesh
209749,Sourcing Allowed,false,Uttar Pradesh
209801,Sourcing Allowed,false,Uttar Pradesh
209821,Sourcing Allowed,false,Uttar Pradesh
209825,Sourcing Allowed,false,Uttar Pradesh
209827,Sourcing Allowed,false,Uttar Pradesh
209831,Sourcing Allowed,false,Uttar Pradesh
209841,Sourcing Allowed,false,Uttar Pradesh
209859,Sourcing Allowed,false,Uttar Pradesh
209860,Sourcing Allowed,false,Uttar Pradesh
209861,Sourcing Allowed,false,Uttar Pradesh
209862,Sourcing Allowed,false,Uttar Pradesh
209863,Sourcing Allowed,false,Uttar Pradesh
209864,Sourcing Allowed,false,Uttar Pradesh
209865,Sourcing Allowed,false,Uttar Pradesh
209866,Sourcing Allowed,false,Uttar Pradesh
209867,Sourcing Allowed,false,Uttar Pradesh
209868,Sourcing Allowed,false,Uttar Pradesh
209869,Sourcing Allowed,false,Uttar Pradesh
209870,Sourcing Allowed,false,Uttar Pradesh
209871,Sourcing Allowed,false,Uttar Pradesh
209881,Sourcing Allowed,false,Uttar Pradesh
210001,Sourcing Allowed,false,Uttar Pradesh
210010,Sourcing Allowed,false,Uttar Pradesh
210120,Sourcing Allowed,false,Uttar Pradesh
210121,Sourcing Allowed,false,Uttar Pradesh
210122,Sourcing Allowed,false,Uttar Pradesh
210123,Sourcing Allowed,false,Uttar Pradesh
210125,Sourcing Allowed,false,Uttar Pradesh
210126,Sourcing Allowed,false,Uttar Pradesh
210128,Sourcing Allowed,false,Uttar Pradesh
210129,Sourcing Allowed,false,Uttar Pradesh
210201,Sourcing Allowed,false,Uttar Pradesh
210202,Sourcing Allowed,false,Uttar Pradesh
210203,Sourcing Allowed,false,Uttar Pradesh
210205,Sourcing Allowed,false,Uttar Pradesh
210206,Sourcing Allowed,false,Uttar Pradesh
210207,Sourcing Allowed,false,Uttar Pradesh
210209,Sourcing Allowed,false,Uttar Pradesh
210301,Sourcing Allowed,false,Uttar Pradesh
210341,Sourcing Allowed,false,Uttar Pradesh
210421,Sourcing Allowed,false,Uttar Pradesh
210422,Sourcing Allowed,false,Uttar Pradesh
210423,Sourcing Allowed,false,Uttar Pradesh
210424,Sourcing Allowed,false,Uttar Pradesh
210425,Sourcing Allowed,false,Uttar Pradesh
210426,Sourcing Allowed,false,Uttar Pradesh
210427,Sourcing Allowed,false,Uttar Pradesh
210428,Sourcing Allowed,false,Uttar Pradesh
210429,Sourcing Allowed,false,Uttar Pradesh
210430,Sourcing Allowed,false,Uttar Pradesh
210431,Sourcing Allowed,false,Uttar Pradesh
210432,Sourcing Allowed,false,Uttar Pradesh
210433,Sourcing Allowed,false,Uttar Pradesh
210501,Sourcing Allowed,false,Uttar Pradesh
210502,Sourcing Allowed,false,Uttar Pradesh
210504,Sourcing Allowed,false,Uttar Pradesh
210505,Sourcing Allowed,false,Uttar Pradesh
210506,Sourcing Allowed,false,Uttar Pradesh
210507,Sourcing Allowed,false,Uttar Pradesh
211001,Sourcing Allowed,false,Uttar Pradesh
211002,Sourcing Allowed,false,Uttar Pradesh
211003,Sourcing Allowed,false,Uttar Pradesh
211004,Sourcing Allowed,false,Uttar Pradesh
211005,Sourcing Allowed,false,Uttar Pradesh
211006,Sourcing Allowed,false,Uttar Pradesh
211007,Sourcing Allowed,false,Uttar Pradesh
211008,Sourcing Allowed,false,Uttar Pradesh
211009,Sourcing Allowed,false,Uttar Pradesh
211010,Sourcing Allowed,false,Uttar Pradesh
211011,Sourcing Allowed,false,Uttar Pradesh
211012,Sourcing Allowed,false,Uttar Pradesh
211013,Sourcing Allowed,false,Uttar Pradesh
211014,Sourcing Allowed,false,Uttar Pradesh
211015,Sourcing Allowed,false,Uttar Pradesh
211016,Sourcing Allowed,false,Uttar Pradesh
211017,Sourcing Allowed,false,Uttar Pradesh
211018,Sourcing Allowed,false,Uttar Pradesh
211019,Sourcing Allowed,false,Uttar Pradesh
211020,Sourcing Allowed,false,Uttar Pradesh
211021,Sourcing Allowed,false,Uttar Pradesh
211022,Sourcing Allowed,false,Uttar Pradesh
211023,Sourcing Allowed,false,Uttar Pradesh
212104,Sourcing Allowed,false,Uttar Pradesh
212105,Sourcing Allowed,false,Uttar Pradesh
212106,Sourcing Allowed,false,Uttar Pradesh
212107,Sourcing Allowed,false,Uttar Pradesh
212108,Sourcing Allowed,false,Uttar Pradesh
212109,Sourcing Allowed,false,Uttar Pradesh
212111,Sourcing Allowed,false,Uttar Pradesh
212201,Sourcing Allowed,false,Uttar Pradesh
212202,Sourcing Allowed,false,Uttar Pradesh
212203,Sourcing Allowed,false,Uttar Pradesh
212204,Sourcing Allowed,false,Uttar Pradesh
212205,Sourcing Allowed,false,Uttar Pradesh
212206,Sourcing Allowed,false,Uttar Pradesh
212207,Sourcing Allowed,false,Uttar Pradesh
212208,Sourcing Allowed,false,Uttar Pradesh
212210,Sourcing Allowed,false,Uttar Pradesh
212212,Sourcing Allowed,false,Uttar Pradesh
212213,Sourcing Allowed,false,Uttar Pradesh
212214,Sourcing Allowed,false,Uttar Pradesh
212216,Sourcing Allowed,false,Uttar Pradesh
212217,Sourcing Allowed,false,Uttar Pradesh
212218,Sourcing Allowed,false,Uttar Pradesh
212301,Sourcing Allowed,false,Uttar Pradesh
212302,Sourcing Allowed,false,Uttar Pradesh
212303,Sourcing Allowed,false,Uttar Pradesh
212305,Sourcing Allowed,false,Uttar Pradesh
212306,Sourcing Allowed,false,Uttar Pradesh
212307,Sourcing Allowed,false,Uttar Pradesh
212308,Sourcing Allowed,false,Uttar Pradesh
212401,Sourcing Allowed,false,Uttar Pradesh
212402,Sourcing Allowed,false,Uttar Pradesh
212404,Sourcing Allowed,false,Uttar Pradesh
212405,Sourcing Allowed,false,Uttar Pradesh
212502,Sourcing Allowed,false,Uttar Pradesh
212503,Sourcing Allowed,false,Uttar Pradesh
212507,Sourcing Allowed,false,Uttar Pradesh
212601,Sourcing Allowed,false,Uttar Pradesh
212620,Sourcing Allowed,false,Uttar Pradesh
212621,Sourcing Allowed,false,Uttar Pradesh
212622,Sourcing Allowed,false,Uttar Pradesh
212623,Sourcing Allowed,false,Uttar Pradesh
212631,Sourcing Allowed,false,Uttar Pradesh
212635,Sourcing Allowed,false,Uttar Pradesh
212641,Sourcing Allowed,false,Uttar Pradesh
212645,Sourcing Allowed,false,Uttar Pradesh
212650,Sourcing Allowed,false,Uttar Pradesh
212651,Sourcing Allowed,false,Uttar Pradesh
212652,Sourcing Allowed,false,Uttar Pradesh
212653,Sourcing Allowed,false,Uttar Pradesh
212654,Sourcing Allowed,false,Uttar Pradesh
212655,Sourcing Allowed,false,Uttar Pradesh
212656,Sourcing Allowed,false,Uttar Pradesh
212657,Sourcing Allowed,false,Uttar Pradesh
212658,Sourcing Allowed,false,Uttar Pradesh
212659,Sourcing Allowed,false,Uttar Pradesh
212660,Sourcing Allowed,false,Uttar Pradesh
212661,Sourcing Allowed,false,Uttar Pradesh
212662,Sourcing Allowed,false,Uttar Pradesh
212663,Sourcing Allowed,false,Uttar Pradesh
212664,Sourcing Allowed,false,Uttar Pradesh
212665,Sourcing Allowed,false,Uttar Pradesh
212666,Sourcing Allowed,false,Uttar Pradesh
215126,Sourcing Allowed,false,Uttar Pradesh
216221,Sourcing Allowed,false,Uttar Pradesh
221001,Sourcing Allowed,false,Uttar Pradesh
221002,Sourcing Allowed,false,Uttar Pradesh
221003,Sourcing Allowed,false,Uttar Pradesh
221004,Sourcing Allowed,false,Uttar Pradesh
221005,Sourcing Allowed,false,Uttar Pradesh
221006,Sourcing Allowed,false,Uttar Pradesh
221007,Sourcing Allowed,false,Uttar Pradesh
221008,Sourcing Allowed,false,Uttar Pradesh
221009,Sourcing Allowed,false,Uttar Pradesh
221010,Sourcing Allowed,false,Uttar Pradesh
221011,Sourcing Allowed,false,Uttar Pradesh
221101,Sourcing Allowed,false,Uttar Pradesh
221102,Sourcing Allowed,false,Uttar Pradesh
221103,Sourcing Allowed,false,Uttar Pradesh
221104,Sourcing Allowed,false,Uttar Pradesh
221105,Sourcing Allowed,false,Uttar Pradesh
221106,Sourcing Allowed,false,Uttar Pradesh
221107,Sourcing Allowed,false,Uttar Pradesh
221108,Sourcing Allowed,false,Uttar Pradesh
221109,Sourcing Allowed,false,Uttar Pradesh
221110,Sourcing Allowed,false,Uttar Pradesh
221111,Sourcing Allowed,false,Uttar Pradesh
221112,Sourcing Allowed,false,Uttar Pradesh
221113,Sourcing Allowed,false,Uttar Pradesh
221115,Sourcing Allowed,false,Uttar Pradesh
221116,Sourcing Allowed,false,Uttar Pradesh
221201,Sourcing Allowed,false,Uttar Pradesh
221202,Sourcing Allowed,false,Uttar Pradesh
221204,Sourcing Allowed,false,Uttar Pradesh
221206,Sourcing Allowed,false,Uttar Pradesh
221207,Sourcing Allowed,false,Uttar Pradesh
221208,Sourcing Allowed,false,Uttar Pradesh
221209,Sourcing Allowed,false,Uttar Pradesh
221210,Sourcing Allowed,false,Uttar Pradesh
221301,Sourcing Allowed,false,Uttar Pradesh
221302,Sourcing Allowed,false,Uttar Pradesh
221303,Sourcing Allowed,false,Uttar Pradesh
221304,Sourcing Allowed,false,Uttar Pradesh
221305,Sourcing Allowed,false,Uttar Pradesh
221306,Sourcing Allowed,false,Uttar Pradesh
221307,Sourcing Allowed,false,Uttar Pradesh
221308,Sourcing Allowed,false,Uttar Pradesh
221309,Sourcing Allowed,false,Uttar Pradesh
221310,Sourcing Allowed,false,Uttar Pradesh
221311,Sourcing Allowed,false,Uttar Pradesh
221313,Sourcing Allowed,false,Uttar Pradesh
221314,Sourcing Allowed,false,Uttar Pradesh
221401,Sourcing Allowed,false,Uttar Pradesh
221402,Sourcing Allowed,false,Uttar Pradesh
221403,Sourcing Allowed,false,Uttar Pradesh
221404,Sourcing Allowed,false,Uttar Pradesh
221405,Sourcing Allowed,false,Uttar Pradesh
221406,Sourcing Allowed,false,Uttar Pradesh
221407,Sourcing Allowed,false,Uttar Pradesh
221409,Sourcing Allowed,false,Uttar Pradesh
221502,Sourcing Allowed,false,Uttar Pradesh
221503,Sourcing Allowed,false,Uttar Pradesh
221505,Sourcing Allowed,false,Uttar Pradesh
221507,Sourcing Allowed,false,Uttar Pradesh
221508,Sourcing Allowed,false,Uttar Pradesh
221601,Sourcing Allowed,false,Uttar Pradesh
221602,Sourcing Allowed,false,Uttar Pradesh
221603,Sourcing Allowed,false,Uttar Pradesh
221701,Sourcing Allowed,false,Uttar Pradesh
221705,Sourcing Allowed,false,Uttar Pradesh
221706,Sourcing Allowed,false,Uttar Pradesh
221709,Sourcing Allowed,false,Uttar Pradesh
221711,Sourcing Allowed,false,Uttar Pradesh
221712,Sourcing Allowed,false,Uttar Pradesh
221713,Sourcing Allowed,false,Uttar Pradesh
221714,Sourcing Allowed,false,Uttar Pradesh
221715,Sourcing Allowed,false,Uttar Pradesh
221716,Sourcing Allowed,false,Uttar Pradesh
221717,Sourcing Allowed,false,Uttar Pradesh
221718,Sourcing Allowed,false,Uttar Pradesh
221719,Sourcing Allowed,false,Uttar Pradesh
221721,Sourcing Allowed,false,Uttar Pradesh
221722,Sourcing Allowed,false,Uttar Pradesh
222001,Sourcing Allowed,false,Uttar Pradesh
222002,Sourcing Allowed,false,Uttar Pradesh
222003,Sourcing Allowed,false,Uttar Pradesh
222101,Sourcing Allowed,false,Uttar Pradesh
222102,Sourcing Allowed,false,Uttar Pradesh
222103,Sourcing Allowed,false,Uttar Pradesh
222105,Sourcing Allowed,false,Uttar Pradesh
222107,Sourcing Allowed,false,Uttar Pradesh
222108,Sourcing Allowed,false,Uttar Pradesh
222109,Sourcing Allowed,false,Uttar Pradesh
222110,Sourcing Allowed,false,Uttar Pradesh
222111,Sourcing Allowed,false,Uttar Pradesh
222112,Sourcing Allowed,false,Uttar Pradesh
222113,Sourcing Allowed,false,Uttar Pradesh
222125,Sourcing Allowed,false,Uttar Pradesh
222126,Sourcing Allowed,false,Uttar Pradesh
222127,Sourcing Allowed,false,Uttar Pradesh
222128,Sourcing Allowed,false,Uttar Pradesh
222129,Sourcing Allowed,false,Uttar Pradesh
222131,Sourcing Allowed,false,Uttar Pradesh
222132,Sourcing Allowed,false,Uttar Pradesh
222133,Sourcing Allowed,false,Uttar Pradesh
222135,Sourcing Allowed,false,Uttar Pradesh
222136,Sourcing Allowed,false,Uttar Pradesh
222137,Sourcing Allowed,false,Uttar Pradesh
222138,Sourcing Allowed,false,Uttar Pradesh
222139,Sourcing Allowed,false,Uttar Pradesh
222141,Sourcing Allowed,false,Uttar Pradesh
222142,Sourcing Allowed,false,Uttar Pradesh
222143,Sourcing Allowed,false,Uttar Pradesh
222144,Sourcing Allowed,false,Uttar Pradesh
222145,Sourcing Allowed,false,Uttar Pradesh
222146,Sourcing Allowed,false,Uttar Pradesh
222148,Sourcing Allowed,false,Uttar Pradesh
222149,Sourcing Allowed,false,Uttar Pradesh
222161,Sourcing Allowed,false,Uttar Pradesh
222162,Sourcing Allowed,false,Uttar Pradesh
222165,Sourcing Allowed,false,Uttar Pradesh
222170,Sourcing Allowed,false,Uttar Pradesh
222175,Sourcing Allowed,false,Uttar Pradesh
222180,Sourcing Allowed,false,Uttar Pradesh
222181,Sourcing Allowed,false,Uttar Pradesh
222201,Sourcing Allowed,false,Uttar Pradesh
222202,Sourcing Allowed,false,Uttar Pradesh
222203,Sourcing Allowed,false,Uttar Pradesh
222204,Sourcing Allowed,false,Uttar Pradesh
222301,Sourcing Allowed,false,Uttar Pradesh
222302,Sourcing Allowed,false,Uttar Pradesh
222303,Sourcing Allowed,false,Uttar Pradesh
223101,Sourcing Allowed,false,Uttar Pradesh
223102,Sourcing Allowed,false,Uttar Pradesh
223103,Sourcing Allowed,false,Uttar Pradesh
223104,Sourcing Allowed,false,Uttar Pradesh
223105,Sourcing Allowed,false,Uttar Pradesh
223106,Sourcing Allowed,false,Uttar Pradesh
223107,Sourcing Allowed,false,Uttar Pradesh
223221,Sourcing Allowed,false,Uttar Pradesh
223222,Sourcing Allowed,false,Uttar Pradesh
223223,Sourcing Allowed,false,Uttar Pradesh
223224,Sourcing Allowed,false,Uttar Pradesh
223225,Sourcing Allowed,false,Uttar Pradesh
223226,Sourcing Allowed,false,Uttar Pradesh
223227,Sourcing Allowed,false,Uttar Pradesh
224001,Sourcing Allowed,false,Uttar Pradesh
224116,Sourcing Allowed,false,Uttar Pradesh
224117,Sourcing Allowed,false,Uttar Pradesh
224118,Sourcing Allowed,false,Uttar Pradesh
224119,Sourcing Allowed,false,Uttar Pradesh
224120,Sourcing Allowed,false,Uttar Pradesh
224121,Sourcing Allowed,false,Uttar Pradesh
224122,Sourcing Allowed,false,Uttar Pradesh
224123,Sourcing Allowed,false,Uttar Pradesh
224125,Sourcing Allowed,false,Uttar Pradesh
224126,Sourcing Allowed,false,Uttar Pradesh
224127,Sourcing Allowed,false,Uttar Pradesh
224129,Sourcing Allowed,false,Uttar Pradesh
224132,Sourcing Allowed,false,Uttar Pradesh
224133,Sourcing Allowed,false,Uttar Pradesh
224135,Sourcing Allowed,false,Uttar Pradesh
224137,Sourcing Allowed,false,Uttar Pradesh
224139,Sourcing Allowed,false,Uttar Pradesh
224141,Sourcing Allowed,false,Uttar Pradesh
224143,Sourcing Allowed,false,Uttar Pradesh
224145,Sourcing Allowed,false,Uttar Pradesh
224146,Sourcing Allowed,false,Uttar Pradesh
224147,Sourcing Allowed,false,Uttar Pradesh
224149,Sourcing Allowed,false,Uttar Pradesh
224151,Sourcing Allowed,false,Uttar Pradesh
224152,Sourcing Allowed,false,Uttar Pradesh
224153,Sourcing Allowed,false,Uttar Pradesh
224155,Sourcing Allowed,false,Uttar Pradesh
224157,Sourcing Allowed,false,Uttar Pradesh
224158,Sourcing Allowed,false,Uttar Pradesh
224159,Sourcing Allowed,false,Uttar Pradesh
224161,Sourcing Allowed,false,Uttar Pradesh
224164,Sourcing Allowed,false,Uttar Pradesh
224166,Sourcing Allowed,false,Uttar Pradesh
224168,Sourcing Allowed,false,Uttar Pradesh
224171,Sourcing Allowed,false,Uttar Pradesh
224172,Sourcing Allowed,false,Uttar Pradesh
224176,Sourcing Allowed,false,Uttar Pradesh
224181,Sourcing Allowed,false,Uttar Pradesh
224182,Sourcing Allowed,false,Uttar Pradesh
224183,Sourcing Allowed,false,Uttar Pradesh
224186,Sourcing Allowed,false,Uttar Pradesh
224188,Sourcing Allowed,false,Uttar Pradesh
224189,Sourcing Allowed,false,Uttar Pradesh
224190,Sourcing Allowed,false,Uttar Pradesh
224195,Sourcing Allowed,false,Uttar Pradesh
224201,Sourcing Allowed,false,Uttar Pradesh
224202,Sourcing Allowed,false,Uttar Pradesh
224203,Sourcing Allowed,false,Uttar Pradesh
224204,Sourcing Allowed,false,Uttar Pradesh
224205,Sourcing Allowed,false,Uttar Pradesh
224206,Sourcing Allowed,false,Uttar Pradesh
224207,Sourcing Allowed,false,Uttar Pradesh
224208,Sourcing Allowed,false,Uttar Pradesh
224209,Sourcing Allowed,false,Uttar Pradesh
224210,Sourcing Allowed,false,Uttar Pradesh
224216,Sourcing Allowed,false,Uttar Pradesh
224225,Sourcing Allowed,false,Uttar Pradesh
224227,Sourcing Allowed,false,Uttar Pradesh
224228,Sourcing Allowed,false,Uttar Pradesh
224229,Sourcing Allowed,false,Uttar Pradesh
224230,Sourcing Allowed,false,Uttar Pradesh
224231,Sourcing Allowed,false,Uttar Pradesh
224232,Sourcing Allowed,false,Uttar Pradesh
224234,Sourcing Allowed,false,Uttar Pradesh
224235,Sourcing Allowed,false,Uttar Pradesh
224238,Sourcing Allowed,false,Uttar Pradesh
224284,Sourcing Allowed,false,Uttar Pradesh
225001,Sourcing Allowed,false,Uttar Pradesh
225002,Sourcing Allowed,false,Uttar Pradesh
225003,Sourcing Allowed,false,Uttar Pradesh
225119,Sourcing Allowed,false,Uttar Pradesh
225120,Sourcing Allowed,false,Uttar Pradesh
225121,Sourcing Allowed,false,Uttar Pradesh
225122,Sourcing Allowed,false,Uttar Pradesh
225123,Sourcing Allowed,false,Uttar Pradesh
225124,Sourcing Allowed,false,Uttar Pradesh
225125,Sourcing Allowed,false,Uttar Pradesh
225126,Sourcing Allowed,false,Uttar Pradesh
225201,Sourcing Allowed,false,Uttar Pradesh
225202,Sourcing Allowed,false,Uttar Pradesh
225203,Sourcing Allowed,false,Uttar Pradesh
225204,Sourcing Allowed,false,Uttar Pradesh
225205,Sourcing Allowed,false,Uttar Pradesh
225206,Sourcing Allowed,false,Uttar Pradesh
225207,Sourcing Allowed,false,Uttar Pradesh
225208,Sourcing Allowed,false,Uttar Pradesh
225301,Sourcing Allowed,false,Uttar Pradesh
225302,Sourcing Allowed,false,Uttar Pradesh
225303,Sourcing Allowed,false,Uttar Pradesh
225304,Sourcing Allowed,false,Uttar Pradesh
225305,Sourcing Allowed,false,Uttar Pradesh
225306,Sourcing Allowed,false,Uttar Pradesh
225401,Sourcing Allowed,false,Uttar Pradesh
225402,Sourcing Allowed,false,Uttar Pradesh
225403,Sourcing Allowed,false,Uttar Pradesh
225404,Sourcing Allowed,false,Uttar Pradesh
225405,Sourcing Allowed,false,Uttar Pradesh
225406,Sourcing Allowed,false,Uttar Pradesh
225407,Sourcing Allowed,false,Uttar Pradesh
225408,Sourcing Allowed,false,Uttar Pradesh
225409,Sourcing Allowed,false,Uttar Pradesh
225411,Sourcing Allowed,false,Uttar Pradesh
225412,Sourcing Allowed,false,Uttar Pradesh
225413,Sourcing Allowed,false,Uttar Pradesh
225414,Sourcing Allowed,false,Uttar Pradesh
225415,Sourcing Allowed,false,Uttar Pradesh
225416,Sourcing Allowed,false,Uttar Pradesh
226001,Sourcing Allowed,false,Uttar Pradesh
226002,Sourcing Allowed,false,Uttar Pradesh
226003,Sourcing Allowed,false,Uttar Pradesh
226004,Sourcing Allowed,false,Uttar Pradesh
226005,Sourcing Allowed,false,Uttar Pradesh
226006,Sourcing Allowed,false,Uttar Pradesh
226007,Sourcing Allowed,false,Uttar Pradesh
226008,Sourcing Allowed,false,Uttar Pradesh
226009,Sourcing Allowed,false,Uttar Pradesh
226010,Sourcing Allowed,false,Uttar Pradesh
226011,Sourcing Allowed,false,Uttar Pradesh
226012,Sourcing Allowed,false,Uttar Pradesh
226013,Sourcing Allowed,false,Uttar Pradesh
226014,Sourcing Allowed,false,Uttar Pradesh
226015,Sourcing Allowed,false,Uttar Pradesh
226016,Sourcing Allowed,false,Uttar Pradesh
226017,Sourcing Allowed,false,Uttar Pradesh
226018,Sourcing Allowed,false,Uttar Pradesh
226019,Sourcing Allowed,false,Uttar Pradesh
226020,Sourcing Allowed,false,Uttar Pradesh
226021,Sourcing Allowed,false,Uttar Pradesh
226022,Sourcing Allowed,false,Uttar Pradesh
226023,Sourcing Allowed,false,Uttar Pradesh
226024,Sourcing Allowed,false,Uttar Pradesh
226025,Sourcing Allowed,false,Uttar Pradesh
226026,Sourcing Allowed,false,Uttar Pradesh
226027,Sourcing Allowed,false,Uttar Pradesh
226028,Sourcing Allowed,false,Uttar Pradesh
226029,Sourcing Allowed,false,Uttar Pradesh
226030,Sourcing Allowed,false,Uttar Pradesh
226031,Sourcing Allowed,false,Uttar Pradesh
226101,Sourcing Allowed,false,Uttar Pradesh
226102,Sourcing Allowed,false,Uttar Pradesh
226103,Sourcing Allowed,false,Uttar Pradesh
226104,Sourcing Allowed,false,Uttar Pradesh
226106,Sourcing Allowed,false,Uttar Pradesh
226201,Sourcing Allowed,false,Uttar Pradesh
226202,Sourcing Allowed,false,Uttar Pradesh
226203,Sourcing Allowed,false,Uttar Pradesh
226301,Sourcing Allowed,false,Uttar Pradesh
226302,Sourcing Allowed,false,Uttar Pradesh
226303,Sourcing Allowed,false,Uttar Pradesh
226401,Sourcing Allowed,false,Uttar Pradesh
226501,Sourcing Allowed,false,Uttar Pradesh
227005,Sourcing Allowed,false,Uttar Pradesh
227101,Sourcing Allowed,false,Uttar Pradesh
227105,Sourcing Allowed,false,Uttar Pradesh
227106,Sourcing Allowed,false,Uttar Pradesh
227107,Sourcing Allowed,false,Uttar Pradesh
227111,Sourcing Allowed,false,Uttar Pradesh
227115,Sourcing Allowed,false,Uttar Pradesh
227116,Sourcing Allowed,false,Uttar Pradesh
227125,Sourcing Allowed,false,Uttar Pradesh
227131,Sourcing Allowed,false,Uttar Pradesh
227132,Sourcing Allowed,false,Uttar Pradesh
227202,Sourcing Allowed,false,Uttar Pradesh
227205,Sourcing Allowed,false,Uttar Pradesh
227207,Sourcing Allowed,false,Uttar Pradesh
227208,Sourcing Allowed,false,Uttar Pradesh
227301,Sourcing Allowed,false,Uttar Pradesh
227302,Sourcing Allowed,false,Uttar Pradesh
227304,Sourcing Allowed,false,Uttar Pradesh
227305,Sourcing Allowed,false,Uttar Pradesh
227308,Sourcing Allowed,false,Uttar Pradesh
227309,Sourcing Allowed,false,Uttar Pradesh
227405,Sourcing Allowed,false,Uttar Pradesh
227406,Sourcing Allowed,false,Uttar Pradesh
227407,Sourcing Allowed,false,Uttar Pradesh
227408,Sourcing Allowed,false,Uttar Pradesh
227409,Sourcing Allowed,false,Uttar Pradesh
227411,Sourcing Allowed,false,Uttar Pradesh
227412,Sourcing Allowed,false,Uttar Pradesh
227413,Sourcing Allowed,false,Uttar Pradesh
227801,Sourcing Allowed,false,Uttar Pradesh
227805,Sourcing Allowed,false,Uttar Pradesh
227806,Sourcing Allowed,false,Uttar Pradesh
227807,Sourcing Allowed,false,Uttar Pradesh
227808,Sourcing Allowed,false,Uttar Pradesh
227809,Sourcing Allowed,false,Uttar Pradesh
227811,Sourcing Allowed,false,Uttar Pradesh
227812,Sourcing Allowed,false,Uttar Pradesh
227813,Sourcing Allowed,false,Uttar Pradesh
227814,Sourcing Allowed,false,Uttar Pradesh
227815,Sourcing Allowed,false,Uttar Pradesh
227816,Sourcing Allowed,false,Uttar Pradesh
227817,Sourcing Allowed,false,Uttar Pradesh
228001,Sourcing Allowed,false,Uttar Pradesh
228118,Sourcing Allowed,false,Uttar Pradesh
228119,Sourcing Allowed,false,Uttar Pradesh
228120,Sourcing Allowed,false,Uttar Pradesh
228121,Sourcing Allowed,false,Uttar Pradesh
228125,Sourcing Allowed,false,Uttar Pradesh
228131,Sourcing Allowed,false,Uttar Pradesh
228132,Sourcing Allowed,false,Uttar Pradesh
228133,Sourcing Allowed,false,Uttar Pradesh
228141,Sourcing Allowed,false,Uttar Pradesh
228142,Sourcing Allowed,false,Uttar Pradesh
228145,Sourcing Allowed,false,Uttar Pradesh
228151,Sourcing Allowed,false,Uttar Pradesh
228155,Sourcing Allowed,false,Uttar Pradesh
228159,Sourcing Allowed,false,Uttar Pradesh
228161,Sourcing Allowed,false,Uttar Pradesh
228171,Sourcing Allowed,false,Uttar Pradesh
228172,Sourcing Allowed,false,Uttar Pradesh
228178,Sourcing Allowed,false,Uttar Pradesh
228411,Sourcing Allowed,false,Uttar Pradesh
229001,Sourcing Allowed,false,Uttar Pradesh
229010,Sourcing Allowed,false,Uttar Pradesh
229103,Sourcing Allowed,false,Uttar Pradesh
229120,Sourcing Allowed,false,Uttar Pradesh
229121,Sourcing Allowed,false,Uttar Pradesh
229122,Sourcing Allowed,false,Uttar Pradesh
229123,Sourcing Allowed,false,Uttar Pradesh
229124,Sourcing Allowed,false,Uttar Pradesh
229125,Sourcing Allowed,false,Uttar Pradesh
229126,Sourcing Allowed,false,Uttar Pradesh
229127,Sourcing Allowed,false,Uttar Pradesh
229128,Sourcing Allowed,false,Uttar Pradesh
229129,Sourcing Allowed,false,Uttar Pradesh
229130,Sourcing Allowed,false,Uttar Pradesh
229135,Sourcing Allowed,false,Uttar Pradesh
229201,Sourcing Allowed,false,Uttar Pradesh
229202,Sourcing Allowed,false,Uttar Pradesh
229203,Sourcing Allowed,false,Uttar Pradesh
229204,Sourcing Allowed,false,Uttar Pradesh
229205,Sourcing Allowed,false,Uttar Pradesh
229206,Sourcing Allowed,false,Uttar Pradesh
229207,Sourcing Allowed,false,Uttar Pradesh
229208,Sourcing Allowed,false,Uttar Pradesh
229209,Sourcing Allowed,false,Uttar Pradesh
229210,Sourcing Allowed,false,Uttar Pradesh
229211,Sourcing Allowed,false,Uttar Pradesh
229212,Sourcing Allowed,false,Uttar Pradesh
229215,Sourcing Allowed,false,Uttar Pradesh
229216,Sourcing Allowed,false,Uttar Pradesh
229301,Sourcing Allowed,false,Uttar Pradesh
229302,Sourcing Allowed,false,Uttar Pradesh
229303,Sourcing Allowed,false,Uttar Pradesh
229304,Sourcing Allowed,false,Uttar Pradesh
229305,Sourcing Allowed,false,Uttar Pradesh
229306,Sourcing Allowed,false,Uttar Pradesh
229307,Sourcing Allowed,false,Uttar Pradesh
229308,Sourcing Allowed,false,Uttar Pradesh
229309,Sourcing Allowed,false,Uttar Pradesh
229310,Sourcing Allowed,false,Uttar Pradesh
229311,Sourcing Allowed,false,Uttar Pradesh
229315,Sourcing Allowed,false,Uttar Pradesh
229316,Sourcing Allowed,false,Uttar Pradesh
229401,Sourcing Allowed,false,Uttar Pradesh
229402,Sourcing Allowed,false,Uttar Pradesh
229403,Sourcing Allowed,false,Uttar Pradesh
229404,Sourcing Allowed,false,Uttar Pradesh
229405,Sourcing Allowed,false,Uttar Pradesh
229406,Sourcing Allowed,false,Uttar Pradesh
229408,Sourcing Allowed,false,Uttar Pradesh
229410,Sourcing Allowed,false,Uttar Pradesh
229411,Sourcing Allowed,false,Uttar Pradesh
229412,Sourcing Allowed,false,Uttar Pradesh
229413,Sourcing Allowed,false,Uttar Pradesh
229415,Sourcing Allowed,false,Uttar Pradesh
229416,Sourcing Allowed,false,Uttar Pradesh
229417,Sourcing Allowed,false,Uttar Pradesh
229418,Sourcing Allowed,false,Uttar Pradesh
229419,Sourcing Allowed,false,Uttar Pradesh
229501,Sourcing Allowed,false,Uttar Pradesh
229502,Sourcing Allowed,false,Uttar Pradesh
229503,Sourcing Allowed,false,Uttar Pradesh
229504,Sourcing Allowed,false,Uttar Pradesh
229801,Sourcing Allowed,false,Uttar Pradesh
229802,Sourcing Allowed,false,Uttar Pradesh
229841,Sourcing Allowed,false,Uttar Pradesh
229881,Sourcing Allowed,false,Uttar Pradesh
230001,Sourcing Allowed,false,Uttar Pradesh
230002,Sourcing Allowed,false,Uttar Pradesh
230121,Sourcing Allowed,false,Uttar Pradesh
230122,Sourcing Allowed,false,Uttar Pradesh
230123,Sourcing Allowed,false,Uttar Pradesh
230124,Sourcing Allowed,false,Uttar Pradesh
230125,Sourcing Allowed,false,Uttar Pradesh
230126,Sourcing Allowed,false,Uttar Pradesh
230127,Sourcing Allowed,false,Uttar Pradesh
230128,Sourcing Allowed,false,Uttar Pradesh
230129,Sourcing Allowed,false,Uttar Pradesh
230130,Sourcing Allowed,false,Uttar Pradesh
230131,Sourcing Allowed,false,Uttar Pradesh
230132,Sourcing Allowed,false,Uttar Pradesh
230133,Sourcing Allowed,false,Uttar Pradesh
230134,Sourcing Allowed,false,Uttar Pradesh
230135,Sourcing Allowed,false,Uttar Pradesh
230136,Sourcing Allowed,false,Uttar Pradesh
230137,Sourcing Allowed,false,Uttar Pradesh
230138,Sourcing Allowed,false,Uttar Pradesh
230139,Sourcing Allowed,false,Uttar Pradesh
230140,Sourcing Allowed,false,Uttar Pradesh
230141,Sourcing Allowed,false,Uttar Pradesh
230142,Sourcing Allowed,false,Uttar Pradesh
230143,Sourcing Allowed,false,Uttar Pradesh
230144,Sourcing Allowed,false,Uttar Pradesh
230145,Sourcing Allowed,false,Uttar Pradesh
230146,Sourcing Allowed,false,Uttar Pradesh
230201,Sourcing Allowed,false,Uttar Pradesh
230202,Sourcing Allowed,false,Uttar Pradesh
230204,Sourcing Allowed,false,Uttar Pradesh
230301,Sourcing Allowed,false,Uttar Pradesh
230302,Sourcing Allowed,false,Uttar Pradesh
230304,Sourcing Allowed,false,Uttar Pradesh
230305,Sourcing Allowed,false,Uttar Pradesh
230306,Sourcing Allowed,false,Uttar Pradesh
230401,Sourcing Allowed,false,Uttar Pradesh
230402,Sourcing Allowed,false,Uttar Pradesh
230403,Sourcing Allowed,false,Uttar Pradesh
230404,Sourcing Allowed,false,Uttar Pradesh
230405,Sourcing Allowed,false,Uttar Pradesh
230406,Sourcing Allowed,false,Uttar Pradesh
230501,Sourcing Allowed,false,Uttar Pradesh
230502,Sourcing Allowed,false,Uttar Pradesh
230503,Sourcing Allowed,false,Uttar Pradesh
231001,Sourcing Allowed,false,Uttar Pradesh
231216,Sourcing Allowed,false,Uttar Pradesh
231224,Sourcing Allowed,false,Uttar Pradesh
231226,Sourcing Allowed,false,Uttar Pradesh
232101,Sourcing Allowed,false,Uttar Pradesh
232102,Sourcing Allowed,false,Uttar Pradesh
232103,Sourcing Allowed,false,Uttar Pradesh
232105,Sourcing Allowed,false,Uttar Pradesh
232106,Sourcing Allowed,false,Uttar Pradesh
232107,Sourcing Allowed,false,Uttar Pradesh
232108,Sourcing Allowed,false,Uttar Pradesh
232109,Sourcing Allowed,false,Uttar Pradesh
232110,Sourcing Allowed,false,Uttar Pradesh
232111,Sourcing Allowed,false,Uttar Pradesh
232114,Sourcing Allowed,false,Uttar Pradesh
232115,Sourcing Allowed,false,Uttar Pradesh
232116,Sourcing Allowed,false,Uttar Pradesh
232118,Sourcing Allowed,false,Uttar Pradesh
232119,Sourcing Allowed,false,Uttar Pradesh
232120,Sourcing Allowed,false,Uttar Pradesh
232325,Sourcing Allowed,false,Uttar Pradesh
232326,Sourcing Allowed,false,Uttar Pradesh
232327,Sourcing Allowed,false,Uttar Pradesh
232328,Sourcing Allowed,false,Uttar Pradesh
232329,Sourcing Allowed,false,Uttar Pradesh
232330,Sourcing Allowed,false,Uttar Pradesh
232331,Sourcing Allowed,false,Uttar Pradesh
232332,Sourcing Allowed,false,Uttar Pradesh
232333,Sourcing Allowed,false,Uttar Pradesh
232336,Sourcing Allowed,false,Uttar Pradesh
232338,Sourcing Allowed,false,Uttar Pradesh
232339,Sourcing Allowed,false,Uttar Pradesh
232340,Sourcing Allowed,false,Uttar Pradesh
232341,Sourcing Allowed,false,Uttar Pradesh
233001,Sourcing Allowed,false,Uttar Pradesh
233002,Sourcing Allowed,false,Uttar Pradesh
233221,Sourcing Allowed,false,Uttar Pradesh
233222,Sourcing Allowed,false,Uttar Pradesh
233223,Sourcing Allowed,false,Uttar Pradesh
233224,Sourcing Allowed,false,Uttar Pradesh
233225,Sourcing Allowed,false,Uttar Pradesh
233226,Sourcing Allowed,false,Uttar Pradesh
233227,Sourcing Allowed,false,Uttar Pradesh
233228,Sourcing Allowed,false,Uttar Pradesh
233229,Sourcing Allowed,false,Uttar Pradesh
233230,Sourcing Allowed,false,Uttar Pradesh
233231,Sourcing Allowed,false,Uttar Pradesh
233232,Sourcing Allowed,false,Uttar Pradesh
233233,Sourcing Allowed,false,Uttar Pradesh
233234,Sourcing Allowed,false,Uttar Pradesh
233235,Sourcing Allowed,false,Uttar Pradesh
233236,Sourcing Allowed,false,Uttar Pradesh
233300,Sourcing Allowed,false,Uttar Pradesh
233301,Sourcing Allowed,false,Uttar Pradesh
233302,Sourcing Allowed,false,Uttar Pradesh
233303,Sourcing Allowed,false,Uttar Pradesh
233304,Sourcing Allowed,false,Uttar Pradesh
233305,Sourcing Allowed,false,Uttar Pradesh
233306,Sourcing Allowed,false,Uttar Pradesh
233307,Sourcing Allowed,false,Uttar Pradesh
233310,Sourcing Allowed,false,Uttar Pradesh
233311,Sourcing Allowed,false,Uttar Pradesh
241001,Sourcing Allowed,false,Uttar Pradesh
241121,Sourcing Allowed,false,Uttar Pradesh
241122,Sourcing Allowed,false,Uttar Pradesh
241123,Sourcing Allowed,false,Uttar Pradesh
241124,Sourcing Allowed,false,Uttar Pradesh
241125,Sourcing Allowed,false,Uttar Pradesh
241126,Sourcing Allowed,false,Uttar Pradesh
241127,Sourcing Allowed,false,Uttar Pradesh
241201,Sourcing Allowed,false,Uttar Pradesh
241202,Sourcing Allowed,false,Uttar Pradesh
241203,Sourcing Allowed,false,Uttar Pradesh
241204,Sourcing Allowed,false,Uttar Pradesh
241301,Sourcing Allowed,false,Uttar Pradesh
241302,Sourcing Allowed,false,Uttar Pradesh
241303,Sourcing Allowed,false,Uttar Pradesh
241304,Sourcing Allowed,false,Uttar Pradesh
241305,Sourcing Allowed,false,Uttar Pradesh
241401,Sourcing Allowed,false,Uttar Pradesh
241402,Sourcing Allowed,false,Uttar Pradesh
241403,Sourcing Allowed,false,Uttar Pradesh
241404,Sourcing Allowed,false,Uttar Pradesh
241405,Sourcing Allowed,false,Uttar Pradesh
241406,Sourcing Allowed,false,Uttar Pradesh
241407,Sourcing Allowed,false,Uttar Pradesh
241501,Sourcing Allowed,false,Uttar Pradesh
241502,Sourcing Allowed,false,Uttar Pradesh
241503,Sourcing Allowed,false,Uttar Pradesh
241504,Sourcing Allowed,false,Uttar Pradesh
242001,Sourcing Allowed,false,Uttar Pradesh
242021,Sourcing Allowed,false,Uttar Pradesh
242042,Sourcing Allowed,false,Uttar Pradesh
242123,Sourcing Allowed,false,Uttar Pradesh
242127,Sourcing Allowed,false,Uttar Pradesh
242220,Sourcing Allowed,false,Uttar Pradesh
242221,Sourcing Allowed,false,Uttar Pradesh
242223,Sourcing Allowed,false,Uttar Pradesh
242226,Sourcing Allowed,false,Uttar Pradesh
242301,Sourcing Allowed,false,Uttar Pradesh
242303,Sourcing Allowed,false,Uttar Pradesh
242305,Sourcing Allowed,false,Uttar Pradesh
242306,Sourcing Allowed,false,Uttar Pradesh
242307,Sourcing Allowed,false,Uttar Pradesh
242401,Sourcing Allowed,false,Uttar Pradesh
242405,Sourcing Allowed,false,Uttar Pradesh
242406,Sourcing Allowed,false,Uttar Pradesh
242407,Sourcing Allowed,false,Uttar Pradesh
243002,Sourcing Allowed,false,Uttar Pradesh
243003,Sourcing Allowed,false,Uttar Pradesh
243004,Sourcing Allowed,false,Uttar Pradesh
243005,Sourcing Allowed,false,Uttar Pradesh
243122,Sourcing Allowed,false,Uttar Pradesh
243123,Sourcing Allowed,false,Uttar Pradesh
243126,Sourcing Allowed,false,Uttar Pradesh
243203,Sourcing Allowed,false,Uttar Pradesh
243215,Sourcing Allowed,false,Uttar Pradesh
243302,Sourcing Allowed,false,Uttar Pradesh
243303,Sourcing Allowed,false,Uttar Pradesh
243304,Sourcing Allowed,false,Uttar Pradesh
243401,Sourcing Allowed,false,Uttar Pradesh
243402,Sourcing Allowed,false,Uttar Pradesh
243403,Sourcing Allowed,false,Uttar Pradesh
243406,Sourcing Allowed,false,Uttar Pradesh
243407,Sourcing Allowed,false,Uttar Pradesh
243501,Sourcing Allowed,false,Uttar Pradesh
243502,Sourcing Allowed,false,Uttar Pradesh
243503,Sourcing Allowed,false,Uttar Pradesh
243504,Sourcing Allowed,false,Uttar Pradesh
243505,Sourcing Allowed,false,Uttar Pradesh
243506,Sourcing Allowed,false,Uttar Pradesh
243601,Sourcing Allowed,false,Uttar Pradesh
243621,Sourcing Allowed,false,Uttar Pradesh
243630,Sourcing Allowed,false,Uttar Pradesh
243631,Sourcing Allowed,false,Uttar Pradesh
243632,Sourcing Allowed,false,Uttar Pradesh
243633,Sourcing Allowed,false,Uttar Pradesh
243634,Sourcing Allowed,false,Uttar Pradesh
243635,Sourcing Allowed,false,Uttar Pradesh
243636,Sourcing Allowed,false,Uttar Pradesh
243637,Sourcing Allowed,false,Uttar Pradesh
243638,Sourcing Allowed,false,Uttar Pradesh
243639,Sourcing Allowed,false,Uttar Pradesh
243640,Sourcing Allowed,false,Uttar Pradesh
243641,Sourcing Allowed,false,Uttar Pradesh
243701,Sourcing Allowed,false,Uttar Pradesh
243702,Sourcing Allowed,false,Uttar Pradesh
243720,Sourcing Allowed,false,Uttar Pradesh
243722,Sourcing Allowed,false,Uttar Pradesh
243723,Sourcing Allowed,false,Uttar Pradesh
243724,Sourcing Allowed,false,Uttar Pradesh
243725,Sourcing Allowed,false,Uttar Pradesh
243726,Sourcing Allowed,false,Uttar Pradesh
243727,Sourcing Allowed,false,Uttar Pradesh
243751,Sourcing Allowed,false,Uttar Pradesh
244001,Sourcing Allowed,false,Uttar Pradesh
244102,Sourcing Allowed,false,Uttar Pradesh
244103,Sourcing Allowed,false,Uttar Pradesh
244104,Sourcing Allowed,false,Uttar Pradesh
244105,Sourcing Allowed,false,Uttar Pradesh
244221,Sourcing Allowed,false,Uttar Pradesh
244222,Sourcing Allowed,false,Uttar Pradesh
244223,Sourcing Allowed,false,Uttar Pradesh
244224,Sourcing Allowed,false,Uttar Pradesh
244225,Sourcing Allowed,false,Uttar Pradesh
244226,Sourcing Allowed,false,Uttar Pradesh
244227,Sourcing Allowed,false,Uttar Pradesh
244231,Sourcing Allowed,false,Uttar Pradesh
244235,Sourcing Allowed,false,Uttar Pradesh
244236,Sourcing Allowed,false,Uttar Pradesh
244241,Sourcing Allowed,false,Uttar Pradesh
244242,Sourcing Allowed,false,Uttar Pradesh
244245,Sourcing Allowed,false,Uttar Pradesh
244251,Sourcing Allowed,false,Uttar Pradesh
244255,Sourcing Allowed,false,Uttar Pradesh
244301,Sourcing Allowed,false,Uttar Pradesh
244302,Sourcing Allowed,false,Uttar Pradesh
244303,Sourcing Allowed,false,Uttar Pradesh
244304,Sourcing Allowed,false,Uttar Pradesh
244401,Sourcing Allowed,false,Uttar Pradesh
244402,Sourcing Allowed,false,Uttar Pradesh
244411,Sourcing Allowed,false,Uttar Pradesh
244412,Sourcing Allowed,false,Uttar Pradesh
244413,Sourcing Allowed,false,Uttar Pradesh
244415,Sourcing Allowed,false,Uttar Pradesh
244501,Sourcing Allowed,false,Uttar Pradesh
244504,Sourcing Allowed,false,Uttar Pradesh
244601,Sourcing Allowed,false,Uttar Pradesh
244602,Sourcing Allowed,false,Uttar Pradesh
244701,Sourcing Allowed,false,Uttar Pradesh
244711,Sourcing Allowed,false,Uttarakhand
244712,Sourcing Allowed,false,Uttarakhand
244713,Sourcing Allowed,false,Uttarakhand
244714,Sourcing Allowed,false,Uttarakhand
244715,Sourcing Allowed,false,Uttarakhand
244716,Sourcing Allowed,false,Uttarakhand
244717,Sourcing Allowed,false,Uttarakhand
244718,Sourcing Allowed,false,Uttarakhand
244719,Sourcing Allowed,false,Uttarakhand
244720,Sourcing Allowed,false,Uttarakhand
244901,Sourcing Allowed,false,Uttar Pradesh
244902,Sourcing Allowed,false,Uttar Pradesh
244921,Sourcing Allowed,false,Uttar Pradesh
244922,Sourcing Allowed,false,Uttar Pradesh
244923,Sourcing Allowed,false,Uttar Pradesh
244924,Sourcing Allowed,false,Uttar Pradesh
244925,Sourcing Allowed,false,Uttar Pradesh
244926,Sourcing Allowed,false,Uttar Pradesh
244927,Sourcing Allowed,false,Uttar Pradesh
244928,Sourcing Allowed,false,Uttar Pradesh
245101,Sourcing Allowed - Prime,true,Uttar Pradesh
245102,Sourcing Allowed - Prime,true,Uttar Pradesh
245201,Sourcing Allowed - Prime,true,Uttar Pradesh
245205,Sourcing Allowed - Prime,true,Uttar Pradesh
245206,Sourcing Allowed,false,Uttar Pradesh
245207,Sourcing Allowed - Prime,true,Uttar Pradesh
245208,Sourcing Allowed - Prime,true,Uttar Pradesh
245301,Sourcing Allowed - Prime,true,Uttar Pradesh
245304,Sourcing Allowed - Prime,true,Uttar Pradesh
245401,Sourcing Allowed,false,Uttar Pradesh
245402,Sourcing Allowed,false,Uttar Pradesh
245403,Sourcing Allowed,false,Uttar Pradesh
245405,Sourcing Allowed,false,Uttar Pradesh
245407,Sourcing Allowed,false,Uttar Pradesh
245408,Sourcing Allowed,false,Uttar Pradesh
245409,Sourcing Allowed,false,Uttar Pradesh
245411,Sourcing Allowed,false,Uttar Pradesh
245412,Sourcing Allowed,false,Uttar Pradesh
246125,Sourcing Allowed,false,Uttar Pradesh
246130,Sourcing Allowed,false,Uttar Pradesh
246141,Sourcing Allowed,false,Uttarakhand
246147,Sourcing Allowed,false,Uttar Pradesh
246148,Sourcing Allowed,false,Uttar Pradesh
246159,Sourcing Allowed,false,Uttar Pradesh
246163,Sourcing Allowed,false,Uttar Pradesh
246176,Sourcing Allowed,false,Uttar Pradesh
246177,Sourcing Allowed,false,Uttar Pradesh
246185,Sourcing Allowed,false,Uttarakhand
246285,Sourcing Allowed,false,Uttar Pradesh
246401,Sourcing Allowed,false,Uttarakhand
246419,Sourcing Allowed,false,Uttarakhand
246421,Sourcing Allowed,false,Uttarakhand
246422,Sourcing Allowed,false,Uttarakhand
246423,Sourcing Allowed,false,Uttarakhand
246424,Sourcing Allowed,false,Uttarakhand
246425,Sourcing Allowed,false,Uttarakhand
246426,Sourcing Allowed,false,Uttarakhand
246427,Sourcing Allowed,false,Uttarakhand
246428,Sourcing Allowed,false,Uttarakhand
246429,Sourcing Allowed,false,Uttarakhand
246431,Sourcing Allowed,false,Uttarakhand
246435,Sourcing Allowed,false,Uttarakhand
246437,Sourcing Allowed,false,Uttarakhand
246438,Sourcing Allowed,false,Uttarakhand
246439,Sourcing Allowed,false,Uttarakhand
246440,Sourcing Allowed,false,Uttarakhand
246441,Sourcing Allowed,false,Uttarakhand
246442,Sourcing Allowed,false,Uttarakhand
246443,Sourcing Allowed,false,Uttarakhand
246444,Sourcing Allowed,false,Uttarakhand
246445,Sourcing Allowed,false,Uttarakhand
246446,Sourcing Allowed,false,Uttarakhand
246447,Sourcing Allowed,false,Uttarakhand
246448,Sourcing Allowed,false,Uttarakhand
246449,Sourcing Allowed,false,Uttarakhand
246450,Sourcing Allowed,false,Uttarakhand
246451,Sourcing Allowed,false,Uttarakhand
246452,Sourcing Allowed,false,Uttarakhand
246453,Sourcing Allowed,false,Uttarakhand
246454,Sourcing Allowed,false,Uttarakhand
246455,Sourcing Allowed,false,Uttarakhand
246456,Sourcing Allowed,false,Uttarakhand
246458,Sourcing Allowed,false,Uttarakhand
246469,Sourcing Allowed,false,Uttarakhand
246471,Sourcing Allowed,false,Uttarakhand
246472,Sourcing Allowed,false,Uttarakhand
246473,Sourcing Allowed,false,Uttarakhand
246474,Sourcing Allowed,false,Uttarakhand
246475,Sourcing Allowed,false,Uttarakhand
246476,Sourcing Allowed,false,Uttarakhand
246481,Sourcing Allowed,false,Uttarakhand
246482,Sourcing Allowed,false,Uttarakhand
246483,Sourcing Allowed,false,Uttarakhand
246486,Sourcing Allowed,false,Uttarakhand
246487,Sourcing Allowed,false,Uttarakhand
246488,Sourcing Allowed,false,Uttarakhand
246489,Sourcing Allowed,false,Uttarakhand
246495,Sourcing Allowed,false,Uttarakhand
246701,Sourcing Allowed,false,Uttar Pradesh
246721,Sourcing Allowed,false,Uttar Pradesh
246722,Sourcing Allowed,false,Uttar Pradesh
246725,Sourcing Allowed,false,Uttar Pradesh
246726,Sourcing Allowed,false,Uttar Pradesh
246731,Sourcing Allowed,false,Uttar Pradesh
246732,Sourcing Allowed,false,Uttar Pradesh
246733,Sourcing Allowed,false,Uttar Pradesh
246734,Sourcing Allowed,false,Uttar Pradesh
246735,Sourcing Allowed,false,Uttar Pradesh
246745,Sourcing Allowed,false,Uttar Pradesh
246746,Sourcing Allowed,false,Uttar Pradesh
246749,Sourcing Allowed,false,Uttar Pradesh
246761,Sourcing Allowed,false,Uttar Pradesh
246762,Sourcing Allowed,false,Uttar Pradesh
246765,Sourcing Allowed,false,Uttar Pradesh
247001,Sourcing Allowed,false,Uttar Pradesh
247002,Sourcing Allowed,false,Uttar Pradesh
247120,Sourcing Allowed,false,Uttar Pradesh
247121,Sourcing Allowed,false,Uttar Pradesh
247122,Sourcing Allowed,false,Uttar Pradesh
247129,Sourcing Allowed,false,Uttar Pradesh
247231,Sourcing Allowed,false,Uttar Pradesh
247232,Sourcing Allowed,false,Uttar Pradesh
247340,Sourcing Allowed,false,Uttar Pradesh
247341,Sourcing Allowed,false,Uttar Pradesh
247342,Sourcing Allowed,false,Uttar Pradesh
247343,Sourcing Allowed,false,Uttar Pradesh
247452,Sourcing Allowed,false,Uttar Pradesh
247453,Sourcing Allowed,false,Uttar Pradesh
247551,Sourcing Allowed,false,Uttar Pradesh
247554,Sourcing Allowed,false,Uttar Pradesh
247656,Sourcing Allowed,false,Uttarakhand
247661,Sourcing Allowed,false,Uttarakhand
247662,Sourcing Allowed,false,Uttarakhand
247663,Sourcing Allowed,false,Uttarakhand
247664,Sourcing Allowed,false,Uttarakhand
247665,Sourcing Allowed,false,Uttarakhand
247666,Sourcing Allowed,false,Uttarakhand
247667,Sourcing Allowed,false,Uttarakhand
247668,Sourcing Allowed,false,Uttarakhand
247669,Sourcing Allowed,false,Uttar Pradesh
247670,Sourcing Allowed,false,Uttarakhand
247671,Sourcing Allowed,false,Uttarakhand
247769,Sourcing Allowed,false,Uttar Pradesh
247771,Sourcing Allowed,false,Uttar Pradesh
247772,Sourcing Allowed,false,Uttar Pradesh
247773,Sourcing Allowed,false,Uttar Pradesh
247774,Sourcing Allowed,false,Uttar Pradesh
247775,Sourcing Allowed,false,Uttar Pradesh
247776,Sourcing Allowed,false,Uttar Pradesh
247777,Sourcing Allowed,false,Uttar Pradesh
247778,Sourcing Allowed,false,Uttar Pradesh
248001,Sourcing Allowed,false,Uttarakhand
248002,Sourcing Allowed,false,Uttarakhand
248003,Sourcing Allowed,false,Uttarakhand
248005,Sourcing Allowed,false,Uttarakhand
248006,Sourcing Allowed,false,Uttarakhand
248007,Sourcing Allowed,false,Uttarakhand
248008,Sourcing Allowed,false,Uttarakhand
248009,Sourcing Allowed,false,Uttarakhand
248010,Sourcing Allowed,false,Uttarakhand
248011,Sourcing Allowed,false,Uttarakhand
248012,Sourcing Allowed,false,Uttarakhand
248013,Sourcing Allowed,false,Uttarakhand
248014,Sourcing Allowed,false,Uttarakhand
248015,Sourcing Allowed,false,Uttarakhand
248016,Sourcing Allowed,false,Uttarakhand
248018,Sourcing Allowed,false,Uttarakhand
248019,Sourcing Allowed,false,Uttarakhand
248102,Sourcing Allowed,false,Uttarakhand
248110,Sourcing Allowed,false,Uttarakhand
248115,Sourcing Allowed,false,Uttarakhand
248116,Sourcing Allowed,false,Uttarakhand
248119,Sourcing Allowed,false,Uttarakhand
248121,Sourcing Allowed,false,Uttarakhand
248122,Sourcing Allowed,false,Uttarakhand
248123,Sourcing Allowed,false,Uttarakhand
248124,Sourcing Allowed,false,Uttarakhand
248125,Sourcing Allowed,false,Uttarakhand
248126,Sourcing Allowed,false,Uttarakhand
248140,Sourcing Allowed,false,Uttarakhand
248141,Sourcing Allowed,false,Uttarakhand
248142,Sourcing Allowed,false,Uttarakhand
248143,Sourcing Allowed,false,Uttarakhand
248144,Sourcing Allowed,false,Uttarakhand
248145,Sourcing Allowed,false,Uttarakhand
248146,Sourcing Allowed,false,Uttarakhand
248147,Sourcing Allowed,false,Uttarakhand
248148,Sourcing Allowed,false,Uttarakhand
248152,Sourcing Allowed,false,Uttarakhand
248158,Sourcing Allowed,false,Uttarakhand
248159,Sourcing Allowed,false,Uttarakhand
248160,Sourcing Allowed,false,Uttarakhand
248161,Sourcing Allowed,false,Uttarakhand
248164,Sourcing Allowed,false,Uttarakhand
248165,Sourcing Allowed,false,Uttarakhand
248167,Sourcing Allowed,false,Uttarakhand
248171,Sourcing Allowed,false,Uttarakhand
248179,Sourcing Allowed,false,Uttarakhand
248191,Sourcing Allowed,false,Uttarakhand
248195,Sourcing Allowed,false,Uttarakhand
248196,Sourcing Allowed,false,Uttarakhand
248197,Sourcing Allowed,false,Uttarakhand
248198,Sourcing Allowed,false,Uttarakhand
248199,Sourcing Allowed,false,Uttarakhand
248201,Sourcing Allowed,false,Uttarakhand
248202,Sourcing Allowed,false,Uttarakhand
248203,Sourcing Allowed,false,Uttarakhand
248252,Sourcing Allowed,false,Uttarakhand
249121,Sourcing Allowed,false,Uttar Pradesh
249122,Sourcing Allowed,false,Uttar Pradesh
249123,Sourcing Allowed,false,Uttar Pradesh
249126,Sourcing Allowed,false,Uttar Pradesh
249131,Sourcing Allowed,false,Uttar Pradesh
249132,Sourcing Allowed,false,Uttar Pradesh
249134,Sourcing Allowed,false,Uttar Pradesh
249141,Sourcing Allowed,false,Uttar Pradesh
249146,Sourcing Allowed,false,Uttar Pradesh
249147,Sourcing Allowed,false,Uttar Pradesh
249151,Sourcing Allowed,false,Uttar Pradesh
249152,Sourcing Allowed,false,Uttar Pradesh
249155,Sourcing Allowed,false,Uttar Pradesh
249156,Sourcing Allowed,false,Uttar Pradesh
249161,Sourcing Allowed,false,Uttar Pradesh
249165,Sourcing Allowed,false,Uttar Pradesh
249171,Sourcing Allowed,false,Uttar Pradesh
249181,Sourcing Allowed,false,Uttar Pradesh
249185,Sourcing Allowed,false,Uttar Pradesh
249186,Sourcing Allowed,false,Uttar Pradesh
249201,Sourcing Allowed,false,Uttarakhand
249202,Sourcing Allowed,false,Uttarakhand
249203,Sourcing Allowed,false,Uttarakhand
249204,Sourcing Allowed,false,Uttarakhand
249205,Sourcing Allowed,false,Uttarakhand
249401,Sourcing Allowed,false,Uttarakhand
249402,Sourcing Allowed,false,Uttarakhand
249403,Sourcing Allowed,false,Uttarakhand
249404,Sourcing Allowed,false,Uttarakhand
249405,Sourcing Allowed,false,Uttarakhand
249407,Sourcing Allowed,false,Uttarakhand
249408,Sourcing Allowed,false,Uttarakhand
249410,Sourcing Allowed,false,Uttarakhand
249411,Sourcing Allowed,false,Uttarakhand
250001,Sourcing Allowed,false,Uttar Pradesh
250002,Sourcing Allowed,false,Uttar Pradesh
250003,Sourcing Allowed,false,Uttar Pradesh
250004,Sourcing Allowed,false,Uttar Pradesh
250005,Sourcing Allowed,false,Uttar Pradesh
250013,Sourcing Allowed,false,Uttar Pradesh
250101,Sourcing Allowed,false,Uttar Pradesh
250102,Sourcing Allowed,false,Uttar Pradesh
250103,Sourcing Allowed,false,Uttar Pradesh
250104,Sourcing Allowed,false,Uttar Pradesh
250105,Sourcing Allowed,false,Uttar Pradesh
250106,Sourcing Allowed,false,Uttar Pradesh
250110,Sourcing Allowed,false,Uttar Pradesh
250205,Sourcing Allowed,false,Uttar Pradesh
250221,Sourcing Allowed,false,Uttar Pradesh
250222,Sourcing Allowed,false,Uttar Pradesh
250223,Sourcing Allowed,false,Uttar Pradesh
250341,Sourcing Allowed,false,Uttar Pradesh
250342,Sourcing Allowed,false,Uttar Pradesh
250344,Sourcing Allowed,false,Uttar Pradesh
250345,Sourcing Allowed,false,Uttar Pradesh
250401,Sourcing Allowed,false,Uttar Pradesh
250402,Sourcing Allowed,false,Uttar Pradesh
250403,Sourcing Allowed,false,Uttar Pradesh
250404,Sourcing Allowed,false,Uttar Pradesh
250406,Sourcing Allowed,false,Uttar Pradesh
250501,Sourcing Allowed,false,Uttar Pradesh
250502,Sourcing Allowed,false,Uttar Pradesh
250515,Sourcing Allowed,false,Uttar Pradesh
250601,Sourcing Allowed,false,Uttar Pradesh
250602,Sourcing Allowed,false,Uttar Pradesh
250606,Sourcing Allowed,false,Uttar Pradesh
250609,Sourcing Allowed,false,Uttar Pradesh
250611,Sourcing Allowed,false,Uttar Pradesh
250612,Sourcing Allowed,false,Uttar Pradesh
250615,Sourcing Allowed,false,Uttar Pradesh
250617,Sourcing Allowed,false,Uttar Pradesh
250619,Sourcing Allowed,false,Uttar Pradesh
250620,Sourcing Allowed,false,Uttar Pradesh
250621,Sourcing Allowed,false,Uttar Pradesh
250622,Sourcing Allowed,false,Uttar Pradesh
250623,Sourcing Allowed,false,Uttar Pradesh
250625,Sourcing Allowed,false,Uttar Pradesh
250626,Sourcing Allowed,false,Uttar Pradesh
250645,Sourcing Allowed,false,Uttar Pradesh
251001,Sourcing Allowed,false,Uttar Pradesh
251002,Sourcing Allowed,false,Uttar Pradesh
251003,Sourcing Allowed,false,Uttar Pradesh
251201,Sourcing Allowed,false,Uttar Pradesh
251202,Sourcing Allowed,false,Uttar Pradesh
251203,Sourcing Allowed,false,Uttar Pradesh
251301,Sourcing Allowed,false,Uttar Pradesh
251305,Sourcing Allowed,false,Uttar Pradesh
251306,Sourcing Allowed,false,Uttar Pradesh
251307,Sourcing Allowed,false,Uttar Pradesh
251308,Sourcing Allowed,false,Uttar Pradesh
251309,Sourcing Allowed,false,Uttar Pradesh
251310,Sourcing Allowed,false,Uttar Pradesh
251311,Sourcing Allowed,false,Uttar Pradesh
251314,Sourcing Allowed,false,Uttar Pradesh
251315,Sourcing Allowed,false,Uttar Pradesh
251316,Sourcing Allowed,false,Uttar Pradesh
251318,Sourcing Allowed,false,Uttar Pradesh
251319,Sourcing Allowed,false,Uttar Pradesh
251320,Sourcing Allowed,false,Uttar Pradesh
251327,Sourcing Allowed,false,Uttar Pradesh
254716,Sourcing Allowed,false,Uttarakhand
255006,Sourcing Allowed,false,Uttar Pradesh
261001,Sourcing Allowed,false,Uttar Pradesh
262001,Sourcing Allowed,false,Uttar Pradesh
262121,Sourcing Allowed,false,Uttar Pradesh
262122,Sourcing Allowed,false,Uttar Pradesh
262123,Sourcing Allowed,false,Uttar Pradesh
262124,Sourcing Allowed,false,Uttar Pradesh
262201,Sourcing Allowed,false,Uttar Pradesh
262202,Sourcing Allowed,false,Uttar Pradesh
262203,Sourcing Allowed,false,Uttar Pradesh
262302,Sourcing Allowed,false,Uttar Pradesh
262305,Sourcing Allowed,false,Uttar Pradesh
262308,Sourcing Allowed,false,Uttarakhand
262309,Sourcing Allowed,false,Uttarakhand
262310,Sourcing Allowed,false,Uttarakhand
262311,Sourcing Allowed,false,Uttarakhand
262312,Sourcing Allowed,false,Uttarakhand
262401,Sourcing Allowed,false,Uttarakhand
262402,Sourcing Allowed,false,Uttarakhand
262403,Sourcing Allowed,false,Uttarakhand
262404,Sourcing Allowed,false,Uttarakhand
262405,Sourcing Allowed,false,Uttarakhand
262407,Sourcing Allowed,false,Uttar Pradesh
262410,Sourcing Allowed,false,Uttar Pradesh
262907,Sourcing Allowed,false,Uttar Pradesh
263001,Sourcing Allowed,false,Uttarakhand
263002,Sourcing Allowed,false,Uttarakhand
263126,Sourcing Allowed,false,Uttarakhand
263127,Sourcing Allowed,false,Uttarakhand
263128,Sourcing Allowed,false,Uttarakhand
263129,Sourcing Allowed,false,Uttarakhand
263131,Sourcing Allowed,false,Uttarakhand
263132,Sourcing Allowed,false,Uttarakhand
263134,Sourcing Allowed,false,Uttarakhand
263135,Sourcing Allowed,false,Uttarakhand
263136,Sourcing Allowed,false,Uttarakhand
263137,Sourcing Allowed,false,Uttarakhand
263138,Sourcing Allowed,false,Uttarakhand
263139,Sourcing Allowed,false,Uttarakhand
263140,Sourcing Allowed,false,Uttarakhand
263141,Sourcing Allowed,false,Uttarakhand
263142,Sourcing Allowed,false,Uttarakhand
263143,Sourcing Allowed,false,Uttarakhand
263144,Sourcing Allowed,false,Uttarakhand
263145,Sourcing Allowed,false,Uttarakhand
263146,Sourcing Allowed,false,Uttarakhand
263148,Sourcing Allowed,false,Uttarakhand
263149,Sourcing Allowed,false,Uttarakhand
263150,Sourcing Allowed,false,Uttarakhand
263151,Sourcing Allowed,false,Uttarakhand
263152,Sourcing Allowed,false,Uttarakhand
263153,Sourcing Allowed,false,Uttarakhand
263154,Sourcing Allowed,false,Uttarakhand
263155,Sourcing Allowed,false,Uttarakhand
263156,Sourcing Allowed,false,Uttarakhand
263157,Sourcing Allowed,false,Uttarakhand
263158,Sourcing Allowed,false,Uttarakhand
263159,Sourcing Allowed,false,Uttarakhand
263160,Sourcing Allowed,false,Uttarakhand
263162,Sourcing Allowed,false,Uttarakhand
263163,Sourcing Allowed,false,Uttarakhand
263164,Sourcing Allowed,false,Uttarakhand
263301,Sourcing Allowed,false,Uttarakhand
263309,Sourcing Allowed,false,Uttarakhand
263408,Sourcing Allowed,false,Uttarakhand
263601,Sourcing Allowed,false,Uttarakhand
263610,Sourcing Allowed,false,Uttarakhand
263619,Sourcing Allowed,false,Uttarakhand
263620,Sourcing Allowed,false,Uttarakhand
263621,Sourcing Allowed,false,Uttarakhand
263622,Sourcing Allowed,false,Uttarakhand
263623,Sourcing Allowed,false,Uttarakhand
263624,Sourcing Allowed,false,Uttarakhand
263625,Sourcing Allowed,false,Uttarakhand
263626,Sourcing Allowed,false,Uttarakhand
263627,Sourcing Allowed,false,Uttarakhand
263628,Sourcing Allowed,false,Uttarakhand
263629,Sourcing Allowed,false,Uttarakhand
263630,Sourcing Allowed,false,Uttarakhand
263631,Sourcing Allowed,false,Uttarakhand
263632,Sourcing Allowed,false,Uttarakhand
263633,Sourcing Allowed,false,Uttarakhand
263634,Sourcing Allowed,false,Uttarakhand
263635,Sourcing Allowed,false,Uttarakhand
263636,Sourcing Allowed,false,Uttarakhand
263637,Sourcing Allowed,false,Uttarakhand
263638,Sourcing Allowed,false,Uttarakhand
263639,Sourcing Allowed,false,Uttarakhand
263640,Sourcing Allowed,false,Uttarakhand
263641,Sourcing Allowed,false,Uttarakhand
263642,Sourcing Allowed,false,Uttarakhand
263643,Sourcing Allowed,false,Uttarakhand
263645,Sourcing Allowed,false,Uttarakhand
263646,Sourcing Allowed,false,Uttarakhand
263651,Sourcing Allowed,false,Uttarakhand
263652,Sourcing Allowed,false,Uttarakhand
263653,Sourcing Allowed,false,Uttarakhand
263654,Sourcing Allowed,false,Uttarakhand
263655,Sourcing Allowed,false,Uttarakhand
263656,Sourcing Allowed,false,Uttarakhand
263658,Sourcing Allowed,false,Uttarakhand
263659,Sourcing Allowed,false,Uttarakhand
263660,Sourcing Allowed,false,Uttarakhand
263661,Sourcing Allowed,false,Uttarakhand
263662,Sourcing Allowed,false,Uttarakhand
263663,Sourcing Allowed,false,Uttarakhand
263664,Sourcing Allowed,false,Uttarakhand
263665,Sourcing Allowed,false,Uttarakhand
263667,Sourcing Allowed,false,Uttarakhand
263671,Sourcing Allowed,false,Uttarakhand
263675,Sourcing Allowed,false,Uttarakhand
263676,Sourcing Allowed,false,Uttarakhand
263677,Sourcing Allowed,false,Uttarakhand
263678,Sourcing Allowed,false,Uttarakhand
263679,Sourcing Allowed,false,Uttarakhand
263680,Sourcing Allowed,false,Uttarakhand
263681,Sourcing Allowed,false,Uttarakhand
263683,Sourcing Allowed,false,Uttarakhand
263684,Sourcing Allowed,false,Uttarakhand
263686,Sourcing Allowed,false,Uttarakhand
263687,Sourcing Allowed,false,Uttarakhand
263688,Sourcing Allowed,false,Uttarakhand
263689,Sourcing Allowed,false,Uttarakhand
271001,Sourcing Allowed,false,Uttar Pradesh
271002,Sourcing Allowed,false,Uttar Pradesh
271003,Sourcing Allowed,false,Uttar Pradesh
271122,Sourcing Allowed,false,Uttar Pradesh
271123,Sourcing Allowed,false,Uttar Pradesh
271124,Sourcing Allowed,false,Uttar Pradesh
271125,Sourcing Allowed,false,Uttar Pradesh
271126,Sourcing Allowed,false,Uttar Pradesh
271127,Sourcing Allowed,false,Uttar Pradesh
271128,Sourcing Allowed,false,Uttar Pradesh
271129,Sourcing Allowed,false,Uttar Pradesh
271130,Sourcing Allowed,false,Uttar Pradesh
271201,Sourcing Allowed,false,Uttar Pradesh
271202,Sourcing Allowed,false,Uttar Pradesh
271203,Sourcing Allowed,false,Uttar Pradesh
271204,Sourcing Allowed,false,Uttar Pradesh
271205,Sourcing Allowed,false,Uttar Pradesh
271206,Sourcing Allowed,false,Uttar Pradesh
271207,Sourcing Allowed,false,Uttar Pradesh
271208,Sourcing Allowed,false,Uttar Pradesh
271209,Sourcing Allowed,false,Uttar Pradesh
271210,Sourcing Allowed,false,Uttar Pradesh
271211,Sourcing Allowed,false,Uttar Pradesh
271214,Sourcing Allowed,false,Uttar Pradesh
271215,Sourcing Allowed,false,Uttar Pradesh
271301,Sourcing Allowed,false,Uttar Pradesh
271302,Sourcing Allowed,false,Uttar Pradesh
271303,Sourcing Allowed,false,Uttar Pradesh
271304,Sourcing Allowed,false,Uttar Pradesh
271305,Sourcing Allowed,false,Uttar Pradesh
271306,Sourcing Allowed,false,Uttar Pradesh
271307,Sourcing Allowed,false,Uttar Pradesh
271308,Sourcing Allowed,false,Uttar Pradesh
271309,Sourcing Allowed,false,Uttar Pradesh
271310,Sourcing Allowed,false,Uttar Pradesh
271311,Sourcing Allowed,false,Uttar Pradesh
271312,Sourcing Allowed,false,Uttar Pradesh
271313,Sourcing Allowed,false,Uttar Pradesh
271315,Sourcing Allowed,false,Uttar Pradesh
271316,Sourcing Allowed,false,Uttar Pradesh
271317,Sourcing Allowed,false,Uttar Pradesh
271318,Sourcing Allowed,false,Uttar Pradesh
271319,Sourcing Allowed,false,Uttar Pradesh
271320,Sourcing Allowed,false,Uttar Pradesh
271401,Sourcing Allowed,false,Uttar Pradesh
271402,Sourcing Allowed,false,Uttar Pradesh
271403,Sourcing Allowed,false,Uttar Pradesh
271404,Sourcing Allowed,false,Uttar Pradesh
271406,Sourcing Allowed,false,Uttar Pradesh
271502,Sourcing Allowed,false,Uttar Pradesh
271503,Sourcing Allowed,false,Uttar Pradesh
271504,Sourcing Allowed,false,Uttar Pradesh
271601,Sourcing Allowed,false,Uttar Pradesh
271602,Sourcing Allowed,false,Uttar Pradesh
271603,Sourcing Allowed,false,Uttar Pradesh
271604,Sourcing Allowed,false,Uttar Pradesh
271605,Sourcing Allowed,false,Uttar Pradesh
271606,Sourcing Allowed,false,Uttar Pradesh
271607,Sourcing Allowed,false,Uttar Pradesh
271608,Sourcing Allowed,false,Uttar Pradesh
271609,Sourcing Allowed,false,Uttar Pradesh
271801,Sourcing Allowed,false,Uttar Pradesh
271802,Sourcing Allowed,false,Uttar Pradesh
271806,Sourcing Allowed,false,Uttar Pradesh
271821,Sourcing Allowed,false,Uttar Pradesh
271824,Sourcing Allowed,false,Uttar Pradesh
271825,Sourcing Allowed,false,Uttar Pradesh
271830,Sourcing Allowed,false,Uttar Pradesh
271831,Sourcing Allowed,false,Uttar Pradesh
271840,Sourcing Allowed,false,Uttar Pradesh
271841,Sourcing Allowed,false,Uttar Pradesh
271845,Sourcing Allowed,false,Uttar Pradesh
271851,Sourcing Allowed,false,Uttar Pradesh
271855,Sourcing Allowed,false,Uttar Pradesh
271861,Sourcing Allowed,false,Uttar Pradesh
271865,Sourcing Allowed,false,Uttar Pradesh
271870,Sourcing Allowed,false,Uttar Pradesh
271871,Sourcing Allowed,false,Uttar Pradesh
271872,Sourcing Allowed,false,Uttar Pradesh
271875,Sourcing Allowed,false,Uttar Pradesh
271881,Sourcing Allowed,false,Uttar Pradesh
271882,Sourcing Allowed,false,Uttar Pradesh
271901,Sourcing Allowed,false,Uttar Pradesh
271902,Sourcing Allowed,false,Uttar Pradesh
271903,Sourcing Allowed,false,Uttar Pradesh
271904,Sourcing Allowed,false,Uttar Pradesh
272001,Sourcing Allowed,false,Uttar Pradesh
272002,Sourcing Allowed,false,Uttar Pradesh
272003,Sourcing Allowed,false,Uttar Pradesh
272123,Sourcing Allowed,false,Uttar Pradesh
272124,Sourcing Allowed,false,Uttar Pradesh
272125,Sourcing Allowed,false,Uttar Pradesh
272126,Sourcing Allowed,false,Uttar Pradesh
272127,Sourcing Allowed,false,Uttar Pradesh
272128,Sourcing Allowed,false,Uttar Pradesh
272129,Sourcing Allowed,false,Uttar Pradesh
272130,Sourcing Allowed,false,Uttar Pradesh
272131,Sourcing Allowed,false,Uttar Pradesh
272132,Sourcing Allowed,false,Uttar Pradesh
272141,Sourcing Allowed,false,Uttar Pradesh
272148,Sourcing Allowed,false,Uttar Pradesh
272149,Sourcing Allowed,false,Uttar Pradesh
272150,Sourcing Allowed,false,Uttar Pradesh
272151,Sourcing Allowed,false,Uttar Pradesh
272152,Sourcing Allowed,false,Uttar Pradesh
272153,Sourcing Allowed,false,Uttar Pradesh
272154,Sourcing Allowed,false,Uttar Pradesh
272155,Sourcing Allowed,false,Uttar Pradesh
272161,Sourcing Allowed,false,Uttar Pradesh
272162,Sourcing Allowed,false,Uttar Pradesh
272163,Sourcing Allowed,false,Uttar Pradesh
272164,Sourcing Allowed,false,Uttar Pradesh
272165,Sourcing Allowed,false,Uttar Pradesh
272170,Sourcing Allowed,false,Uttar Pradesh
272171,Sourcing Allowed,false,Uttar Pradesh
272172,Sourcing Allowed,false,Uttar Pradesh
272173,Sourcing Allowed,false,Uttar Pradesh
272175,Sourcing Allowed,false,Uttar Pradesh
272176,Sourcing Allowed,false,Uttar Pradesh
272177,Sourcing Allowed,false,Uttar Pradesh
272178,Sourcing Allowed,false,Uttar Pradesh
272181,Sourcing Allowed,false,Uttar Pradesh
272182,Sourcing Allowed,false,Uttar Pradesh
272189,Sourcing Allowed,false,Uttar Pradesh
272190,Sourcing Allowed,false,Uttar Pradesh
272191,Sourcing Allowed,false,Uttar Pradesh
272192,Sourcing Allowed,false,Uttar Pradesh
272193,Sourcing Allowed,false,Uttar Pradesh
272194,Sourcing Allowed,false,Uttar Pradesh
272195,Sourcing Allowed,false,Uttar Pradesh
272196,Sourcing Allowed,false,Uttar Pradesh
272199,Sourcing Allowed,false,Uttar Pradesh
272201,Sourcing Allowed,false,Uttar Pradesh
272202,Sourcing Allowed,false,Uttar Pradesh
272203,Sourcing Allowed,false,Uttar Pradesh
272204,Sourcing Allowed,false,Uttar Pradesh
272205,Sourcing Allowed,false,Uttar Pradesh
272206,Sourcing Allowed,false,Uttar Pradesh
272207,Sourcing Allowed,false,Uttar Pradesh
272208,Sourcing Allowed,false,Uttar Pradesh
272209,Sourcing Allowed,false,Uttar Pradesh
272269,Sourcing Allowed,false,Uttar Pradesh
272270,Sourcing Allowed,false,Uttar Pradesh
272271,Sourcing Allowed,false,Uttar Pradesh
272301,Sourcing Allowed,false,Uttar Pradesh
272302,Sourcing Allowed,false,Uttar Pradesh
273001,Sourcing Allowed,false,Uttar Pradesh
273002,Sourcing Allowed,false,Uttar Pradesh
273003,Sourcing Allowed,false,Uttar Pradesh
273004,Sourcing Allowed,false,Uttar Pradesh
273005,Sourcing Allowed,false,Uttar Pradesh
273006,Sourcing Allowed,false,Uttar Pradesh
273007,Sourcing Allowed,false,Uttar Pradesh
273008,Sourcing Allowed,false,Uttar Pradesh
273009,Sourcing Allowed,false,Uttar Pradesh
273010,Sourcing Allowed,false,Uttar Pradesh
273012,Sourcing Allowed,false,Uttar Pradesh
273013,Sourcing Allowed,false,Uttar Pradesh
273014,Sourcing Allowed,false,Uttar Pradesh
273015,Sourcing Allowed,false,Uttar Pradesh
273016,Sourcing Allowed,false,Uttar Pradesh
273017,Sourcing Allowed,false,Uttar Pradesh
273151,Sourcing Allowed,false,Uttar Pradesh
273152,Sourcing Allowed,false,Uttar Pradesh
273155,Sourcing Allowed,false,Uttar Pradesh
273157,Sourcing Allowed,false,Uttar Pradesh
273158,Sourcing Allowed,false,Uttar Pradesh
273161,Sourcing Allowed,false,Uttar Pradesh
273162,Sourcing Allowed,false,Uttar Pradesh
273163,Sourcing Allowed,false,Uttar Pradesh
273164,Sourcing Allowed,false,Uttar Pradesh
273165,Sourcing Allowed,false,Uttar Pradesh
273201,Sourcing Allowed,false,Uttar Pradesh
273202,Sourcing Allowed,false,Uttar Pradesh
273203,Sourcing Allowed,false,Uttar Pradesh
273207,Sourcing Allowed,false,Uttar Pradesh
273209,Sourcing Allowed,false,Uttar Pradesh
273211,Sourcing Allowed,false,Uttar Pradesh
273212,Sourcing Allowed,false,Uttar Pradesh
273213,Sourcing Allowed,false,Uttar Pradesh
273301,Sourcing Allowed,false,Uttar Pradesh
273302,Sourcing Allowed,false,Uttar Pradesh
273303,Sourcing Allowed,false,Uttar Pradesh
273304,Sourcing Allowed,false,Uttar Pradesh
273305,Sourcing Allowed,false,Uttar Pradesh
273306,Sourcing Allowed,false,Uttar Pradesh
273307,Sourcing Allowed,false,Uttar Pradesh
273308,Sourcing Allowed,false,Uttar Pradesh
273309,Sourcing Allowed,false,Uttar Pradesh
273310,Sourcing Allowed,false,Uttar Pradesh
273311,Sourcing Allowed,false,Uttar Pradesh
273401,Sourcing Allowed,false,Uttar Pradesh
273402,Sourcing Allowed,false,Uttar Pradesh
273403,Sourcing Allowed,false,Uttar Pradesh
273404,Sourcing Allowed,false,Uttar Pradesh
273405,Sourcing Allowed,false,Uttar Pradesh
273406,Sourcing Allowed,false,Uttar Pradesh
273407,Sourcing Allowed,false,Uttar Pradesh
273408,Sourcing Allowed,false,Uttar Pradesh
273409,Sourcing Allowed,false,Uttar Pradesh
273411,Sourcing Allowed,false,Uttar Pradesh
273412,Sourcing Allowed,false,Uttar Pradesh
273413,Sourcing Allowed,false,Uttar Pradesh
274001,Sourcing Allowed,false,Uttar Pradesh
274149,Sourcing Allowed,false,Uttar Pradesh
274201,Sourcing Allowed,false,Uttar Pradesh
274202,Sourcing Allowed,false,Uttar Pradesh
274203,Sourcing Allowed,false,Uttar Pradesh
274204,Sourcing Allowed,false,Uttar Pradesh
274206,Sourcing Allowed,false,Uttar Pradesh
274207,Sourcing Allowed,false,Uttar Pradesh
274249,Sourcing Allowed,false,Uttar Pradesh
274301,Sourcing Allowed,false,Uttar Pradesh
274302,Sourcing Allowed,false,Uttar Pradesh
274303,Sourcing Allowed,false,Uttar Pradesh
274304,Sourcing Allowed,false,Uttar Pradesh
274305,Sourcing Allowed,false,Uttar Pradesh
274306,Sourcing Allowed,false,Uttar Pradesh
274307,Sourcing Allowed,false,Uttar Pradesh
274308,Sourcing Allowed,false,Uttar Pradesh
274309,Sourcing Allowed,false,Uttar Pradesh
274401,Sourcing Allowed,false,Uttar Pradesh
274402,Sourcing Allowed,false,Uttar Pradesh
274403,Sourcing Allowed,false,Uttar Pradesh
274404,Sourcing Allowed,false,Uttar Pradesh
274406,Sourcing Allowed,false,Uttar Pradesh
274407,Sourcing Allowed,false,Uttar Pradesh
274409,Sourcing Allowed,false,Uttar Pradesh
274501,Sourcing Allowed,false,Uttar Pradesh
274502,Sourcing Allowed,false,Uttar Pradesh
274509,Sourcing Allowed,false,Uttar Pradesh
274601,Sourcing Allowed,false,Uttar Pradesh
274702,Sourcing Allowed,false,Uttar Pradesh
274703,Sourcing Allowed,false,Uttar Pradesh
274801,Sourcing Allowed,false,Uttar Pradesh
274802,Sourcing Allowed,false,Uttar Pradesh
275101,Sourcing Allowed,false,Uttar Pradesh
275102,Sourcing Allowed,false,Uttar Pradesh
275103,Sourcing Allowed,false,Uttar Pradesh
275105,Sourcing Allowed,false,Uttar Pradesh
275201,Sourcing Allowed,false,Uttar Pradesh
275202,Sourcing Allowed,false,Uttar Pradesh
275203,Sourcing Allowed,false,Uttar Pradesh
275204,Sourcing Allowed,false,Uttar Pradesh
275205,Sourcing Allowed,false,Uttar Pradesh
275207,Sourcing Allowed,false,Uttar Pradesh
275208,Sourcing Allowed,false,Uttar Pradesh
275301,Sourcing Allowed,false,Uttar Pradesh
275302,Sourcing Allowed,false,Uttar Pradesh
275303,Sourcing Allowed,false,Uttar Pradesh
275304,Sourcing Allowed,false,Uttar Pradesh
275305,Sourcing Allowed,false,Uttar Pradesh
275306,Sourcing Allowed,false,Uttar Pradesh
275307,Sourcing Allowed,false,Uttar Pradesh
276001,Sourcing Allowed,false,Uttar Pradesh
276121,Sourcing Allowed,false,Uttar Pradesh
276122,Sourcing Allowed,false,Uttar Pradesh
276123,Sourcing Allowed,false,Uttar Pradesh
276124,Sourcing Allowed,false,Uttar Pradesh
276125,Sourcing Allowed,false,Uttar Pradesh
276126,Sourcing Allowed,false,Uttar Pradesh
276127,Sourcing Allowed,false,Uttar Pradesh
276128,Sourcing Allowed,false,Uttar Pradesh
276129,Sourcing Allowed,false,Uttar Pradesh
276131,Sourcing Allowed,false,Uttar Pradesh
276135,Sourcing Allowed,false,Uttar Pradesh
276136,Sourcing Allowed,false,Uttar Pradesh
276137,Sourcing Allowed,false,Uttar Pradesh
276138,Sourcing Allowed,false,Uttar Pradesh
276139,Sourcing Allowed,false,Uttar Pradesh
276140,Sourcing Allowed,false,Uttar Pradesh
276141,Sourcing Allowed,false,Uttar Pradesh
276142,Sourcing Allowed,false,Uttar Pradesh
276143,Sourcing Allowed,false,Uttar Pradesh
276201,Sourcing Allowed,false,Uttar Pradesh
276202,Sourcing Allowed,false,Uttar Pradesh
276203,Sourcing Allowed,false,Uttar Pradesh
276204,Sourcing Allowed,false,Uttar Pradesh
276205,Sourcing Allowed,false,Uttar Pradesh
276206,Sourcing Allowed,false,Uttar Pradesh
276207,Sourcing Allowed,false,Uttar Pradesh
276208,Sourcing Allowed,false,Uttar Pradesh
276288,Sourcing Allowed,false,Uttar Pradesh
276301,Sourcing Allowed,false,Uttar Pradesh
276302,Sourcing Allowed,false,Uttar Pradesh
276303,Sourcing Allowed,false,Uttar Pradesh
276304,Sourcing Allowed,false,Uttar Pradesh
276305,Sourcing Allowed,false,Uttar Pradesh
276306,Sourcing Allowed,false,Uttar Pradesh
276401,Sourcing Allowed,false,Uttar Pradesh
276402,Sourcing Allowed,false,Uttar Pradesh
276403,Sourcing Allowed,false,Uttar Pradesh
276404,Sourcing Allowed,false,Uttar Pradesh
276405,Sourcing Allowed,false,Uttar Pradesh
276406,Sourcing Allowed,false,Uttar Pradesh
277001,Sourcing Allowed,false,Uttar Pradesh
277121,Sourcing Allowed,false,Uttar Pradesh
277122,Sourcing Allowed,false,Uttar Pradesh
277123,Sourcing Allowed,false,Uttar Pradesh
277124,Sourcing Allowed,false,Uttar Pradesh
277201,Sourcing Allowed,false,Uttar Pradesh
277202,Sourcing Allowed,false,Uttar Pradesh
277203,Sourcing Allowed,false,Uttar Pradesh
277204,Sourcing Allowed,false,Uttar Pradesh
277205,Sourcing Allowed,false,Uttar Pradesh
277207,Sourcing Allowed,false,Uttar Pradesh
277208,Sourcing Allowed,false,Uttar Pradesh
277209,Sourcing Allowed,false,Uttar Pradesh
277210,Sourcing Allowed,false,Uttar Pradesh
277211,Sourcing Allowed,false,Uttar Pradesh
277212,Sourcing Allowed,false,Uttar Pradesh
277213,Sourcing Allowed,false,Uttar Pradesh
277214,Sourcing Allowed,false,Uttar Pradesh
277216,Sourcing Allowed,false,Uttar Pradesh
277218,Sourcing Allowed,false,Uttar Pradesh
277219,Sourcing Allowed,false,Uttar Pradesh
277301,Sourcing Allowed,false,Uttar Pradesh
277302,Sourcing Allowed,false,Uttar Pradesh
277303,Sourcing Allowed,false,Uttar Pradesh
277304,Sourcing Allowed,false,Uttar Pradesh
277305,Sourcing Allowed,false,Uttar Pradesh
277306,Sourcing Allowed,false,Uttar Pradesh
277307,Sourcing Allowed,false,Uttar Pradesh
277401,Sourcing Allowed,false,Uttar Pradesh
277402,Sourcing Allowed,false,Uttar Pradesh
277403,Sourcing Allowed,false,Uttar Pradesh
277405,Sourcing Allowed,false,Uttar Pradesh
277407,Sourcing Allowed,false,Uttar Pradesh
277501,Sourcing Allowed,false,Uttar Pradesh
277502,Sourcing Allowed,false,Uttar Pradesh
277503,Sourcing Allowed,false,Uttar Pradesh
277504,Sourcing Allowed,false,Uttar Pradesh
277506,Sourcing Allowed,false,Uttar Pradesh
277817,Sourcing Allowed,false,Uttar Pradesh
281001,Sourcing Allowed,false,Uttar Pradesh
281003,Sourcing Allowed,false,Uttar Pradesh
281004,Sourcing Allowed,false,Uttar Pradesh
281005,Sourcing Allowed,false,Uttar Pradesh
281006,Sourcing Allowed,false,Uttar Pradesh
281104,Sourcing Allowed,false,Uttar Pradesh
281121,Sourcing Allowed,false,Uttar Pradesh
281122,Sourcing Allowed,false,Uttar Pradesh
281201,Sourcing Allowed,false,Uttar Pradesh
281202,Sourcing Allowed,false,Uttar Pradesh
281203,Sourcing Allowed,false,Uttar Pradesh
281204,Sourcing Allowed,false,Uttar Pradesh
281205,Sourcing Allowed,false,Uttar Pradesh
281206,Sourcing Allowed,false,Uttar Pradesh
281301,Sourcing Allowed,false,Uttar Pradesh
281302,Sourcing Allowed,false,Uttar Pradesh
281303,Sourcing Allowed,false,Uttar Pradesh
281305,Sourcing Allowed,false,Uttar Pradesh
281306,Sourcing Allowed,false,Uttar Pradesh
281307,Sourcing Allowed,false,Uttar Pradesh
281308,Sourcing Allowed,false,Uttar Pradesh
281401,Sourcing Allowed,false,Uttar Pradesh
281403,Sourcing Allowed,false,Uttar Pradesh
281404,Sourcing Allowed,false,Uttar Pradesh
281405,Sourcing Allowed,false,Uttar Pradesh
281406,Sourcing Allowed,false,Uttar Pradesh
281501,Sourcing Allowed,false,Uttar Pradesh
281502,Sourcing Allowed,false,Uttar Pradesh
281504,Sourcing Allowed,false,Uttar Pradesh
282001,Sourcing Allowed,false,Uttar Pradesh
282002,Sourcing Allowed,false,Uttar Pradesh
282003,Sourcing Allowed,false,Uttar Pradesh
282004,Sourcing Allowed,false,Uttar Pradesh
282005,Sourcing Allowed,false,Uttar Pradesh
282006,Sourcing Allowed,false,Uttar Pradesh
282007,Sourcing Allowed,false,Uttar Pradesh
282008,Sourcing Allowed,false,Uttar Pradesh
282009,Sourcing Allowed,false,Uttar Pradesh
282010,Sourcing Allowed,false,Uttar Pradesh
283101,Sourcing Allowed,false,Uttar Pradesh
283102,Sourcing Allowed,false,Uttar Pradesh
283103,Sourcing Allowed,false,Uttar Pradesh
283104,Sourcing Allowed,false,Uttar Pradesh
283105,Sourcing Allowed,false,Uttar Pradesh
283110,Sourcing Allowed,false,Uttar Pradesh
283111,Sourcing Allowed,false,Uttar Pradesh
283112,Sourcing Allowed,false,Uttar Pradesh
283113,Sourcing Allowed,false,Uttar Pradesh
283114,Sourcing Allowed,false,Uttar Pradesh
283115,Sourcing Allowed,false,Uttar Pradesh
283119,Sourcing Allowed,false,Uttar Pradesh
283121,Sourcing Allowed,false,Uttar Pradesh
283122,Sourcing Allowed,false,Uttar Pradesh
283123,Sourcing Allowed,false,Uttar Pradesh
283124,Sourcing Allowed,false,Uttar Pradesh
283125,Sourcing Allowed,false,Uttar Pradesh
283126,Sourcing Allowed,false,Uttar Pradesh
283130,Sourcing Allowed,false,Uttar Pradesh
283135,Sourcing Allowed,false,Uttar Pradesh
283136,Sourcing Allowed,false,Uttar Pradesh
283141,Sourcing Allowed,false,Uttar Pradesh
283142,Sourcing Allowed,false,Uttar Pradesh
283145,Sourcing Allowed,false,Uttar Pradesh
283151,Sourcing Allowed,false,Uttar Pradesh
283152,Sourcing Allowed,false,Uttar Pradesh
283201,Sourcing Allowed,false,Uttar Pradesh
283202,Sourcing Allowed,false,Uttar Pradesh
283203,Sourcing Allowed,false,Uttar Pradesh
283204,Sourcing Allowed,false,Uttar Pradesh
283205,Sourcing Allowed,false,Uttar Pradesh
283206,Sourcing Allowed,false,Uttar Pradesh
283207,Sourcing Allowed,false,Uttar Pradesh
284001,Sourcing Allowed,false,Uttar Pradesh
284002,Sourcing Allowed,false,Uttar Pradesh
284003,Sourcing Allowed,false,Uttar Pradesh
284120,Sourcing Allowed,false,Uttar Pradesh
284121,Sourcing Allowed,false,Uttar Pradesh
284122,Sourcing Allowed,false,Uttar Pradesh
284123,Sourcing Allowed,false,Uttar Pradesh
284124,Sourcing Allowed,false,Uttar Pradesh
284125,Sourcing Allowed,false,Uttar Pradesh
284126,Sourcing Allowed,false,Uttar Pradesh
284127,Sourcing Allowed,false,Uttar Pradesh
284128,Sourcing Allowed,false,Uttar Pradesh
284135,Sourcing Allowed,false,Uttar Pradesh
284136,Sourcing Allowed,false,Uttar Pradesh
284201,Sourcing Allowed,false,Uttar Pradesh
284202,Sourcing Allowed,false,Uttar Pradesh
284203,Sourcing Allowed,false,Uttar Pradesh
284204,Sourcing Allowed,false,Uttar Pradesh
284205,Sourcing Allowed,false,Uttar Pradesh
284206,Sourcing Allowed,false,Uttar Pradesh
284301,Sourcing Allowed,false,Uttar Pradesh
284302,Sourcing Allowed,false,Uttar Pradesh
284303,Sourcing Allowed,false,Uttar Pradesh
284304,Sourcing Allowed,false,Uttar Pradesh
284305,Sourcing Allowed,false,Uttar Pradesh
284306,Sourcing Allowed,false,Uttar Pradesh
284401,Sourcing Allowed,false,Uttar Pradesh
284402,Sourcing Allowed,false,Uttar Pradesh
284403,Sourcing Allowed,false,Uttar Pradesh
284404,Sourcing Allowed,false,Uttar Pradesh
284405,Sourcing Allowed,false,Uttar Pradesh
284406,Sourcing Allowed,false,Uttar Pradesh
284419,Sourcing Allowed,false,Uttar Pradesh
284501,Sourcing Allowed,false,Uttar Pradesh
285001,Sourcing Allowed,false,Uttar Pradesh
285121,Sourcing Allowed,false,Uttar Pradesh
285122,Sourcing Allowed,false,Uttar Pradesh
285123,Sourcing Allowed,false,Uttar Pradesh
285124,Sourcing Allowed,false,Uttar Pradesh
285125,Sourcing Allowed,false,Uttar Pradesh
285126,Sourcing Allowed,false,Uttar Pradesh
285127,Sourcing Allowed,false,Uttar Pradesh
285128,Sourcing Allowed,false,Uttar Pradesh
285129,Sourcing Allowed,false,Uttar Pradesh
285130,Sourcing Allowed,false,Uttar Pradesh
285131,Sourcing Allowed,false,Uttar Pradesh
285134,Sourcing Allowed,false,Uttar Pradesh
285196,Sourcing Allowed,false,Uttar Pradesh
285201,Sourcing Allowed,false,Uttar Pradesh
285202,Sourcing Allowed,false,Uttar Pradesh
285203,Sourcing Allowed,false,Uttar Pradesh
285204,Sourcing Allowed,false,Uttar Pradesh
285205,Sourcing Allowed,false,Uttar Pradesh
285206,Sourcing Allowed,false,Uttar Pradesh
285211,Sourcing Allowed,false,Uttar Pradesh
285223,Sourcing Allowed,false,Uttar Pradesh
285231,Sourcing Allowed,false,Uttar Pradesh
285251,Sourcing Allowed,false,Uttar Pradesh
301002,Sourcing Allowed,false,Rajasthan
301018,Sourcing Allowed,false,Rajasthan
301020,Sourcing Allowed,false,Rajasthan
301021,Sourcing Allowed,false,Rajasthan
301022,Sourcing Allowed,false,Rajasthan
301023,Sourcing Allowed,false,Rajasthan
301024,Sourcing Allowed,false,Rajasthan
301025,Sourcing Allowed,false,Rajasthan
301027,Sourcing Allowed,false,Rajasthan
301028,Sourcing Allowed,false,Rajasthan
301030,Sourcing Allowed,false,Rajasthan
301401,Sourcing Allowed,false,Rajasthan
301402,Sourcing Allowed,false,Rajasthan
301403,Sourcing Allowed,false,Rajasthan
301404,Sourcing Allowed,false,Rajasthan
301405,Sourcing Allowed,false,Rajasthan
301406,Sourcing Allowed,false,Rajasthan
301407,Sourcing Allowed,false,Rajasthan
301408,Sourcing Allowed,false,Rajasthan
301410,Sourcing Allowed,false,Rajasthan
301411,Sourcing Allowed,false,Rajasthan
301412,Sourcing Allowed,false,Rajasthan
301413,Sourcing Allowed,false,Rajasthan
301414,Sourcing Allowed,false,Rajasthan
301415,Sourcing Allowed,false,Rajasthan
301416,Sourcing Allowed,false,Rajasthan
301427,Sourcing Allowed,false,Rajasthan
301701,Sourcing Allowed,false,Rajasthan
301703,Sourcing Allowed,false,Rajasthan
301704,Sourcing Allowed,false,Rajasthan
301705,Sourcing Allowed,false,Rajasthan
301706,Sourcing Allowed,false,Rajasthan
301708,Sourcing Allowed,false,Rajasthan
301709,Sourcing Allowed,false,Rajasthan
301712,Sourcing Allowed,false,Rajasthan
301714,Sourcing Allowed,false,Rajasthan
302001,Sourcing Allowed,false,Rajasthan
302002,Sourcing Allowed,false,Rajasthan
302003,Sourcing Allowed,false,Rajasthan
302004,Sourcing Allowed,false,Rajasthan
302005,Sourcing Allowed,false,Rajasthan
302006,Sourcing Allowed,false,Rajasthan
302007,Sourcing Allowed,false,Rajasthan
302008,Sourcing Allowed,false,Rajasthan
302009,Sourcing Allowed,false,Rajasthan
302010,Sourcing Allowed,false,Rajasthan
302011,Sourcing Allowed,false,Rajasthan
302012,Sourcing Allowed,false,Rajasthan
302013,Sourcing Allowed,false,Rajasthan
302014,Sourcing Allowed,false,Rajasthan
302015,Sourcing Allowed,false,Rajasthan
302016,Sourcing Allowed,false,Rajasthan
302017,Sourcing Allowed,false,Rajasthan
302018,Sourcing Allowed,false,Rajasthan
302019,Sourcing Allowed,false,Rajasthan
302020,Sourcing Allowed,false,Rajasthan
302021,Sourcing Allowed,false,Rajasthan
302022,Sourcing Allowed,false,Rajasthan
302023,Sourcing Allowed,false,Rajasthan
302024,Sourcing Allowed,false,Rajasthan
302025,Sourcing Allowed,false,Rajasthan
302026,Sourcing Allowed,false,Rajasthan
302027,Sourcing Allowed,false,Rajasthan
302028,Sourcing Allowed,false,Rajasthan
302029,Sourcing Allowed,false,Rajasthan
302031,Sourcing Allowed,false,Rajasthan
302032,Sourcing Allowed,false,Rajasthan
302033,Sourcing Allowed,false,Rajasthan
302034,Sourcing Allowed,false,Rajasthan
302035,Sourcing Allowed,false,Rajasthan
302036,Sourcing Allowed,false,Rajasthan
302037,Sourcing Allowed,false,Rajasthan
302038,Sourcing Allowed,false,Rajasthan
302039,Sourcing Allowed,false,Rajasthan
302040,Sourcing Allowed,false,Rajasthan
302041,Sourcing Allowed,false,Rajasthan
302042,Sourcing Allowed,false,Rajasthan
302043,Sourcing Allowed,false,Rajasthan
302044,Sourcing Allowed,false,Rajasthan
302045,Sourcing Allowed,false,Rajasthan
302046,Sourcing Allowed,false,Rajasthan
303001,Sourcing Allowed,false,Rajasthan
303002,Sourcing Allowed,false,Rajasthan
303003,Sourcing Allowed,false,Rajasthan
303004,Sourcing Allowed,false,Rajasthan
303005,Sourcing Allowed,false,Rajasthan
303006,Sourcing Allowed,false,Rajasthan
303007,Sourcing Allowed,false,Rajasthan
303008,Sourcing Allowed,false,Rajasthan
303009,Sourcing Allowed,false,Rajasthan
303010,Sourcing Allowed,false,Rajasthan
303011,Sourcing Allowed,false,Rajasthan
303012,Sourcing Allowed,false,Rajasthan
303101,Sourcing Allowed,false,Rajasthan
303102,Sourcing Allowed,false,Rajasthan
303103,Sourcing Allowed,false,Rajasthan
303104,Sourcing Allowed,false,Rajasthan
303105,Sourcing Allowed,false,Rajasthan
303106,Sourcing Allowed,false,Rajasthan
303107,Sourcing Allowed,false,Rajasthan
303108,Sourcing Allowed,false,Rajasthan
303109,Sourcing Allowed,false,Rajasthan
303110,Sourcing Allowed,false,Rajasthan
303111,Sourcing Allowed,false,Rajasthan
303112,Sourcing Allowed,false,Rajasthan
303113,Sourcing Allowed,false,Rajasthan
303114,Sourcing Allowed,false,Rajasthan
303115,Sourcing Allowed,false,Rajasthan
303116,Sourcing Allowed,false,Rajasthan
303117,Sourcing Allowed,false,Rajasthan
303118,Sourcing Allowed,false,Rajasthan
303119,Sourcing Allowed,false,Rajasthan
303120,Sourcing Allowed,false,Rajasthan
303121,Sourcing Allowed,false,Rajasthan
303122,Sourcing Allowed,false,Rajasthan
303123,Sourcing Allowed,false,Rajasthan
303124,Sourcing Allowed,false,Rajasthan
303209,Sourcing Allowed,false,Rajasthan
303301,Sourcing Allowed,false,Rajasthan
303302,Sourcing Allowed,false,Rajasthan
303303,Sourcing Allowed,false,Rajasthan
303304,Sourcing Allowed,false,Rajasthan
303305,Sourcing Allowed,false,Rajasthan
303306,Sourcing Allowed,false,Rajasthan
303307,Sourcing Allowed,false,Rajasthan
303308,Sourcing Allowed,false,Rajasthan
303309,Sourcing Allowed,false,Rajasthan
303313,Sourcing Allowed,false,Rajasthan
303314,Sourcing Allowed,false,Rajasthan
303315,Sourcing Allowed,false,Rajasthan
303323,Sourcing Allowed,false,Rajasthan
303324,Sourcing Allowed,false,Rajasthan
303325,Sourcing Allowed,false,Rajasthan
303326,Sourcing Allowed,false,Rajasthan
303327,Sourcing Allowed,false,Rajasthan
303328,Sourcing Allowed,false,Rajasthan
303329,Sourcing Allowed,false,Rajasthan
303330,Sourcing Allowed,false,Rajasthan
303331,Sourcing Allowed,false,Rajasthan
303338,Sourcing Allowed,false,Rajasthan
303339,Sourcing Allowed,false,Rajasthan
303340,Sourcing Allowed,false,Rajasthan
303348,Sourcing Allowed,false,Rajasthan
303349,Sourcing Allowed,false,Rajasthan
303501,Sourcing Allowed,false,Rajasthan
303502,Sourcing Allowed,false,Rajasthan
303503,Sourcing Allowed,false,Rajasthan
303504,Sourcing Allowed,false,Rajasthan
303505,Sourcing Allowed,false,Rajasthan
303506,Sourcing Allowed,false,Rajasthan
303507,Sourcing Allowed,false,Rajasthan
303508,Sourcing Allowed,false,Rajasthan
303509,Sourcing Allowed,false,Rajasthan
303510,Sourcing Allowed,false,Rajasthan
303511,Sourcing Allowed,false,Rajasthan
303601,Sourcing Allowed,false,Rajasthan
303602,Sourcing Allowed,false,Rajasthan
303603,Sourcing Allowed,false,Rajasthan
303604,Sourcing Allowed,false,Rajasthan
303606,Sourcing Allowed,false,Rajasthan
303607,Sourcing Allowed,false,Rajasthan
303608,Sourcing Allowed,false,Rajasthan
303609,Sourcing Allowed,false,Rajasthan
303611,Sourcing Allowed,false,Rajasthan
303701,Sourcing Allowed,false,Rajasthan
303702,Sourcing Allowed,false,Rajasthan
303703,Sourcing Allowed,false,Rajasthan
303704,Sourcing Allowed,false,Rajasthan
303706,Sourcing Allowed,false,Rajasthan
303712,Sourcing Allowed,false,Rajasthan
303801,Sourcing Allowed,false,Rajasthan
303802,Sourcing Allowed,false,Rajasthan
303803,Sourcing Allowed,false,Rajasthan
303804,Sourcing Allowed,false,Rajasthan
303805,Sourcing Allowed,false,Rajasthan
303806,Sourcing Allowed,false,Rajasthan
303807,Sourcing Allowed,false,Rajasthan
303901,Sourcing Allowed,false,Rajasthan
303902,Sourcing Allowed,false,Rajasthan
303903,Sourcing Allowed,false,Rajasthan
303904,Sourcing Allowed,false,Rajasthan
303905,Sourcing Allowed,false,Rajasthan
303906,Sourcing Allowed,false,Rajasthan
303907,Sourcing Allowed,false,Rajasthan
303908,Sourcing Allowed,false,Rajasthan
304001,Sourcing Allowed,false,Rajasthan
304021,Sourcing Allowed,false,Rajasthan
304024,Sourcing Allowed,false,Rajasthan
304502,Sourcing Allowed,false,Rajasthan
304503,Sourcing Allowed,false,Rajasthan
304504,Sourcing Allowed,false,Rajasthan
304505,Sourcing Allowed,false,Rajasthan
304507,Sourcing Allowed,false,Rajasthan
304801,Sourcing Allowed,false,Rajasthan
304802,Sourcing Allowed,false,Rajasthan
304804,Sourcing Allowed,false,Rajasthan
305001,Sourcing Allowed,false,Rajasthan
305002,Sourcing Allowed,false,Rajasthan
305003,Sourcing Allowed,false,Rajasthan
305004,Sourcing Allowed,false,Rajasthan
305005,Sourcing Allowed,false,Rajasthan
305011,Sourcing Allowed,false,Rajasthan
305012,Sourcing Allowed,false,Rajasthan
305022,Sourcing Allowed,false,Rajasthan
305023,Sourcing Allowed,false,Rajasthan
305024,Sourcing Allowed,false,Rajasthan
305025,Sourcing Allowed,false,Rajasthan
305026,Sourcing Allowed,false,Rajasthan
305201,Sourcing Allowed,false,Rajasthan
305202,Sourcing Allowed,false,Rajasthan
305203,Sourcing Allowed,false,Rajasthan
305204,Sourcing Allowed,false,Rajasthan
305205,Sourcing Allowed,false,Rajasthan
305206,Sourcing Allowed,false,Rajasthan
305401,Sourcing Allowed,false,Rajasthan
305402,Sourcing Allowed,false,Rajasthan
305403,Sourcing Allowed,false,Rajasthan
305404,Sourcing Allowed,false,Rajasthan
305405,Sourcing Allowed,false,Rajasthan
305406,Sourcing Allowed,false,Rajasthan
305407,Sourcing Allowed,false,Rajasthan
305410,Sourcing Allowed,false,Rajasthan
305411,Sourcing Allowed,false,Rajasthan
305412,Sourcing Allowed,false,Rajasthan
305413,Sourcing Allowed,false,Rajasthan
305414,Sourcing Allowed,false,Rajasthan
305601,Sourcing Allowed,false,Rajasthan
305621,Sourcing Allowed,false,Rajasthan
305622,Sourcing Allowed,false,Rajasthan
305623,Sourcing Allowed,false,Rajasthan
305624,Sourcing Allowed,false,Rajasthan
305626,Sourcing Allowed,false,Rajasthan
305627,Sourcing Allowed,false,Rajasthan
305801,Sourcing Allowed,false,Rajasthan
305802,Sourcing Allowed,false,Rajasthan
305812,Sourcing Allowed,false,Rajasthan
305813,Sourcing Allowed,false,Rajasthan
305814,Sourcing Allowed,false,Rajasthan
305815,Sourcing Allowed,false,Rajasthan
305901,Sourcing Allowed,false,Rajasthan
305921,Sourcing Allowed,false,Rajasthan
305922,Sourcing Allowed,false,Rajasthan
305923,Sourcing Allowed,false,Rajasthan
305924,Sourcing Allowed,false,Rajasthan
305925,Sourcing Allowed,false,Rajasthan
306001,Sourcing Allowed,false,Rajasthan
306021,Sourcing Allowed,false,Rajasthan
306022,Sourcing Allowed,false,Rajasthan
306023,Sourcing Allowed,false,Rajasthan
306027,Sourcing Allowed,false,Rajasthan
306101,Sourcing Allowed,false,Rajasthan
306102,Sourcing Allowed,false,Rajasthan
306103,Sourcing Allowed,false,Rajasthan
306104,Sourcing Allowed,false,Rajasthan
306105,Sourcing Allowed,false,Rajasthan
306106,Sourcing Allowed,false,Rajasthan
306114,Sourcing Allowed,false,Rajasthan
306115,Sourcing Allowed,false,Rajasthan
306116,Sourcing Allowed,false,Rajasthan
306119,Sourcing Allowed,false,Rajasthan
306126,Sourcing Allowed,false,Rajasthan
306301,Sourcing Allowed,false,Rajasthan
306302,Sourcing Allowed,false,Rajasthan
306303,Sourcing Allowed,false,Rajasthan
306304,Sourcing Allowed,false,Rajasthan
306305,Sourcing Allowed,false,Rajasthan
306306,Sourcing Allowed,false,Rajasthan
306307,Sourcing Allowed,false,Rajasthan
306308,Sourcing Allowed,false,Rajasthan
306401,Sourcing Allowed,false,Rajasthan
306421,Sourcing Allowed,false,Rajasthan
306422,Sourcing Allowed,false,Rajasthan
306501,Sourcing Allowed,false,Rajasthan
306502,Sourcing Allowed,false,Rajasthan
306503,Sourcing Allowed,false,Rajasthan
306504,Sourcing Allowed,false,Rajasthan
306601,Sourcing Allowed,false,Rajasthan
306602,Sourcing Allowed,false,Rajasthan
306603,Sourcing Allowed,false,Rajasthan
306701,Sourcing Allowed,false,Rajasthan
306702,Sourcing Allowed,false,Rajasthan
306703,Sourcing Allowed,false,Rajasthan
306704,Sourcing Allowed,false,Rajasthan
306705,Sourcing Allowed,false,Rajasthan
306706,Sourcing Allowed,false,Rajasthan
306707,Sourcing Allowed,false,Rajasthan
306708,Sourcing Allowed,false,Rajasthan
306709,Sourcing Allowed,false,Rajasthan
306901,Sourcing Allowed,false,Rajasthan
306902,Sourcing Allowed,false,Rajasthan
306912,Sourcing Allowed,false,Rajasthan
307001,Sourcing Allowed,false,Rajasthan
307019,Sourcing Allowed,false,Rajasthan
307021,Sourcing Allowed,false,Rajasthan
307022,Sourcing Allowed,false,Rajasthan
307023,Sourcing Allowed,false,Rajasthan
307026,Sourcing Allowed,false,Rajasthan
307027,Sourcing Allowed,false,Rajasthan
307028,Sourcing Allowed,false,Rajasthan
307029,Sourcing Allowed,false,Rajasthan
307030,Sourcing Allowed,false,Rajasthan
307031,Sourcing Allowed,false,Rajasthan
307032,Sourcing Allowed,false,Rajasthan
307042,Sourcing Allowed,false,Rajasthan
307043,Sourcing Allowed,false,Rajasthan
307510,Sourcing Allowed,false,Rajasthan
307512,Sourcing Allowed,false,Rajasthan
307513,Sourcing Allowed,false,Rajasthan
307514,Sourcing Allowed,false,Rajasthan
307515,Sourcing Allowed,false,Rajasthan
307801,Sourcing Allowed,false,Rajasthan
307802,Sourcing Allowed,false,Rajasthan
307803,Sourcing Allowed,false,Rajasthan
310029,Sourcing Allowed,false,Rajasthan
311001,Sourcing Allowed,false,Rajasthan
311011,Sourcing Allowed,false,Rajasthan
311012,Sourcing Allowed,false,Rajasthan
311013,Sourcing Allowed,false,Rajasthan
311021,Sourcing Allowed,false,Rajasthan
311022,Sourcing Allowed,false,Rajasthan
311023,Sourcing Allowed,false,Rajasthan
311024,Sourcing Allowed,false,Rajasthan
311025,Sourcing Allowed,false,Rajasthan
311026,Sourcing Allowed,false,Rajasthan
311027,Sourcing Allowed,false,Rajasthan
311028,Sourcing Allowed,false,Rajasthan
311029,Sourcing Allowed,false,Rajasthan
311030,Sourcing Allowed,false,Rajasthan
311031,Sourcing Allowed,false,Rajasthan
311032,Sourcing Allowed,false,Rajasthan
311201,Sourcing Allowed,false,Rajasthan
311202,Sourcing Allowed,false,Rajasthan
311203,Sourcing Allowed,false,Rajasthan
311204,Sourcing Allowed,false,Rajasthan
311301,Sourcing Allowed,false,Rajasthan
311302,Sourcing Allowed,false,Rajasthan
311303,Sourcing Allowed,false,Rajasthan
311401,Sourcing Allowed,false,Rajasthan
311402,Sourcing Allowed,false,Rajasthan
311403,Sourcing Allowed,false,Rajasthan
311404,Sourcing Allowed,false,Rajasthan
311405,Sourcing Allowed,false,Rajasthan
311406,Sourcing Allowed,false,Rajasthan
311407,Sourcing Allowed,false,Rajasthan
311408,Sourcing Allowed,false,Rajasthan
311601,Sourcing Allowed,false,Rajasthan
311602,Sourcing Allowed,false,Rajasthan
311603,Sourcing Allowed,false,Rajasthan
311604,Sourcing Allowed,false,Rajasthan
311605,Sourcing Allowed,false,Rajasthan
311606,Sourcing Allowed,false,Rajasthan
311607,Sourcing Allowed,false,Rajasthan
311608,Sourcing Allowed,false,Rajasthan
311609,Sourcing Allowed,false,Rajasthan
311801,Sourcing Allowed,false,Rajasthan
311802,Sourcing Allowed,false,Rajasthan
311803,Sourcing Allowed,false,Rajasthan
311804,Sourcing Allowed,false,Rajasthan
311805,Sourcing Allowed,false,Rajasthan
311806,Sourcing Allowed,false,Rajasthan
311807,Sourcing Allowed,false,Rajasthan
311808,Sourcing Allowed,false,Rajasthan
311809,Sourcing Allowed,false,Rajasthan
311810,Sourcing Allowed,false,Rajasthan
312001,Sourcing Allowed,false,Rajasthan
312021,Sourcing Allowed,false,Rajasthan
312022,Sourcing Allowed,false,Rajasthan
312023,Sourcing Allowed,false,Rajasthan
312024,Sourcing Allowed,false,Rajasthan
312025,Sourcing Allowed,false,Rajasthan
312026,Sourcing Allowed,false,Rajasthan
312027,Sourcing Allowed,false,Rajasthan
312201,Sourcing Allowed,false,Rajasthan
312202,Sourcing Allowed,false,Rajasthan
312203,Sourcing Allowed,false,Rajasthan
312204,Sourcing Allowed,false,Rajasthan
312205,Sourcing Allowed,false,Rajasthan
312206,Sourcing Allowed,false,Rajasthan
312207,Sourcing Allowed,false,Rajasthan
312402,Sourcing Allowed,false,Rajasthan
312403,Sourcing Allowed,false,Rajasthan
312601,Sourcing Allowed,false,Rajasthan
312602,Sourcing Allowed,false,Rajasthan
312604,Sourcing Allowed,false,Rajasthan
312605,Sourcing Allowed,false,Rajasthan
312606,Sourcing Allowed,false,Rajasthan
312612,Sourcing Allowed,false,Rajasthan
312613,Sourcing Allowed,false,Rajasthan
312615,Sourcing Allowed,false,Rajasthan
312619,Sourcing Allowed,false,Rajasthan
312620,Sourcing Allowed,false,Rajasthan
312621,Sourcing Allowed,false,Rajasthan
312622,Sourcing Allowed,false,Rajasthan
312623,Sourcing Allowed,false,Rajasthan
312624,Sourcing Allowed,false,Rajasthan
312627,Sourcing Allowed,false,Rajasthan
312901,Sourcing Allowed,false,Rajasthan
313001,Sourcing Allowed,false,Rajasthan
313002,Sourcing Allowed,false,Rajasthan
313003,Sourcing Allowed,false,Rajasthan
313004,Sourcing Allowed,false,Rajasthan
313011,Sourcing Allowed,false,Rajasthan
313012,Sourcing Allowed,false,Rajasthan
313013,Sourcing Allowed,false,Rajasthan
313014,Sourcing Allowed,false,Rajasthan
313015,Sourcing Allowed,false,Rajasthan
313016,Sourcing Allowed,false,Rajasthan
313021,Sourcing Allowed,false,Rajasthan
313022,Sourcing Allowed,false,Rajasthan
313023,Sourcing Allowed,false,Rajasthan
313024,Sourcing Allowed,false,Rajasthan
313025,Sourcing Allowed,false,Rajasthan
313027,Sourcing Allowed,false,Rajasthan
313031,Sourcing Allowed,false,Rajasthan
313201,Sourcing Allowed,false,Rajasthan
313202,Sourcing Allowed,false,Rajasthan
313203,Sourcing Allowed,false,Rajasthan
313204,Sourcing Allowed,false,Rajasthan
313205,Sourcing Allowed,false,Rajasthan
313206,Sourcing Allowed,false,Rajasthan
313211,Sourcing Allowed,false,Rajasthan
313301,Sourcing Allowed,false,Rajasthan
313321,Sourcing Allowed,false,Rajasthan
313322,Sourcing Allowed,false,Rajasthan
313323,Sourcing Allowed,false,Rajasthan
313324,Sourcing Allowed,false,Rajasthan
313327,Sourcing Allowed,false,Rajasthan
313328,Sourcing Allowed,false,Rajasthan
313329,Sourcing Allowed,false,Rajasthan
313331,Sourcing Allowed,false,Rajasthan
313332,Sourcing Allowed,false,Rajasthan
313334,Sourcing Allowed,false,Rajasthan
313341,Sourcing Allowed,false,Rajasthan
313342,Sourcing Allowed,false,Rajasthan
313601,Sourcing Allowed,false,Rajasthan
313602,Sourcing Allowed,false,Rajasthan
313603,Sourcing Allowed,false,Rajasthan
313604,Sourcing Allowed,false,Rajasthan
313605,Sourcing Allowed,false,Rajasthan
313610,Sourcing Allowed,false,Rajasthan
313703,Sourcing Allowed,false,Rajasthan
313704,Sourcing Allowed,false,Rajasthan
313705,Sourcing Allowed,false,Rajasthan
313706,Sourcing Allowed,false,Rajasthan
313707,Sourcing Allowed,false,Rajasthan
313708,Sourcing Allowed,false,Rajasthan
313802,Sourcing Allowed,false,Rajasthan
313803,Sourcing Allowed,false,Rajasthan
313901,Sourcing Allowed,false,Rajasthan
313902,Sourcing Allowed,false,Rajasthan
313903,Sourcing Allowed,false,Rajasthan
314025,Sourcing Allowed,false,Rajasthan
314037,Sourcing Allowed,false,Rajasthan
321006,Sourcing Allowed,false,Rajasthan
321605,Sourcing Allowed,false,Rajasthan
321607,Sourcing Allowed,false,Rajasthan
321608,Sourcing Allowed,false,Rajasthan
321609,Sourcing Allowed,false,Rajasthan
321610,Sourcing Allowed,false,Rajasthan
321611,Sourcing Allowed,false,Rajasthan
321612,Sourcing Allowed,false,Rajasthan
321613,Sourcing Allowed,false,Rajasthan
321633,Sourcing Allowed,false,Rajasthan
322001,Sourcing Allowed,false,Rajasthan
322021,Sourcing Allowed,false,Rajasthan
322023,Sourcing Allowed,false,Rajasthan
322024,Sourcing Allowed,false,Rajasthan
322027,Sourcing Allowed,false,Rajasthan
322030,Sourcing Allowed,false,Rajasthan
322201,Sourcing Allowed,false,Rajasthan
322202,Sourcing Allowed,false,Rajasthan
322203,Sourcing Allowed,false,Rajasthan
322204,Sourcing Allowed,false,Rajasthan
322211,Sourcing Allowed,false,Rajasthan
322213,Sourcing Allowed,false,Rajasthan
322215,Sourcing Allowed,false,Rajasthan
322216,Sourcing Allowed,false,Rajasthan
322218,Sourcing Allowed,false,Rajasthan
322219,Sourcing Allowed,false,Rajasthan
322220,Sourcing Allowed,false,Rajasthan
322230,Sourcing Allowed,false,Rajasthan
322234,Sourcing Allowed,false,Rajasthan
322236,Sourcing Allowed,false,Rajasthan
322238,Sourcing Allowed,false,Rajasthan
322240,Sourcing Allowed,false,Rajasthan
322241,Sourcing Allowed,false,Rajasthan
322242,Sourcing Allowed,false,Rajasthan
322243,Sourcing Allowed,false,Rajasthan
322249,Sourcing Allowed,false,Rajasthan
322251,Sourcing Allowed,false,Rajasthan
322252,Sourcing Allowed,false,Rajasthan
322254,Sourcing Allowed,false,Rajasthan
322255,Sourcing Allowed,false,Rajasthan
322702,Sourcing Allowed,false,Rajasthan
323001,Sourcing Allowed,false,Rajasthan
323021,Sourcing Allowed,false,Rajasthan
323022,Sourcing Allowed,false,Rajasthan
323023,Sourcing Allowed,false,Rajasthan
323024,Sourcing Allowed,false,Rajasthan
323025,Sourcing Allowed,false,Rajasthan
323026,Sourcing Allowed,false,Rajasthan
323301,Sourcing Allowed,false,Rajasthan
323302,Sourcing Allowed,false,Rajasthan
323303,Sourcing Allowed,false,Rajasthan
323305,Sourcing Allowed,false,Rajasthan
323307,Sourcing Allowed,false,Rajasthan
323601,Sourcing Allowed,false,Rajasthan
323602,Sourcing Allowed,false,Rajasthan
323603,Sourcing Allowed,false,Rajasthan
323604,Sourcing Allowed,false,Rajasthan
323613,Sourcing Allowed,false,Rajasthan
323614,Sourcing Allowed,false,Rajasthan
323615,Sourcing Allowed,false,Rajasthan
323616,Sourcing Allowed,false,Rajasthan
323801,Sourcing Allowed,false,Rajasthan
323802,Sourcing Allowed,false,Rajasthan
323803,Sourcing Allowed,false,Rajasthan
324001,Sourcing Allowed,false,Rajasthan
324002,Sourcing Allowed,false,Rajasthan
324003,Sourcing Allowed,false,Rajasthan
324004,Sourcing Allowed,false,Rajasthan
324005,Sourcing Allowed,false,Rajasthan
324006,Sourcing Allowed,false,Rajasthan
324007,Sourcing Allowed,false,Rajasthan
324008,Sourcing Allowed,false,Rajasthan
324009,Sourcing Allowed,false,Rajasthan
324010,Sourcing Allowed,false,Rajasthan
325001,Sourcing Allowed,false,Rajasthan
325003,Sourcing Allowed,false,Rajasthan
325004,Sourcing Allowed,false,Rajasthan
325009,Sourcing Allowed,false,Rajasthan
325201,Sourcing Allowed,false,Rajasthan
325202,Sourcing Allowed,false,Rajasthan
325203,Sourcing Allowed,false,Rajasthan
325204,Sourcing Allowed,false,Rajasthan
325205,Sourcing Allowed,false,Rajasthan
325206,Sourcing Allowed,false,Rajasthan
325207,Sourcing Allowed,false,Rajasthan
325208,Sourcing Allowed,false,Rajasthan
325209,Sourcing Allowed,false,Rajasthan
325214,Sourcing Allowed,false,Rajasthan
325215,Sourcing Allowed,false,Rajasthan
325216,Sourcing Allowed,false,Rajasthan
325217,Sourcing Allowed,false,Rajasthan
325218,Sourcing Allowed,false,Rajasthan
325219,Sourcing Allowed,false,Rajasthan
325220,Sourcing Allowed,false,Rajasthan
325221,Sourcing Allowed,false,Rajasthan
325222,Sourcing Allowed,false,Rajasthan
325223,Sourcing Allowed,false,Rajasthan
325224,Sourcing Allowed,false,Rajasthan
325225,Sourcing Allowed,false,Rajasthan
325601,Sourcing Allowed,false,Rajasthan
325602,Sourcing Allowed,false,Rajasthan
326038,Sourcing Allowed,false,Rajasthan
326510,Sourcing Allowed,false,Rajasthan
326517,Sourcing Allowed,false,Rajasthan
326518,Sourcing Allowed,false,Rajasthan
326519,Sourcing Allowed,false,Rajasthan
326520,Sourcing Allowed,false,Rajasthan
326529,Sourcing Allowed,false,Rajasthan
326530,Sourcing Allowed,false,Rajasthan
327001,Sourcing Allowed,false,Rajasthan
327021,Sourcing Allowed,false,Rajasthan
327022,Sourcing Allowed,false,Rajasthan
327025,Sourcing Allowed,false,Rajasthan
327031,Sourcing Allowed,false,Rajasthan
327032,Sourcing Allowed,false,Rajasthan
327034,Sourcing Allowed,false,Rajasthan
327602,Sourcing Allowed,false,Rajasthan
327604,Sourcing Allowed,false,Rajasthan
327606,Sourcing Allowed,false,Rajasthan
328001,Sourcing Allowed,false,Rajasthan
328021,Sourcing Allowed,false,Rajasthan
328023,Sourcing Allowed,false,Rajasthan
328024,Sourcing Allowed,false,Rajasthan
328025,Sourcing Allowed,false,Rajasthan
328027,Sourcing Allowed,false,Rajasthan
328029,Sourcing Allowed,false,Rajasthan
328216,Sourcing Allowed,false,Rajasthan
331001,Sourcing Allowed,false,Rajasthan
331002,Sourcing Allowed,false,Rajasthan
331021,Sourcing Allowed,false,Rajasthan
331022,Sourcing Allowed,false,Rajasthan
331023,Sourcing Allowed,false,Rajasthan
331024,Sourcing Allowed,false,Rajasthan
331029,Sourcing Allowed,false,Rajasthan
331031,Sourcing Allowed,false,Rajasthan
331033,Sourcing Allowed,false,Rajasthan
331301,Sourcing Allowed,false,Rajasthan
331302,Sourcing Allowed,false,Rajasthan
331303,Sourcing Allowed,false,Rajasthan
331304,Sourcing Allowed,false,Rajasthan
331305,Sourcing Allowed,false,Rajasthan
331402,Sourcing Allowed,false,Rajasthan
331403,Sourcing Allowed,false,Rajasthan
331404,Sourcing Allowed,false,Rajasthan
331411,Sourcing Allowed,false,Rajasthan
331501,Sourcing Allowed,false,Rajasthan
331502,Sourcing Allowed,false,Rajasthan
331503,Sourcing Allowed,false,Rajasthan
331504,Sourcing Allowed,false,Rajasthan
331505,Sourcing Allowed,false,Rajasthan
331506,Sourcing Allowed,false,Rajasthan
331507,Sourcing Allowed,false,Rajasthan
331517,Sourcing Allowed,false,Rajasthan
331518,Sourcing Allowed,false,Rajasthan
331701,Sourcing Allowed,false,Rajasthan
331801,Sourcing Allowed,false,Rajasthan
331802,Sourcing Allowed,false,Rajasthan
331803,Sourcing Allowed,false,Rajasthan
332001,Sourcing Allowed,false,Rajasthan
332002,Sourcing Allowed,false,Rajasthan
332021,Sourcing Allowed,false,Rajasthan
332023,Sourcing Allowed,false,Rajasthan
332024,Sourcing Allowed,false,Rajasthan
332025,Sourcing Allowed,false,Rajasthan
332026,Sourcing Allowed,false,Rajasthan
332027,Sourcing Allowed,false,Rajasthan
332028,Sourcing Allowed,false,Rajasthan
332029,Sourcing Allowed,false,Rajasthan
332030,Sourcing Allowed,false,Rajasthan
332031,Sourcing Allowed,false,Rajasthan
332041,Sourcing Allowed,false,Rajasthan
332042,Sourcing Allowed,false,Rajasthan
332301,Sourcing Allowed,false,Rajasthan
332302,Sourcing Allowed,false,Rajasthan
332303,Sourcing Allowed,false,Rajasthan
332304,Sourcing Allowed,false,Rajasthan
332305,Sourcing Allowed,false,Rajasthan
332307,Sourcing Allowed,false,Rajasthan
332311,Sourcing Allowed,false,Rajasthan
332312,Sourcing Allowed,false,Rajasthan
332315,Sourcing Allowed,false,Rajasthan
332316,Sourcing Allowed,false,Rajasthan
332317,Sourcing Allowed,false,Rajasthan
332318,Sourcing Allowed,false,Rajasthan
332401,Sourcing Allowed,false,Rajasthan
332402,Sourcing Allowed,false,Rajasthan
332403,Sourcing Allowed,false,Rajasthan
332404,Sourcing Allowed,false,Rajasthan
332405,Sourcing Allowed,false,Rajasthan
332406,Sourcing Allowed,false,Rajasthan
332411,Sourcing Allowed,false,Rajasthan
332601,Sourcing Allowed,false,Rajasthan
332602,Sourcing Allowed,false,Rajasthan
332603,Sourcing Allowed,false,Rajasthan
332701,Sourcing Allowed,false,Rajasthan
332702,Sourcing Allowed,false,Rajasthan
332703,Sourcing Allowed,false,Rajasthan
332705,Sourcing Allowed,false,Rajasthan
332706,Sourcing Allowed,false,Rajasthan
332707,Sourcing Allowed,false,Rajasthan
332708,Sourcing Allowed,false,Rajasthan
332709,Sourcing Allowed,false,Rajasthan
332710,Sourcing Allowed,false,Rajasthan
332711,Sourcing Allowed,false,Rajasthan
332712,Sourcing Allowed,false,Rajasthan
332713,Sourcing Allowed,false,Rajasthan
332714,Sourcing Allowed,false,Rajasthan
332715,Sourcing Allowed,false,Rajasthan
332718,Sourcing Allowed,false,Rajasthan
332719,Sourcing Allowed,false,Rajasthan
332721,Sourcing Allowed,false,Rajasthan
332722,Sourcing Allowed,false,Rajasthan
332742,Sourcing Allowed,false,Rajasthan
332746,Sourcing Allowed,false,Rajasthan
333001,Sourcing Allowed,false,Rajasthan
333031,Sourcing Allowed,false,Rajasthan
333042,Sourcing Allowed,false,Rajasthan
333307,Sourcing Allowed,false,Rajasthan
333801,Sourcing Allowed,false,Rajasthan
334001,Sourcing Allowed,false,Rajasthan
334002,Sourcing Allowed,false,Rajasthan
334003,Sourcing Allowed,false,Rajasthan
334004,Sourcing Allowed,false,Rajasthan
334006,Sourcing Allowed,false,Rajasthan
334021,Sourcing Allowed,false,Rajasthan
334022,Sourcing Allowed,false,Rajasthan
334023,Sourcing Allowed,false,Rajasthan
334201,Sourcing Allowed,false,Rajasthan
334202,Sourcing Allowed,false,Rajasthan
334301,Sourcing Allowed,false,Rajasthan
334302,Sourcing Allowed,false,Rajasthan
334303,Sourcing Allowed,false,Rajasthan
334304,Sourcing Allowed,false,Rajasthan
334305,Sourcing Allowed,false,Rajasthan
334401,Sourcing Allowed,false,Rajasthan
334402,Sourcing Allowed,false,Rajasthan
334403,Sourcing Allowed,false,Rajasthan
334404,Sourcing Allowed,false,Rajasthan
334601,Sourcing Allowed,false,Rajasthan
334602,Sourcing Allowed,false,Rajasthan
334603,Sourcing Allowed,false,Rajasthan
334604,Sourcing Allowed,false,Rajasthan
334801,Sourcing Allowed,false,Rajasthan
334802,Sourcing Allowed,false,Rajasthan
334803,Sourcing Allowed,false,Rajasthan
334804,Sourcing Allowed,false,Rajasthan
334808,Sourcing Allowed,false,Rajasthan
335001,Sourcing Allowed,false,Rajasthan
335002,Sourcing Allowed,false,Rajasthan
335051,Sourcing Allowed,false,Rajasthan
335063,Sourcing Allowed,false,Rajasthan
335512,Sourcing Allowed,false,Rajasthan
335523,Sourcing Allowed,false,Rajasthan
335701,Sourcing Allowed,false,Rajasthan
335707,Sourcing Allowed,false,Rajasthan
335771,Sourcing Allowed,false,Rajasthan
335803,Sourcing Allowed,false,Rajasthan
335804,Sourcing Allowed,false,Rajasthan
341001,Sourcing Allowed,false,Rajasthan
341020,Sourcing Allowed,false,Rajasthan
341021,Sourcing Allowed,false,Rajasthan
341022,Sourcing Allowed,false,Rajasthan
341023,Sourcing Allowed,false,Rajasthan
341024,Sourcing Allowed,false,Rajasthan
341025,Sourcing Allowed,false,Rajasthan
341026,Sourcing Allowed,false,Rajasthan
341027,Sourcing Allowed,false,Rajasthan
341028,Sourcing Allowed,false,Rajasthan
341029,Sourcing Allowed,false,Rajasthan
341030,Sourcing Allowed,false,Rajasthan
341031,Sourcing Allowed,false,Rajasthan
341301,Sourcing Allowed,false,Rajasthan
341302,Sourcing Allowed,false,Rajasthan
341303,Sourcing Allowed,false,Rajasthan
341304,Sourcing Allowed,false,Rajasthan
341305,Sourcing Allowed,false,Rajasthan
341306,Sourcing Allowed,false,Rajasthan
341316,Sourcing Allowed,false,Rajasthan
341317,Sourcing Allowed,false,Rajasthan
341318,Sourcing Allowed,false,Rajasthan
341319,Sourcing Allowed,false,Rajasthan
341501,Sourcing Allowed,false,Rajasthan
341502,Sourcing Allowed,false,Rajasthan
341503,Sourcing Allowed,false,Rajasthan
341504,Sourcing Allowed,false,Rajasthan
341505,Sourcing Allowed,false,Rajasthan
341506,Sourcing Allowed,false,Rajasthan
341507,Sourcing Allowed,false,Rajasthan
341508,Sourcing Allowed,false,Rajasthan
341509,Sourcing Allowed,false,Rajasthan
341510,Sourcing Allowed,false,Rajasthan
341511,Sourcing Allowed,false,Rajasthan
341512,Sourcing Allowed,false,Rajasthan
341513,Sourcing Allowed,false,Rajasthan
341514,Sourcing Allowed,false,Rajasthan
341515,Sourcing Allowed,false,Rajasthan
341516,Sourcing Allowed,false,Rajasthan
341517,Sourcing Allowed,false,Rajasthan
341518,Sourcing Allowed,false,Rajasthan
341519,Sourcing Allowed,false,Rajasthan
341520,Sourcing Allowed,false,Rajasthan
341533,Sourcing Allowed,false,Rajasthan
341542,Sourcing Allowed,false,Rajasthan
341551,Sourcing Allowed,false,Rajasthan
342001,Sourcing Allowed,false,Rajasthan
342002,Sourcing Allowed,false,Rajasthan
342003,Sourcing Allowed,false,Rajasthan
342004,Sourcing Allowed,false,Rajasthan
342005,Sourcing Allowed,false,Rajasthan
342006,Sourcing Allowed,false,Rajasthan
342007,Sourcing Allowed,false,Rajasthan
342008,Sourcing Allowed,false,Rajasthan
342010,Sourcing Allowed,false,Rajasthan
342011,Sourcing Allowed,false,Rajasthan
342012,Sourcing Allowed,false,Rajasthan
342013,Sourcing Allowed,false,Rajasthan
342014,Sourcing Allowed,false,Rajasthan
342021,Sourcing Allowed,false,Rajasthan
342022,Sourcing Allowed,false,Rajasthan
342023,Sourcing Allowed,false,Rajasthan
342024,Sourcing Allowed,false,Rajasthan
342025,Sourcing Allowed,false,Rajasthan
342026,Sourcing Allowed,false,Rajasthan
342027,Sourcing Allowed,false,Rajasthan
342028,Sourcing Allowed,false,Rajasthan
342029,Sourcing Allowed,false,Rajasthan
342030,Sourcing Allowed,false,Rajasthan
342031,Sourcing Allowed,false,Rajasthan
342032,Sourcing Allowed,false,Rajasthan
342033,Sourcing Allowed,false,Rajasthan
342034,Sourcing Allowed,false,Rajasthan
342037,Sourcing Allowed,false,Rajasthan
342301,Sourcing Allowed,false,Rajasthan
342302,Sourcing Allowed,false,Rajasthan
342303,Sourcing Allowed,false,Rajasthan
342304,Sourcing Allowed,false,Rajasthan
342305,Sourcing Allowed,false,Rajasthan
342306,Sourcing Allowed,false,Rajasthan
342307,Sourcing Allowed,false,Rajasthan
342308,Sourcing Allowed,false,Rajasthan
342309,Sourcing Allowed,false,Rajasthan
342310,Sourcing Allowed,false,Rajasthan
342311,Sourcing Allowed,false,Rajasthan
342312,Sourcing Allowed,false,Rajasthan
342314,Sourcing Allowed,false,Rajasthan
342601,Sourcing Allowed,false,Rajasthan
342602,Sourcing Allowed,false,Rajasthan
342603,Sourcing Allowed,false,Rajasthan
342604,Sourcing Allowed,false,Rajasthan
342605,Sourcing Allowed,false,Rajasthan
342606,Sourcing Allowed,false,Rajasthan
342607,Sourcing Allowed,false,Rajasthan
342608,Sourcing Allowed,false,Rajasthan
342609,Sourcing Allowed,false,Rajasthan
342611,Sourcing Allowed,false,Rajasthan
342612,Sourcing Allowed,false,Rajasthan
342801,Sourcing Allowed,false,Rajasthan
342802,Sourcing Allowed,false,Rajasthan
342803,Sourcing Allowed,false,Rajasthan
342804,Sourcing Allowed,false,Rajasthan
342901,Sourcing Allowed,false,Rajasthan
342902,Sourcing Allowed,false,Rajasthan
343001,Sourcing Allowed,false,Rajasthan
343002,Sourcing Allowed,false,Rajasthan
343021,Sourcing Allowed,false,Rajasthan
343023,Sourcing Allowed,false,Rajasthan
343024,Sourcing Allowed,false,Rajasthan
343025,Sourcing Allowed,false,Rajasthan
343027,Sourcing Allowed,false,Rajasthan
343028,Sourcing Allowed,false,Rajasthan
343029,Sourcing Allowed,false,Rajasthan
343030,Sourcing Allowed,false,Rajasthan
343032,Sourcing Allowed,false,Rajasthan
343039,Sourcing Allowed,false,Rajasthan
343040,Sourcing Allowed,false,Rajasthan
343041,Sourcing Allowed,false,Rajasthan
343042,Sourcing Allowed,false,Rajasthan
343048,Sourcing Allowed,false,Rajasthan
343049,Sourcing Allowed,false,Rajasthan
344001,Sourcing Allowed,false,Rajasthan
344021,Sourcing Allowed,false,Rajasthan
344022,Sourcing Allowed,false,Rajasthan
344024,Sourcing Allowed,false,Rajasthan
344031,Sourcing Allowed,false,Rajasthan
344032,Sourcing Allowed,false,Rajasthan
344033,Sourcing Allowed,false,Rajasthan
344034,Sourcing Allowed,false,Rajasthan
344035,Sourcing Allowed,false,Rajasthan
344037,Sourcing Allowed,false,Rajasthan
344502,Sourcing Allowed,false,Rajasthan
344701,Sourcing Allowed,false,Rajasthan
344702,Sourcing Allowed,false,Rajasthan
344703,Sourcing Allowed,false,Rajasthan
344704,Sourcing Allowed,false,Rajasthan
344706,Sourcing Allowed,false,Rajasthan
344801,Sourcing Allowed,false,Rajasthan
345001,Sourcing Allowed,false,Rajasthan
345021,Sourcing Allowed,false,Rajasthan
360001,Sourcing Allowed,false,Gujarat
360002,Sourcing Allowed,false,Gujarat
360003,Sourcing Allowed,false,Gujarat
360004,Sourcing Allowed,false,Gujarat
360005,Sourcing Allowed,false,Gujarat
360006,Sourcing Allowed,false,Gujarat
360007,Sourcing Allowed,false,Gujarat
360020,Sourcing Allowed,false,Gujarat
360021,Sourcing Allowed,false,Gujarat
360022,Sourcing Allowed,false,Gujarat
360023,Sourcing Allowed,false,Gujarat
360024,Sourcing Allowed,false,Gujarat
360025,Sourcing Allowed,false,Gujarat
360026,Sourcing Allowed,false,Gujarat
360028,Sourcing Allowed,false,Gujarat
360030,Sourcing Allowed,false,Gujarat
360035,Sourcing Allowed,false,Gujarat
360040,Sourcing Allowed,false,Gujarat
360045,Sourcing Allowed,false,Gujarat
360050,Sourcing Allowed,false,Gujarat
360055,Sourcing Allowed,false,Gujarat
360060,Sourcing Allowed,false,Gujarat
360070,Sourcing Allowed,false,Gujarat
360080,Sourcing Allowed,false,Gujarat
360110,Sourcing Allowed,false,Gujarat
360311,Sourcing Allowed,false,Gujarat
360320,Sourcing Allowed,false,Gujarat
360325,Sourcing Allowed,false,Gujarat
360330,Sourcing Allowed,false,Gujarat
360360,Sourcing Allowed,false,Gujarat
360370,Sourcing Allowed,false,Gujarat
360375,Sourcing Allowed,false,Gujarat
360380,Sourcing Allowed,false,Gujarat
360405,Sourcing Allowed,false,Gujarat
360410,Sourcing Allowed,false,Gujarat
360421,Sourcing Allowed,false,Gujarat
360430,Sourcing Allowed,false,Gujarat
360440,Sourcing Allowed,false,Gujarat
360450,Sourcing Allowed,false,Gujarat
360452,Sourcing Allowed,false,Gujarat
360460,Sourcing Allowed,false,Gujarat
360465,Sourcing Allowed,false,Gujarat
360470,Sourcing Allowed,false,Gujarat
360480,Sourcing Allowed,false,Gujarat
360485,Sourcing Allowed,false,Gujarat
360490,Sourcing Allowed,false,Gujarat
360510,Sourcing Allowed,false,Gujarat
360515,Sourcing Allowed,false,Gujarat
360520,Sourcing Allowed,false,Gujarat
360530,Sourcing Allowed,false,Gujarat
360531,Sourcing Allowed,false,Gujarat
360540,Sourcing Allowed,false,Gujarat
360545,Sourcing Allowed,false,Gujarat
360550,Sourcing Allowed,false,Gujarat
360560,Sourcing Allowed,false,Gujarat
360570,Sourcing Allowed,false,Gujarat
360571,Sourcing Allowed,false,Gujarat
360572,Sourcing Allowed,false,Gujarat
360575,Sourcing Allowed,false,Gujarat
360576,Sourcing Allowed,false,Gujarat
360577,Sourcing Allowed,false,Gujarat
360578,Sourcing Allowed,false,Gujarat
360579,Sourcing Allowed,false,Gujarat
360583,Sourcing Allowed,false,Gujarat
360585,Sourcing Allowed,false,Gujarat
360590,Sourcing Allowed,false,Gujarat
361001,Sourcing Allowed,false,Gujarat
361002,Sourcing Allowed,false,Gujarat
361003,Sourcing Allowed,false,Gujarat
361004,Sourcing Allowed,false,Gujarat
361005,Sourcing Allowed,false,Gujarat
361006,Sourcing Allowed,false,Gujarat
361007,Sourcing Allowed,false,Gujarat
361008,Sourcing Allowed,false,Gujarat
361009,Sourcing Allowed,false,Gujarat
361010,Sourcing Allowed,false,Gujarat
361011,Sourcing Allowed,false,Gujarat
361012,Sourcing Allowed,false,Gujarat
361013,Sourcing Allowed,false,Gujarat
361110,Sourcing Allowed,false,Gujarat
361120,Sourcing Allowed,false,Gujarat
361130,Sourcing Allowed,false,Gujarat
361140,Sourcing Allowed,false,Gujarat
361141,Sourcing Allowed,false,Gujarat
361142,Sourcing Allowed,false,Gujarat
361150,Sourcing Allowed,false,Gujarat
361160,Sourcing Allowed,false,Gujarat
361162,Sourcing Allowed,false,Gujarat
361170,Sourcing Allowed,false,Gujarat
361210,Sourcing Allowed,false,Gujarat
361220,Sourcing Allowed,false,Gujarat
361230,Sourcing Allowed,false,Gujarat
361240,Sourcing Allowed,false,Gujarat
361250,Sourcing Allowed,false,Gujarat
361280,Sourcing Allowed,false,Gujarat
361305,Sourcing Allowed,false,Gujarat
361306,Sourcing Allowed,false,Gujarat
361310,Sourcing Allowed,false,Gujarat
361315,Sourcing Allowed,false,Gujarat
361320,Sourcing Allowed,false,Gujarat
361325,Sourcing Allowed,false,Gujarat
361330,Sourcing Allowed,false,Gujarat
361335,Sourcing Allowed,false,Gujarat
361345,Sourcing Allowed,false,Gujarat
361347,Sourcing Allowed,false,Gujarat
361350,Sourcing Allowed,false,Gujarat
362001,Sourcing Allowed,false,Gujarat
362002,Sourcing Allowed,false,Gujarat
362003,Sourcing Allowed,false,Gujarat
362004,Sourcing Allowed,false,Gujarat
362011,Sourcing Allowed,false,Gujarat
362012,Sourcing Allowed,false,Gujarat
362013,Sourcing Allowed,false,Gujarat
362014,Sourcing Allowed,false,Gujarat
362015,Sourcing Allowed,false,Gujarat
362020,Sourcing Allowed,false,Gujarat
362021,Sourcing Allowed,false,Gujarat
362030,Sourcing Allowed,false,Gujarat
362036,Sourcing Allowed,false,Gujarat
362037,Sourcing Allowed,false,Gujarat
362110,Sourcing Allowed,false,Gujarat
362120,Sourcing Allowed,false,Gujarat
362130,Sourcing Allowed,false,Gujarat
362132,Sourcing Allowed,false,Gujarat
362133,Sourcing Allowed,false,Gujarat
362135,Sourcing Allowed,false,Gujarat
362136,Sourcing Allowed,false,Gujarat
362140,Sourcing Allowed,false,Gujarat
362142,Sourcing Allowed,false,Gujarat
362151,Sourcing Allowed,false,Gujarat
362152,Sourcing Allowed,false,Gujarat
362155,Sourcing Allowed,false,Gujarat
362205,Sourcing Allowed,false,Gujarat
362215,Sourcing Allowed,false,Gujarat
362216,Sourcing Allowed,false,Gujarat
362220,Sourcing Allowed,false,Gujarat
362221,Sourcing Allowed,false,Gujarat
362222,Sourcing Allowed,false,Gujarat
362223,Sourcing Allowed,false,Gujarat
362224,Sourcing Allowed,false,Gujarat
362225,Sourcing Allowed,false,Gujarat
362226,Sourcing Allowed,false,Gujarat
362227,Sourcing Allowed,false,Gujarat
362228,Sourcing Allowed,false,Gujarat
362229,Sourcing Allowed,false,Gujarat
362230,Sourcing Allowed,false,Gujarat
362235,Sourcing Allowed,false,Gujarat
362240,Sourcing Allowed,false,Gujarat
362242,Sourcing Allowed,false,Gujarat
362245,Sourcing Allowed,false,Gujarat
362246,Sourcing Allowed,false,Gujarat
362247,Sourcing Allowed,false,Gujarat
362248,Sourcing Allowed,false,Gujarat
362249,Sourcing Allowed,false,Gujarat
362250,Sourcing Allowed,false,Gujarat
362255,Sourcing Allowed,false,Gujarat
362256,Sourcing Allowed,false,Gujarat
362257,Sourcing Allowed,false,Gujarat
362258,Sourcing Allowed,false,Gujarat
362259,Sourcing Allowed,false,Gujarat
362260,Sourcing Allowed,false,Gujarat
362263,Sourcing Allowed,false,Gujarat
362266,Sourcing Allowed,false,Gujarat
362267,Sourcing Allowed,false,Gujarat
362268,Sourcing Allowed,false,Gujarat
362269,Sourcing Allowed,false,Gujarat
362276,Sourcing Allowed,false,Gujarat
362278,Sourcing Allowed,false,Gujarat
362310,Sourcing Allowed,false,Gujarat
362315,Sourcing Allowed,false,Gujarat
362510,Sourcing Allowed,false,Gujarat
362515,Sourcing Allowed,false,Gujarat
362520,Sourcing Allowed,false,Daman and Diu
362540,Sourcing Allowed,false,Daman and Diu
362550,Sourcing Allowed,false,Gujarat
362551,Sourcing Allowed,false,Gujarat
362552,Sourcing Allowed,false,Gujarat
362565,Sourcing Allowed,false,Gujarat
362570,Sourcing Allowed,false,Daman and Diu
362571,Sourcing Allowed,false,Gujarat
362610,Sourcing Allowed,false,Gujarat
362615,Sourcing Allowed,false,Gujarat
362620,Sourcing Allowed,false,Gujarat
362621,Sourcing Allowed,false,Gujarat
362623,Sourcing Allowed,false,Gujarat
362624,Sourcing Allowed,false,Gujarat
362625,Sourcing Allowed,false,Gujarat
362626,Sourcing Allowed,false,Gujarat
362627,Sourcing Allowed,false,Gujarat
362630,Sourcing Allowed,false,Gujarat
362633,Sourcing Allowed,false,Gujarat
362634,Sourcing Allowed,false,Gujarat
362640,Sourcing Allowed,false,Gujarat
362652,Sourcing Allowed,false,Gujarat
362710,Sourcing Allowed,false,Gujarat
362721,Sourcing Allowed,false,Gujarat
362722,Sourcing Allowed,false,Gujarat
362725,Sourcing Allowed,false,Gujarat
362726,Sourcing Allowed,false,Gujarat
362727,Sourcing Allowed,false,Gujarat
362733,Sourcing Allowed,false,Gujarat
363001,Sourcing Allowed,false,Gujarat
363002,Sourcing Allowed,false,Gujarat
363020,Sourcing Allowed,false,Gujarat
363030,Sourcing Allowed,false,Gujarat
363035,Sourcing Allowed,false,Gujarat
363040,Sourcing Allowed,false,Gujarat
363110,Sourcing Allowed,false,Gujarat
363115,Sourcing Allowed,false,Gujarat
363310,Sourcing Allowed,false,Gujarat
363320,Sourcing Allowed,false,Gujarat
363330,Sourcing Allowed,false,Gujarat
363331,Sourcing Allowed,false,Gujarat
363351,Sourcing Allowed,false,Gujarat
363410,Sourcing Allowed,false,Gujarat
363415,Sourcing Allowed,false,Gujarat
363421,Sourcing Allowed,false,Gujarat
363423,Sourcing Allowed,false,Gujarat
363425,Sourcing Allowed,false,Gujarat
363427,Sourcing Allowed,false,Gujarat
363430,Sourcing Allowed,false,Gujarat
363435,Sourcing Allowed,false,Gujarat
363440,Sourcing Allowed,false,Gujarat
363510,Sourcing Allowed,false,Gujarat
363520,Sourcing Allowed,false,Gujarat
363530,Sourcing Allowed,false,Gujarat
363610,Sourcing Allowed - Prime,true,Gujarat
363621,Sourcing Allowed,false,Gujarat
363623,Sourcing Allowed,false,Gujarat
363630,Sourcing Allowed,false,Gujarat
363635,Sourcing Allowed,false,Gujarat
363636,Sourcing Allowed,false,Gujarat
363641,Sourcing Allowed,false,Gujarat
363642,Sourcing Allowed,false,Gujarat
363643,Sourcing Allowed,false,Gujarat
363650,Sourcing Allowed,false,Gujarat
363655,Sourcing Allowed,false,Gujarat
363660,Sourcing Allowed,false,Gujarat
363670,Sourcing Allowed,false,Gujarat
364001,Sourcing Allowed,false,Gujarat
364002,Sourcing Allowed,false,Gujarat
364003,Sourcing Allowed,false,Gujarat
364004,Sourcing Allowed,false,Gujarat
364005,Sourcing Allowed,false,Gujarat
364006,Sourcing Allowed,false,Gujarat
364007,Sourcing Allowed,false,Gujarat
364009,Sourcing Allowed,false,Gujarat
364050,Sourcing Allowed,false,Gujarat
364060,Sourcing Allowed,false,Gujarat
364070,Sourcing Allowed,false,Gujarat
364081,Sourcing Allowed,false,Gujarat
364110,Sourcing Allowed,false,Gujarat
364120,Sourcing Allowed,false,Gujarat
364130,Sourcing Allowed,false,Gujarat
364135,Sourcing Allowed,false,Gujarat
364140,Sourcing Allowed,false,Gujarat
364145,Sourcing Allowed,false,Gujarat
364150,Sourcing Allowed,false,Gujarat
364210,Sourcing Allowed,false,Gujarat
364230,Sourcing Allowed,false,Gujarat
364240,Sourcing Allowed,false,Gujarat
364250,Sourcing Allowed,false,Gujarat
364260,Sourcing Allowed,false,Gujarat
364265,Sourcing Allowed,false,Gujarat
364270,Sourcing Allowed,false,Gujarat
364275,Sourcing Allowed,false,Gujarat
364280,Sourcing Allowed,false,Gujarat
364290,Sourcing Allowed,false,Gujarat
364295,Sourcing Allowed,false,Gujarat
364310,Sourcing Allowed,false,Gujarat
364313,Sourcing Allowed,false,Gujarat
364320,Sourcing Allowed,false,Gujarat
364330,Sourcing Allowed,false,Gujarat
364465,Sourcing Allowed,false,Gujarat
364470,Sourcing Allowed,false,Gujarat
364485,Sourcing Allowed,false,Gujarat
364490,Sourcing Allowed,false,Gujarat
364505,Sourcing Allowed,false,Gujarat
364510,Sourcing Allowed,false,Gujarat
364515,Sourcing Allowed,false,Gujarat
364521,Sourcing Allowed,false,Gujarat
364522,Sourcing Allowed,false,Gujarat
364525,Sourcing Allowed,false,Gujarat
364530,Sourcing Allowed,false,Gujarat
364710,Sourcing Allowed,false,Gujarat
364720,Sourcing Allowed,false,Gujarat
364730,Sourcing Allowed,false,Gujarat
364740,Sourcing Allowed,false,Gujarat
364750,Sourcing Allowed,false,Gujarat
364760,Sourcing Allowed,false,Gujarat
364765,Sourcing Allowed,false,Gujarat
365220,Sourcing Allowed,false,Gujarat
365410,Sourcing Allowed,false,Gujarat
365421,Sourcing Allowed,false,Gujarat
365450,Sourcing Allowed,false,Gujarat
365460,Sourcing Allowed,false,Gujarat
365480,Sourcing Allowed,false,Gujarat
365550,Sourcing Allowed,false,Gujarat
365560,Sourcing Allowed,false,Gujarat
365565,Sourcing Allowed,false,Gujarat
365601,Sourcing Allowed,false,Gujarat
365620,Sourcing Allowed,false,Gujarat
365630,Sourcing Allowed,false,Gujarat
370001,Sourcing Allowed,false,Gujarat
370002,Sourcing Allowed,false,Gujarat
370015,Sourcing Allowed,false,Gujarat
370020,Sourcing Allowed,false,Gujarat
370030,Sourcing Allowed,false,Gujarat
370040,Sourcing Allowed,false,Gujarat
370105,Sourcing Allowed,false,Gujarat
370110,Sourcing Allowed,false,Gujarat
370115,Sourcing Allowed,false,Gujarat
370130,Sourcing Allowed,false,Gujarat
370135,Sourcing Allowed,false,Gujarat
370140,Sourcing Allowed,false,Gujarat
370145,Sourcing Allowed,false,Gujarat
370150,Sourcing Allowed,false,Gujarat
370155,Sourcing Allowed,false,Gujarat
370160,Sourcing Allowed,false,Gujarat
370165,Sourcing Allowed,false,Gujarat
370201,Sourcing Allowed,false,Gujarat
370203,Sourcing Allowed,false,Gujarat
370205,Sourcing Allowed,false,Gujarat
370210,Sourcing Allowed,false,Gujarat
370230,Sourcing Allowed,false,Gujarat
370240,Sourcing Allowed,false,Gujarat
370405,Sourcing Allowed,false,Gujarat
370410,Sourcing Allowed,false,Gujarat
370411,Sourcing Allowed,false,Gujarat
370415,Sourcing Allowed,false,Gujarat
370421,Sourcing Allowed,false,Gujarat
370425,Sourcing Allowed,false,Gujarat
370427,Sourcing Allowed,false,Gujarat
370429,Sourcing Allowed,false,Gujarat
370430,Sourcing Allowed,false,Gujarat
370435,Sourcing Allowed,false,Gujarat
370445,Sourcing Allowed,false,Gujarat
370450,Sourcing Allowed,false,Gujarat
370455,Sourcing Allowed,false,Gujarat
370460,Sourcing Allowed,false,Gujarat
370465,Sourcing Allowed,false,Gujarat
370475,Sourcing Allowed,false,Gujarat
370485,Sourcing Allowed,false,Gujarat
370490,Sourcing Allowed,false,Gujarat
370510,Sourcing Allowed,false,Gujarat
370511,Sourcing Allowed,false,Gujarat
370601,Sourcing Allowed,false,Gujarat
370602,Sourcing Allowed,false,Gujarat
370605,Sourcing Allowed,false,Gujarat
370610,Sourcing Allowed,false,Gujarat
370615,Sourcing Allowed,false,Gujarat
370620,Sourcing Allowed,false,Gujarat
370625,Sourcing Allowed,false,Gujarat
370627,Sourcing Allowed,false,Gujarat
370630,Sourcing Allowed,false,Gujarat
370635,Sourcing Allowed,false,Gujarat
370640,Sourcing Allowed,false,Gujarat
370641,Sourcing Allowed,false,Gujarat
370645,Sourcing Allowed,false,Gujarat
370650,Sourcing Allowed,false,Gujarat
370655,Sourcing Allowed,false,Gujarat
370660,Sourcing Allowed,false,Gujarat
370665,Sourcing Allowed,false,Gujarat
370670,Sourcing Allowed,false,Gujarat
370675,Sourcing Allowed,false,Gujarat
380001,Sourcing Allowed - Prime,true,Gujarat
380002,Sourcing Allowed - Prime,true,Gujarat
380003,Sourcing Allowed - Prime,true,Gujarat
380004,Sourcing Allowed - Prime,true,Gujarat
380005,Sourcing Allowed - Prime,true,Gujarat
380006,Sourcing Allowed - Prime,true,Gujarat
380007,Sourcing Allowed - Prime,true,Gujarat
380008,Sourcing Allowed - Prime,true,Gujarat
380009,Sourcing Allowed - Prime,true,Gujarat
380010,Sourcing Allowed - Prime,true,Gujarat
380011,Sourcing Allowed - Prime,true,Gujarat
380012,Sourcing Allowed - Prime,true,Gujarat
380013,Sourcing Allowed - Prime,true,Gujarat
380014,Sourcing Allowed - Prime,true,Gujarat
380015,Sourcing Allowed - Prime,true,Gujarat
380016,Sourcing Allowed - Prime,true,Gujarat
380017,Sourcing Allowed - Prime,true,Gujarat
380018,Sourcing Allowed - Prime,true,Gujarat
380019,Sourcing Allowed - Prime,true,Gujarat
380020,Sourcing Allowed - Prime,true,Gujarat
380021,Sourcing Allowed - Prime,true,Gujarat
380022,Sourcing Allowed - Prime,true,Gujarat
380023,Sourcing Allowed - Prime,true,Gujarat
380024,Sourcing Allowed - Prime,true,Gujarat
380025,Sourcing Allowed - Prime,true,Gujarat
380026,Sourcing Allowed - Prime,true,Gujarat
380027,Sourcing Allowed - Prime,true,Gujarat
380028,Sourcing Allowed - Prime,true,Gujarat
380029,Sourcing Allowed - Prime,true,Gujarat
380030,Sourcing Allowed - Prime,true,Gujarat
380031,Sourcing Allowed - Prime,true,Gujarat
380033,Sourcing Allowed - Prime,true,Gujarat
380036,Sourcing Allowed - Prime,true,Gujarat
380038,Sourcing Allowed - Prime,true,Gujarat
380040,Sourcing Allowed - Prime,true,Gujarat
380041,Sourcing Allowed - Prime,true,Gujarat
380042,Sourcing Allowed - Prime,true,Gujarat
380043,Sourcing Allowed - Prime,true,Gujarat
380045,Sourcing Allowed - Prime,true,Gujarat
380046,Sourcing Allowed - Prime,true,Gujarat
380049,Sourcing Allowed - Prime,true,Gujarat
380050,Sourcing Allowed - Prime,true,Gujarat
380051,Sourcing Allowed - Prime,true,Gujarat
380052,Sourcing Allowed - Prime,true,Gujarat
380053,Sourcing Allowed - Prime,true,Gujarat
380054,Sourcing Allowed - Prime,true,Gujarat
380055,Sourcing Allowed - Prime,true,Gujarat
380057,Sourcing Allowed - Prime,true,Gujarat
380058,Sourcing Allowed - Prime,true,Gujarat
380059,Sourcing Allowed - Prime,true,Gujarat
380060,Sourcing Allowed - Prime,true,Gujarat
380061,Sourcing Allowed - Prime,true,Gujarat
380063,Sourcing Allowed - Prime,true,Gujarat
380064,Sourcing Allowed - Prime,true,Gujarat
380068,Sourcing Allowed - Prime,true,Gujarat
380072,Sourcing Allowed - Prime,true,Gujarat
380075,Sourcing Allowed - Prime,true,Gujarat
380078,Sourcing Allowed - Prime,true,Gujarat
380079,Sourcing Allowed - Prime,true,Gujarat
380081,Sourcing Allowed - Prime,true,Gujarat
380085,Sourcing Allowed - Prime,true,Gujarat
382006,Sourcing Allowed,false,Gujarat
382007,Sourcing Allowed,false,Gujarat
382010,Sourcing Allowed,false,Gujarat
382016,Sourcing Allowed,false,Gujarat
382021,Sourcing Allowed,false,Gujarat
382024,Sourcing Allowed,false,Gujarat
382028,Sourcing Allowed,false,Gujarat
382030,Sourcing Allowed,false,Gujarat
382041,Sourcing Allowed,false,Gujarat
382042,Sourcing Allowed,false,Gujarat
382045,Sourcing Allowed,false,Gujarat
382051,Sourcing Allowed,false,Gujarat
382110,Sourcing Allowed - Prime,true,Gujarat
382115,Sourcing Allowed - Prime,true,Gujarat
382120,Sourcing Allowed - Prime,true,Gujarat
382122,Sourcing Allowed,false,Gujarat
382130,Sourcing Allowed - Prime,true,Gujarat
382140,Sourcing Allowed - Prime,true,Gujarat
382145,Sourcing Allowed - Prime,true,Gujarat
382150,Sourcing Allowed - Prime,true,Gujarat
382165,Sourcing Allowed,false,Gujarat
382170,Sourcing Allowed - Prime,true,Gujarat
382210,Sourcing Allowed - Prime,true,Gujarat
382213,Sourcing Allowed,false,Gujarat
382220,Sourcing Allowed - Prime,true,Gujarat
382225,Sourcing Allowed - Prime,true,Gujarat
382230,Sourcing Allowed - Prime,true,Gujarat
382240,Sourcing Allowed - Prime,true,Gujarat
382245,Sourcing Allowed,false,Gujarat
382250,Sourcing Allowed - Prime,true,Gujarat
382255,Sourcing Allowed - Prime,true,Gujarat
382260,Sourcing Allowed - Prime,true,Gujarat
382265,Sourcing Allowed - Prime,true,Gujarat
382276,Sourcing Allowed - Prime,true,Gujarat
382305,Sourcing Allowed - Prime,true,Gujarat
382308,Sourcing Allowed - Prime,true,Gujarat
382315,Sourcing Allowed - Prime,true,Gujarat
382320,Sourcing Allowed,false,Gujarat
382321,Sourcing Allowed,false,Gujarat
382330,Sourcing Allowed - Prime,true,Gujarat
382340,Sourcing Allowed - Prime,true,Gujarat
382345,Sourcing Allowed - Prime,true,Gujarat
382350,Sourcing Allowed - Prime,true,Gujarat
382355,Sourcing Allowed,false,Gujarat
382405,Sourcing Allowed - Prime,true,Gujarat
382415,Sourcing Allowed - Prime,true,Gujarat
382418,Sourcing Allowed - Prime,true,Gujarat
382421,Sourcing Allowed,false,Gujarat
382422,Sourcing Allowed,false,Gujarat
382423,Sourcing Allowed,false,Gujarat
382424,Sourcing Allowed - Prime,true,Gujarat
382425,Sourcing Allowed - Prime,true,Gujarat
382426,Sourcing Allowed - Prime,true,Gujarat
382427,Sourcing Allowed,false,Gujarat
382428,Sourcing Allowed,false,Gujarat
382430,Sourcing Allowed - Prime,true,Gujarat
382433,Sourcing Allowed - Prime,true,Gujarat
382435,Sourcing Allowed - Prime,true,Gujarat
382440,Sourcing Allowed - Prime,true,Gujarat
382443,Sourcing Allowed - Prime,true,Gujarat
382445,Sourcing Allowed - Prime,true,Gujarat
382449,Sourcing Allowed - Prime,true,Gujarat
382450,Sourcing Allowed - Prime,true,Gujarat
382451,Sourcing Allowed - Prime,true,Gujarat
382455,Sourcing Allowed - Prime,true,Gujarat
382460,Sourcing Allowed - Prime,true,Gujarat
382463,Sourcing Allowed - Prime,true,Gujarat
382465,Sourcing Allowed - Prime,true,Gujarat
382470,Sourcing Allowed - Prime,true,Gujarat
382475,Sourcing Allowed - Prime,true,Gujarat
382480,Sourcing Allowed - Prime,true,Gujarat
382481,Sourcing Allowed,false,Gujarat
382610,Sourcing Allowed,false,Gujarat
382620,Sourcing Allowed,false,Gujarat
382630,Sourcing Allowed,false,Gujarat
382640,Sourcing Allowed,false,Gujarat
382650,Sourcing Allowed,false,Gujarat
382655,Sourcing Allowed,false,Gujarat
382705,Sourcing Allowed,false,Gujarat
382710,Sourcing Allowed,false,Gujarat
382711,Sourcing Allowed,false,Gujarat
382715,Sourcing Allowed,false,Gujarat
382721,Sourcing Allowed,false,Gujarat
382722,Sourcing Allowed,false,Gujarat
382725,Sourcing Allowed,false,Gujarat
382728,Sourcing Allowed,false,Gujarat
382729,Sourcing Allowed,false,Gujarat
382730,Sourcing Allowed,false,Gujarat
382732,Sourcing Allowed,false,Gujarat
382735,Sourcing Allowed,false,Gujarat
382740,Sourcing Allowed,false,Gujarat
382745,Sourcing Allowed,false,Gujarat
382750,Sourcing Allowed,false,Gujarat
382755,Sourcing Allowed,false,Gujarat
382760,Sourcing Allowed,false,Gujarat
382765,Sourcing Allowed,false,Gujarat
382775,Sourcing Allowed,false,Gujarat
382780,Sourcing Allowed,false,Gujarat
382810,Sourcing Allowed,false,Gujarat
382815,Sourcing Allowed,false,Gujarat
382820,Sourcing Allowed,false,Gujarat
382825,Sourcing Allowed,false,Gujarat
382830,Sourcing Allowed,false,Gujarat
382835,Sourcing Allowed,false,Gujarat
382840,Sourcing Allowed,false,Gujarat
382845,Sourcing Allowed,false,Gujarat
382850,Sourcing Allowed,false,Gujarat
382855,Sourcing Allowed,false,Gujarat
382860,Sourcing Allowed,false,Gujarat
382861,Sourcing Allowed,false,Gujarat
382865,Sourcing Allowed,false,Gujarat
382870,Sourcing Allowed,false,Gujarat
382875,Sourcing Allowed,false,Gujarat
384001,Sourcing Allowed,false,Gujarat
384002,Sourcing Allowed,false,Gujarat
384003,Sourcing Allowed,false,Gujarat
384005,Sourcing Allowed,false,Gujarat
384011,Sourcing Allowed,false,Gujarat
384012,Sourcing Allowed,false,Gujarat
384110,Sourcing Allowed,false,Gujarat
384120,Sourcing Allowed,false,Gujarat
384130,Sourcing Allowed,false,Gujarat
384135,Sourcing Allowed,false,Gujarat
384140,Sourcing Allowed,false,Gujarat
384151,Sourcing Allowed,false,Gujarat
384160,Sourcing Allowed,false,Gujarat
384170,Sourcing Allowed,false,Gujarat
384176,Sourcing Allowed,false,Gujarat
384205,Sourcing Allowed,false,Gujarat
384210,Sourcing Allowed,false,Gujarat
384212,Sourcing Allowed,false,Gujarat
384215,Sourcing Allowed,false,Gujarat
384220,Sourcing Allowed,false,Gujarat
384221,Sourcing Allowed,false,Gujarat
384225,Sourcing Allowed,false,Gujarat
384228,Sourcing Allowed,false,Gujarat
384229,Sourcing Allowed,false,Gujarat
384230,Sourcing Allowed,false,Gujarat
384240,Sourcing Allowed,false,Gujarat
384241,Sourcing Allowed,false,Gujarat
384245,Sourcing Allowed,false,Gujarat
384246,Sourcing Allowed,false,Gujarat
384255,Sourcing Allowed,false,Gujarat
384260,Sourcing Allowed,false,Gujarat
384265,Sourcing Allowed,false,Gujarat
384266,Sourcing Allowed,false,Gujarat
384272,Sourcing Allowed,false,Gujarat
384273,Sourcing Allowed,false,Gujarat
384275,Sourcing Allowed,false,Gujarat
384285,Sourcing Allowed,false,Gujarat
384290,Sourcing Allowed,false,Gujarat
384305,Sourcing Allowed,false,Gujarat
384310,Sourcing Allowed,false,Gujarat
384315,Sourcing Allowed,false,Gujarat
384320,Sourcing Allowed,false,Gujarat
384325,Sourcing Allowed,false,Gujarat
384330,Sourcing Allowed,false,Gujarat
384335,Sourcing Allowed,false,Gujarat
384340,Sourcing Allowed,false,Gujarat
384345,Sourcing Allowed,false,Gujarat
384350,Sourcing Allowed,false,Gujarat
384355,Sourcing Allowed,false,Gujarat
384360,Sourcing Allowed,false,Gujarat
384410,Sourcing Allowed,false,Gujarat
384412,Sourcing Allowed,false,Gujarat
384415,Sourcing Allowed,false,Gujarat
384421,Sourcing Allowed,false,Gujarat
384430,Sourcing Allowed,false,Gujarat
384435,Sourcing Allowed,false,Gujarat
384440,Sourcing Allowed,false,Gujarat
384441,Sourcing Allowed,false,Gujarat
384445,Sourcing Allowed,false,Gujarat
384450,Sourcing Allowed,false,Gujarat
384455,Sourcing Allowed,false,Gujarat
384460,Sourcing Allowed,false,Gujarat
384465,Sourcing Allowed,false,Gujarat
384470,Sourcing Allowed,false,Gujarat
384515,Sourcing Allowed,false,Gujarat
384520,Sourcing Allowed,false,Gujarat
384530,Sourcing Allowed,false,Gujarat
384540,Sourcing Allowed,false,Gujarat
384550,Sourcing Allowed,false,Gujarat
384560,Sourcing Allowed,false,Gujarat
384565,Sourcing Allowed,false,Gujarat
384570,Sourcing Allowed,false,Gujarat
385340,Sourcing Allowed,false,Gujarat
385545,Sourcing Allowed,false,Gujarat
387001,Sourcing Allowed,false,Gujarat
387002,Sourcing Allowed,false,Gujarat
387003,Sourcing Allowed,false,Gujarat
387110,Sourcing Allowed,false,Gujarat
387115,Sourcing Allowed,false,Gujarat
387120,Sourcing Allowed,false,Gujarat
387130,Sourcing Allowed,false,Gujarat
387140,Sourcing Allowed,false,Gujarat
387210,Sourcing Allowed,false,Gujarat
387220,Sourcing Allowed,false,Gujarat
387230,Sourcing Allowed,false,Gujarat
387240,Sourcing Allowed,false,Gujarat
387250,Sourcing Allowed,false,Gujarat
387305,Sourcing Allowed,false,Gujarat
387310,Sourcing Allowed,false,Gujarat
387315,Sourcing Allowed,false,Gujarat
387320,Sourcing Allowed,false,Gujarat
387325,Sourcing Allowed,false,Gujarat
387330,Sourcing Allowed,false,Gujarat
387331,Sourcing Allowed,false,Gujarat
387335,Sourcing Allowed,false,Gujarat
387340,Sourcing Allowed,false,Gujarat
387345,Sourcing Allowed,false,Gujarat
387350,Sourcing Allowed,false,Gujarat
387355,Sourcing Allowed,false,Gujarat
387360,Sourcing Allowed,false,Gujarat
387365,Sourcing Allowed,false,Gujarat
387370,Sourcing Allowed,false,Gujarat
387375,Sourcing Allowed,false,Gujarat
387380,Sourcing Allowed,false,Gujarat
387385,Sourcing Allowed,false,Gujarat
387411,Sourcing Allowed,false,Gujarat
387430,Sourcing Allowed,false,Gujarat
387510,Sourcing Allowed,false,Gujarat
387520,Sourcing Allowed,false,Gujarat
387530,Sourcing Allowed,false,Gujarat
387540,Sourcing Allowed,false,Gujarat
387550,Sourcing Allowed,false,Gujarat
387560,Sourcing Allowed,false,Gujarat
387570,Sourcing Allowed,false,Gujarat
387610,Sourcing Allowed,false,Gujarat
387620,Sourcing Allowed,false,Gujarat
387630,Sourcing Allowed,false,Gujarat
387635,Sourcing Allowed,false,Gujarat
387640,Sourcing Allowed,false,Gujarat
387650,Sourcing Allowed,false,Gujarat
387710,Sourcing Allowed,false,Gujarat
387810,Sourcing Allowed - Prime,true,Gujarat
388001,Sourcing Allowed,false,Gujarat
388110,Sourcing Allowed,false,Gujarat
388120,Sourcing Allowed,false,Gujarat
388121,Sourcing Allowed,false,Gujarat
388130,Sourcing Allowed,false,Gujarat
388140,Sourcing Allowed,false,Gujarat
388150,Sourcing Allowed,false,Gujarat
388160,Sourcing Allowed,false,Gujarat
388170,Sourcing Allowed,false,Gujarat
388180,Sourcing Allowed,false,Gujarat
388205,Sourcing Allowed,false,Gujarat
388210,Sourcing Allowed,false,Gujarat
388215,Sourcing Allowed,false,Gujarat
388220,Sourcing Allowed,false,Gujarat
388225,Sourcing Allowed,false,Gujarat
388230,Sourcing Allowed,false,Gujarat
388235,Sourcing Allowed,false,Gujarat
388239,Sourcing Allowed,false,Gujarat
388250,Sourcing Allowed,false,Gujarat
388255,Sourcing Allowed,false,Gujarat
388260,Sourcing Allowed,false,Gujarat
388265,Sourcing Allowed,false,Gujarat
388270,Sourcing Allowed,false,Gujarat
388275,Sourcing Allowed,false,Gujarat
388305,Sourcing Allowed,false,Gujarat
388306,Sourcing Allowed,false,Gujarat
388307,Sourcing Allowed,false,Gujarat
388310,Sourcing Allowed,false,Gujarat
388315,Sourcing Allowed,false,Gujarat
388320,Sourcing Allowed,false,Gujarat
388325,Sourcing Allowed,false,Gujarat
388330,Sourcing Allowed,false,Gujarat
388335,Sourcing Allowed,false,Gujarat
388340,Sourcing Allowed,false,Gujarat
388345,Sourcing Allowed,false,Gujarat
388350,Sourcing Allowed,false,Gujarat
388355,Sourcing Allowed,false,Gujarat
388360,Sourcing Allowed,false,Gujarat
388365,Sourcing Allowed,false,Gujarat
388370,Sourcing Allowed,false,Gujarat
388410,Sourcing Allowed,false,Gujarat
388421,Sourcing Allowed,false,Gujarat
388430,Sourcing Allowed,false,Gujarat
388440,Sourcing Allowed,false,Gujarat
388450,Sourcing Allowed,false,Gujarat
388460,Sourcing Allowed,false,Gujarat
388465,Sourcing Allowed,false,Gujarat
388470,Sourcing Allowed,false,Gujarat
388480,Sourcing Allowed,false,Gujarat
388510,Sourcing Allowed,false,Gujarat
388520,Sourcing Allowed,false,Gujarat
388530,Sourcing Allowed,false,Gujarat
388540,Sourcing Allowed,false,Gujarat
388543,Sourcing Allowed,false,Gujarat
388545,Sourcing Allowed,false,Gujarat
388550,Sourcing Allowed,false,Gujarat
388560,Sourcing Allowed,false,Gujarat
388570,Sourcing Allowed,false,Gujarat
388580,Sourcing Allowed,false,Gujarat
388590,Sourcing Allowed,false,Gujarat
388610,Sourcing Allowed,false,Gujarat
388620,Sourcing Allowed,false,Gujarat
388625,Sourcing Allowed,false,Gujarat
388630,Sourcing Allowed,false,Gujarat
388640,Sourcing Allowed,false,Gujarat
388710,Sourcing Allowed,false,Gujarat
388713,Sourcing Allowed,false,Gujarat
389001,Sourcing Allowed,false,Gujarat
389002,Sourcing Allowed,false,Gujarat
389110,Sourcing Allowed,false,Gujarat
389115,Sourcing Allowed,false,Gujarat
389120,Sourcing Allowed,false,Gujarat
389130,Sourcing Allowed,false,Gujarat
389140,Sourcing Allowed,false,Gujarat
389146,Sourcing Allowed,false,Gujarat
389151,Sourcing Allowed,false,Gujarat
389152,Sourcing Allowed,false,Gujarat
389154,Sourcing Allowed,false,Gujarat
389155,Sourcing Allowed,false,Gujarat
389160,Sourcing Allowed,false,Gujarat
389170,Sourcing Allowed,false,Gujarat
389172,Sourcing Allowed,false,Gujarat
389175,Sourcing Allowed,false,Gujarat
389180,Sourcing Allowed,false,Gujarat
389190,Sourcing Allowed,false,Gujarat
389210,Sourcing Allowed,false,Gujarat
389220,Sourcing Allowed,false,Gujarat
389230,Sourcing Allowed,false,Gujarat
389232,Sourcing Allowed,false,Gujarat
389240,Sourcing Allowed,false,Gujarat
389260,Sourcing Allowed,false,Gujarat
389265,Sourcing Allowed,false,Gujarat
389310,Sourcing Allowed,false,Gujarat
389320,Sourcing Allowed,false,Gujarat
389330,Sourcing Allowed,false,Gujarat
389340,Sourcing Allowed,false,Gujarat
389341,Sourcing Allowed,false,Gujarat
389350,Sourcing Allowed,false,Gujarat
389360,Sourcing Allowed,false,Gujarat
389365,Sourcing Allowed,false,Gujarat
389370,Sourcing Allowed,false,Gujarat
389380,Sourcing Allowed,false,Gujarat
389382,Sourcing Allowed,false,Gujarat
389390,Sourcing Allowed,false,Gujarat
390001,Sourcing Allowed,false,Gujarat
390002,Sourcing Allowed,false,Gujarat
390003,Sourcing Allowed,false,Gujarat
390004,Sourcing Allowed,false,Gujarat
390005,Sourcing Allowed,false,Gujarat
390006,Sourcing Allowed,false,Gujarat
390007,Sourcing Allowed,false,Gujarat
390008,Sourcing Allowed,false,Gujarat
390009,Sourcing Allowed,false,Gujarat
390010,Sourcing Allowed,false,Gujarat
390011,Sourcing Allowed,false,Gujarat
390012,Sourcing Allowed,false,Gujarat
390013,Sourcing Allowed,false,Gujarat
390014,Sourcing Allowed,false,Gujarat
390015,Sourcing Allowed,false,Gujarat
390016,Sourcing Allowed,false,Gujarat
390017,Sourcing Allowed,false,Gujarat
390018,Sourcing Allowed,false,Gujarat
390019,Sourcing Allowed,false,Gujarat
390020,Sourcing Allowed,false,Gujarat
390021,Sourcing Allowed,false,Gujarat
390022,Sourcing Allowed,false,Gujarat
390023,Sourcing Allowed,false,Gujarat
390024,Sourcing Allowed,false,Gujarat
390025,Sourcing Allowed,false,Gujarat
391101,Sourcing Allowed,false,Gujarat
391105,Sourcing Allowed,false,Gujarat
391107,Sourcing Allowed,false,Gujarat
391108,Sourcing Allowed,false,Gujarat
391110,Sourcing Allowed,false,Gujarat
391115,Sourcing Allowed,false,Gujarat
391116,Sourcing Allowed,false,Gujarat
391120,Sourcing Allowed,false,Gujarat
391125,Sourcing Allowed,false,Gujarat
391126,Sourcing Allowed,false,Gujarat
391130,Sourcing Allowed,false,Gujarat
391135,Sourcing Allowed,false,Gujarat
391136,Sourcing Allowed,false,Gujarat
391137,Sourcing Allowed,false,Gujarat
391140,Sourcing Allowed,false,Gujarat
391141,Sourcing Allowed,false,Gujarat
391142,Sourcing Allowed,false,Gujarat
391145,Sourcing Allowed,false,Gujarat
391146,Sourcing Allowed,false,Gujarat
391150,Sourcing Allowed,false,Gujarat
391151,Sourcing Allowed,false,Gujarat
391152,Sourcing Allowed,false,Gujarat
391155,Sourcing Allowed,false,Gujarat
391156,Sourcing Allowed,false,Gujarat
391157,Sourcing Allowed,false,Gujarat
391160,Sourcing Allowed,false,Gujarat
391165,Sourcing Allowed,false,Gujarat
391168,Sourcing Allowed,false,Gujarat
391169,Sourcing Allowed,false,Gujarat
391175,Sourcing Allowed,false,Gujarat
391210,Sourcing Allowed,false,Gujarat
391220,Sourcing Allowed,false,Gujarat
391230,Sourcing Allowed,false,Gujarat
391240,Sourcing Allowed,false,Gujarat
391241,Sourcing Allowed,false,Gujarat
391242,Sourcing Allowed,false,Gujarat
391243,Sourcing Allowed,false,Gujarat
391244,Sourcing Allowed,false,Gujarat
391245,Sourcing Allowed,false,Gujarat
391250,Sourcing Allowed,false,Gujarat
391310,Sourcing Allowed,false,Gujarat
391320,Sourcing Allowed,false,Gujarat
391330,Sourcing Allowed,false,Gujarat
391340,Sourcing Allowed,false,Gujarat
391345,Sourcing Allowed,false,Gujarat
391346,Sourcing Allowed,false,Gujarat
391347,Sourcing Allowed,false,Gujarat
391350,Sourcing Allowed,false,Gujarat
391410,Sourcing Allowed,false,Gujarat
391421,Sourcing Allowed,false,Gujarat
391430,Sourcing Allowed,false,Gujarat
391440,Sourcing Allowed,false,Gujarat
391442,Sourcing Allowed,false,Gujarat
391443,Sourcing Allowed,false,Gujarat
391445,Sourcing Allowed,false,Gujarat
391450,Sourcing Allowed,false,Gujarat
391460,Sourcing Allowed,false,Gujarat
391510,Sourcing Allowed,false,Gujarat
391520,Sourcing Allowed,false,Gujarat
391530,Sourcing Allowed,false,Gujarat
391535,Sourcing Allowed,false,Gujarat
391740,Sourcing Allowed,false,Gujarat
391745,Sourcing Allowed,false,Gujarat
391750,Sourcing Allowed,false,Gujarat
391760,Sourcing Allowed,false,Gujarat
391761,Sourcing Allowed,false,Gujarat
391770,Sourcing Allowed,false,Gujarat
391773,Sourcing Allowed,false,Gujarat
391774,Sourcing Allowed,false,Gujarat
391775,Sourcing Allowed,false,Gujarat
391776,Sourcing Allowed,false,Gujarat
391780,Sourcing Allowed,false,Gujarat
392001,Sourcing Allowed,false,Gujarat
392011,Sourcing Allowed,false,Gujarat
392031,Sourcing Allowed,false,Gujarat
392165,Sourcing Allowed,false,Gujarat
392170,Sourcing Allowed,false,Gujarat
392310,Sourcing Allowed,false,Gujarat
393001,Sourcing Allowed,false,Gujarat
393002,Sourcing Allowed,false,Gujarat
393010,Sourcing Allowed,false,Gujarat
394101,Sourcing Allowed,false,Gujarat
394105,Sourcing Allowed,false,Gujarat
394107,Sourcing Allowed,false,Gujarat
394110,Sourcing Allowed,false,Gujarat
394111,Sourcing Allowed,false,Gujarat
394112,Sourcing Allowed,false,Gujarat
394120,Sourcing Allowed,false,Gujarat
394125,Sourcing Allowed,false,Gujarat
394130,Sourcing Allowed,false,Gujarat
394140,Sourcing Allowed,false,Gujarat
394150,Sourcing Allowed,false,Gujarat
394155,Sourcing Allowed,false,Gujarat
394160,Sourcing Allowed,false,Gujarat
394163,Sourcing Allowed,false,Gujarat
394170,Sourcing Allowed,false,Gujarat
394180,Sourcing Allowed,false,Gujarat
394185,Sourcing Allowed,false,Gujarat
394190,Sourcing Allowed,false,Gujarat
394210,Sourcing Allowed,false,Gujarat
394220,Sourcing Allowed,false,Gujarat
394221,Sourcing Allowed,false,Gujarat
394230,Sourcing Allowed,false,Gujarat
394235,Sourcing Allowed,false,Gujarat
394240,Sourcing Allowed,false,Gujarat
394245,Sourcing Allowed,false,Gujarat
394246,Sourcing Allowed,false,Gujarat
394248,Sourcing Allowed,false,Gujarat
394250,Sourcing Allowed,false,Gujarat
394270,Sourcing Allowed,false,Gujarat
394305,Sourcing Allowed,false,Gujarat
394310,Sourcing Allowed,false,Gujarat
394315,Sourcing Allowed,false,Gujarat
394317,Sourcing Allowed,false,Gujarat
394320,Sourcing Allowed,false,Gujarat
394325,Sourcing Allowed,false,Gujarat
394326,Sourcing Allowed,false,Gujarat
394327,Sourcing Allowed,false,Gujarat
394330,Sourcing Allowed,false,Gujarat
394335,Sourcing Allowed,false,Gujarat
394340,Sourcing Allowed,false,Gujarat
394345,Sourcing Allowed,false,Gujarat
394350,Sourcing Allowed,false,Gujarat
394352,Sourcing Allowed,false,Gujarat
394355,Sourcing Allowed,false,Gujarat
394360,Sourcing Allowed,false,Gujarat
394365,Sourcing Allowed,false,Gujarat
394370,Sourcing Allowed,false,Gujarat
394375,Sourcing Allowed,false,Gujarat
394380,Sourcing Allowed,false,Gujarat
394405,Sourcing Allowed,false,Gujarat
394410,Sourcing Allowed,false,Gujarat
394421,Sourcing Allowed,false,Gujarat
394430,Sourcing Allowed,false,Gujarat
394440,Sourcing Allowed,false,Gujarat
394445,Sourcing Allowed,false,Gujarat
394510,Sourcing Allowed,false,Gujarat
394515,Sourcing Allowed,false,Gujarat
394516,Sourcing Allowed,false,Gujarat
394517,Sourcing Allowed,false,Gujarat
394518,Sourcing Allowed,false,Gujarat
394520,Sourcing Allowed,false,Gujarat
394530,Sourcing Allowed,false,Gujarat
394540,Sourcing Allowed,false,Gujarat
394541,Sourcing Allowed,false,Gujarat
394550,Sourcing Allowed,false,Gujarat
394601,Sourcing Allowed,false,Gujarat
394620,Sourcing Allowed,false,Gujarat
394630,Sourcing Allowed,false,Gujarat
394633,Sourcing Allowed,false,Gujarat
394635,Sourcing Allowed,false,Gujarat
394640,Sourcing Allowed,false,Gujarat
394641,Sourcing Allowed,false,Gujarat
394650,Sourcing Allowed,false,Gujarat
394651,Sourcing Allowed,false,Gujarat
394652,Sourcing Allowed,false,Gujarat
394655,Sourcing Allowed,false,Gujarat
394660,Sourcing Allowed,false,Gujarat
394670,Sourcing Allowed,false,Gujarat
394680,Sourcing Allowed,false,Gujarat
394690,Sourcing Allowed,false,Gujarat
394715,Sourcing Allowed,false,Gujarat
394720,Sourcing Allowed,false,Gujarat
395001,Sourcing Allowed,false,Gujarat
395002,Sourcing Allowed,false,Gujarat
395003,Sourcing Allowed,false,Gujarat
395004,Sourcing Allowed,false,Gujarat
395005,Sourcing Allowed,false,Gujarat
395006,Sourcing Allowed,false,Gujarat
395007,Sourcing Allowed,false,Gujarat
395008,Sourcing Allowed,false,Gujarat
395009,Sourcing Allowed,false,Gujarat
395010,Sourcing Allowed,false,Gujarat
395011,Sourcing Allowed,false,Gujarat
395012,Sourcing Allowed,false,Gujarat
395013,Sourcing Allowed,false,Gujarat
395015,Sourcing Allowed - Prime,true,Gujarat
395017,Sourcing Allowed,false,Gujarat
395021,Sourcing Allowed,false,Gujarat
395023,Sourcing Allowed,false,Gujarat
395345,Sourcing Allowed,false,Gujarat
395620,Sourcing Allowed,false,Gujarat
396001,Sourcing Allowed,false,Gujarat
396002,Sourcing Allowed,false,Gujarat
396007,Sourcing Allowed,false,Gujarat
396020,Sourcing Allowed,false,Gujarat
396030,Sourcing Allowed,false,Gujarat
396035,Sourcing Allowed,false,Gujarat
396040,Sourcing Allowed,false,Gujarat
396045,Sourcing Allowed,false,Gujarat
396050,Sourcing Allowed,false,Gujarat
396051,Sourcing Allowed,false,Gujarat
396055,Sourcing Allowed,false,Gujarat
396060,Sourcing Allowed,false,Gujarat
396065,Sourcing Allowed,false,Gujarat
396067,Sourcing Allowed,false,Gujarat
396105,Sourcing Allowed,false,Gujarat
396108,Sourcing Allowed,false,Gujarat
396110,Sourcing Allowed,false,Gujarat
396115,Sourcing Allowed,false,Gujarat
396120,Sourcing Allowed,false,Gujarat
396125,Sourcing Allowed,false,Gujarat
396126,Sourcing Allowed,false,Gujarat
396130,Sourcing Allowed,false,Gujarat
396135,Sourcing Allowed,false,Gujarat
396140,Sourcing Allowed,false,Gujarat
396145,Sourcing Allowed,false,Gujarat
396150,Sourcing Allowed,false,Gujarat
396155,Sourcing Allowed,false,Gujarat
396165,Sourcing Allowed,false,Gujarat
396170,Sourcing Allowed,false,Gujarat
396171,Sourcing Allowed,false,Gujarat
396175,Sourcing Allowed,false,Gujarat
396180,Sourcing Allowed,false,Gujarat
396185,Sourcing Allowed,false,Gujarat
396190,Sourcing Allowed,false,Gujarat
396191,Sourcing Allowed,false,Gujarat
396193,Sourcing Allowed,false,Gujarat
396195,Sourcing Allowed,false,Gujarat
396210,Sourcing Allowed,false,Dadra and Nagar Haveli
396215,Sourcing Allowed,false,Gujarat
396220,Sourcing Allowed,false,Daman and Diu
396230,Sourcing Allowed,false,Dadra and Nagar Haveli
396235,Sourcing Allowed,false,Gujarat
396240,Sourcing Allowed,false,Gujarat
396310,Sourcing Allowed,false,Gujarat
396321,Sourcing Allowed,false,Gujarat
396325,Sourcing Allowed,false,Gujarat
396350,Sourcing Allowed,false,Gujarat
396360,Sourcing Allowed,false,Gujarat
396370,Sourcing Allowed,false,Gujarat
396375,Sourcing Allowed,false,Gujarat
396380,Sourcing Allowed,false,Gujarat
396385,Sourcing Allowed,false,Gujarat
396403,Sourcing Allowed,false,Gujarat
396406,Sourcing Allowed,false,Gujarat
396409,Sourcing Allowed,false,Gujarat
396412,Sourcing Allowed,false,Gujarat
396415,Sourcing Allowed,false,Gujarat
396418,Sourcing Allowed,false,Gujarat
396421,Sourcing Allowed,false,Gujarat
396424,Sourcing Allowed,false,Gujarat
396427,Sourcing Allowed,false,Gujarat
396430,Sourcing Allowed,false,Gujarat
396433,Sourcing Allowed,false,Gujarat
396436,Sourcing Allowed,false,Gujarat
396439,Sourcing Allowed,false,Gujarat
396440,Sourcing Allowed,false,Gujarat
396445,Sourcing Allowed,false,Gujarat
396450,Sourcing Allowed,false,Gujarat
396460,Sourcing Allowed,false,Gujarat
396463,Sourcing Allowed,false,Gujarat
396466,Sourcing Allowed,false,Gujarat
396469,Sourcing Allowed,false,Gujarat
396472,Sourcing Allowed,false,Gujarat
396475,Sourcing Allowed,false,Gujarat
396510,Sourcing Allowed,false,Gujarat
396521,Sourcing Allowed,false,Gujarat
396530,Sourcing Allowed,false,Gujarat
396540,Sourcing Allowed,false,Gujarat
396560,Sourcing Allowed,false,Gujarat
396570,Sourcing Allowed,false,Gujarat
396580,Sourcing Allowed,false,Gujarat
396590,Sourcing Allowed,false,Gujarat
400001,Sourcing Allowed - Prime,true,Maharashtra
400002,Sourcing Allowed - Prime,true,Maharashtra
400003,Sourcing Allowed - Prime,true,Maharashtra
400004,Sourcing Allowed - Prime,true,Maharashtra
400005,Sourcing Allowed - Prime,true,Maharashtra
400006,Sourcing Allowed - Prime,true,Maharashtra
400007,Sourcing Allowed - Prime,true,Maharashtra
400008,Sourcing Allowed - Prime,true,Maharashtra
400009,Sourcing Allowed - Prime,true,Maharashtra
400010,Sourcing Allowed - Prime,true,Maharashtra
400011,Sourcing Allowed - Prime,true,Maharashtra
400012,Sourcing Allowed - Prime,true,Maharashtra
400013,Sourcing Allowed - Prime,true,Maharashtra
400014,Sourcing Allowed - Prime,true,Maharashtra
400015,Sourcing Allowed - Prime,true,Maharashtra
400016,Sourcing Allowed - Prime,true,Maharashtra
400017,Sourcing Allowed - Prime,true,Maharashtra
400018,Sourcing Allowed - Prime,true,Maharashtra
400019,Sourcing Allowed - Prime,true,Maharashtra
400020,Sourcing Allowed - Prime,true,Maharashtra
400021,Sourcing Allowed - Prime,true,Maharashtra
400022,Sourcing Allowed - Prime,true,Maharashtra
400023,Sourcing Allowed - Prime,true,Maharashtra
400024,Sourcing Allowed - Prime,true,Maharashtra
400025,Sourcing Allowed - Prime,true,Maharashtra
400026,Sourcing Allowed - Prime,true,Maharashtra
400027,Sourcing Allowed - Prime,true,Maharashtra
400028,Sourcing Allowed - Prime,true,Maharashtra
400029,Sourcing Allowed - Prime,true,Maharashtra
400030,Sourcing Allowed - Prime,true,Maharashtra
400031,Sourcing Allowed - Prime,true,Maharashtra
400032,Sourcing Allowed - Prime,true,Maharashtra
400033,Sourcing Allowed - Prime,true,Maharashtra
400034,Sourcing Allowed - Prime,true,Maharashtra
400035,Sourcing Allowed - Prime,true,Maharashtra
400036,Sourcing Allowed - Prime,true,Maharashtra
400037,Sourcing Allowed - Prime,true,Maharashtra
400038,Sourcing Allowed - Prime,true,Maharashtra
400039,Sourcing Allowed - Prime,true,Maharashtra
400040,Sourcing Allowed - Prime,true,Maharashtra
400041,Sourcing Allowed - Prime,true,Maharashtra
400042,Sourcing Allowed - Prime,true,Maharashtra
400043,Sourcing Allowed - Prime,true,Maharashtra
400046,Sourcing Allowed - Prime,true,Maharashtra
400047,Sourcing Allowed - Prime,true,Maharashtra
400048,Sourcing Allowed - Prime,true,Maharashtra
400049,Sourcing Allowed - Prime,true,Maharashtra
400050,Sourcing Allowed - Prime,true,Maharashtra
400051,Sourcing Allowed - Prime,true,Maharashtra
400052,Sourcing Allowed - Prime,true,Maharashtra
400053,Sourcing Allowed - Prime,true,Maharashtra
400054,Sourcing Allowed - Prime,true,Maharashtra
400055,Sourcing Allowed - Prime,true,Maharashtra
400056,Sourcing Allowed - Prime,true,Maharashtra
400057,Sourcing Allowed - Prime,true,Maharashtra
400058,Sourcing Allowed - Prime,true,Maharashtra
400059,Sourcing Allowed - Prime,true,Maharashtra
400060,Sourcing Allowed - Prime,true,Maharashtra
400061,Sourcing Allowed - Prime,true,Maharashtra
400062,Sourcing Allowed - Prime,true,Maharashtra
400063,Sourcing Allowed - Prime,true,Maharashtra
400064,Sourcing Allowed - Prime,true,Maharashtra
400065,Sourcing Allowed - Prime,true,Maharashtra
400066,Sourcing Allowed - Prime,true,Maharashtra
400067,Sourcing Allowed - Prime,true,Maharashtra
400068,Sourcing Allowed - Prime,true,Maharashtra
400069,Sourcing Allowed - Prime,true,Maharashtra
400070,Sourcing Allowed - Prime,true,Maharashtra
400071,Sourcing Allowed - Prime,true,Maharashtra
400072,Sourcing Allowed - Prime,true,Maharashtra
400074,Sourcing Allowed - Prime,true,Maharashtra
400075,Sourcing Allowed - Prime,true,Maharashtra
400076,Sourcing Allowed - Prime,true,Maharashtra
400077,Sourcing Allowed - Prime,true,Maharashtra
400078,Sourcing Allowed - Prime,true,Maharashtra
400079,Sourcing Allowed - Prime,true,Maharashtra
400080,Sourcing Allowed - Prime,true,Maharashtra
400081,Sourcing Allowed - Prime,true,Maharashtra
400082,Sourcing Allowed - Prime,true,Maharashtra
400083,Sourcing Allowed - Prime,true,Maharashtra
400084,Sourcing Allowed - Prime,true,Maharashtra
400085,Sourcing Allowed - Prime,true,Maharashtra
400086,Sourcing Allowed - Prime,true,Maharashtra
400087,Sourcing Allowed - Prime,true,Maharashtra
400088,Sourcing Allowed - Prime,true,Maharashtra
400089,Sourcing Allowed - Prime,true,Maharashtra
400090,Sourcing Allowed - Prime,true,Maharashtra
400091,Sourcing Allowed - Prime,true,Maharashtra
400092,Sourcing Allowed - Prime,true,Maharashtra
400093,Sourcing Allowed - Prime,true,Maharashtra
400094,Sourcing Allowed - Prime,true,Maharashtra
400095,Sourcing Allowed - Prime,true,Maharashtra
400096,Sourcing Allowed - Prime,true,Maharashtra
400097,Sourcing Allowed - Prime,true,Maharashtra
400098,Sourcing Allowed - Prime,true,Maharashtra
400099,Sourcing Allowed - Prime,true,Maharashtra
400101,Sourcing Allowed - Prime,true,Maharashtra
400102,Sourcing Allowed - Prime,true,Maharashtra
400103,Sourcing Allowed - Prime,true,Maharashtra
400104,Sourcing Allowed - Prime,true,Maharashtra
400105,Sourcing Allowed - Prime,true,Maharashtra
400125,Sourcing Allowed - Prime,true,Maharashtra
400218,Sourcing Allowed,false,Maharashtra
400547,Sourcing Allowed - Prime,true,Maharashtra
400601,Sourcing Allowed - Prime,true,Maharashtra
400602,Sourcing Allowed - Prime,true,Maharashtra
400603,Sourcing Allowed - Prime,true,Maharashtra
400604,Sourcing Allowed - Prime,true,Maharashtra
400605,Sourcing Allowed - Prime,true,Maharashtra
400606,Sourcing Allowed - Prime,true,Maharashtra
400607,Sourcing Allowed - Prime,true,Maharashtra
400608,Sourcing Allowed - Prime,true,Maharashtra
400609,Sourcing Allowed - Prime,true,Maharashtra
400610,Sourcing Allowed - Prime,true,Maharashtra
400611,Sourcing Allowed - Prime,true,Maharashtra
400612,Sourcing Allowed - Prime,true,Maharashtra
400613,Sourcing Allowed - Prime,true,Maharashtra
400614,Sourcing Allowed - Prime,true,Maharashtra
400615,Sourcing Allowed - Prime,true,Maharashtra
400701,Sourcing Allowed - Prime,true,Maharashtra
400702,Sourcing Allowed,false,Maharashtra
400703,Sourcing Allowed - Prime,true,Maharashtra
400704,Sourcing Allowed,false,Maharashtra
400705,Sourcing Allowed - Prime,true,Maharashtra
400706,Sourcing Allowed - Prime,true,Maharashtra
400707,Sourcing Allowed - Prime,true,Maharashtra
400708,Sourcing Allowed - Prime,true,Maharashtra
400709,Sourcing Allowed - Prime,true,Maharashtra
400710,Sourcing Allowed - Prime,true,Maharashtra
401101,Sourcing Allowed - Prime,true,Maharashtra
401102,Sourcing Allowed - Prime,true,Maharashtra
401103,Sourcing Allowed - Prime,true,Maharashtra
401104,Sourcing Allowed - Prime,true,Maharashtra
401105,Sourcing Allowed - Prime,true,Maharashtra
401106,Sourcing Allowed - Prime,true,Maharashtra
401107,Sourcing Allowed - Prime,true,Maharashtra
401201,Sourcing Allowed - Prime,true,Maharashtra
401202,Sourcing Allowed - Prime,true,Maharashtra
401203,Sourcing Allowed - Prime,true,Maharashtra
401204,Sourcing Allowed - Prime,true,Maharashtra
401205,Sourcing Allowed - Prime,true,Maharashtra
401206,Sourcing Allowed - Prime,true,Maharashtra
401207,Sourcing Allowed - Prime,true,Maharashtra
401208,Sourcing Allowed - Prime,true,Maharashtra
401209,Sourcing Allowed - Prime,true,Maharashtra
401210,Sourcing Allowed,false,Maharashtra
401301,Sourcing Allowed - Prime,true,Maharashtra
401302,Sourcing Allowed - Prime,true,Maharashtra
401303,Sourcing Allowed - Prime,true,Maharashtra
401304,Sourcing Allowed - Prime,true,Maharashtra
401305,Sourcing Allowed - Prime,true,Maharashtra
401401,Sourcing Allowed - Prime,true,Maharashtra
401402,Sourcing Allowed - Prime,true,Maharashtra
401403,Sourcing Allowed - Prime,true,Maharashtra
401404,Sourcing Allowed - Prime,true,Maharashtra
401405,Sourcing Allowed - Prime,true,Maharashtra
401501,Sourcing Allowed - Prime,true,Maharashtra
401502,Sourcing Allowed - Prime,true,Maharashtra
401503,Sourcing Allowed - Prime,true,Maharashtra
401504,Sourcing Allowed - Prime,true,Maharashtra
401505,Sourcing Allowed - Prime,true,Maharashtra
401506,Sourcing Allowed - Prime,true,Maharashtra
401601,Sourcing Allowed - Prime,true,Maharashtra
401602,Sourcing Allowed - Prime,true,Maharashtra
401603,Sourcing Allowed - Prime,true,Maharashtra
401604,Sourcing Allowed - Prime,true,Maharashtra
401605,Sourcing Allowed - Prime,true,Maharashtra
401606,Sourcing Allowed - Prime,true,Maharashtra
401607,Sourcing Allowed - Prime,true,Maharashtra
401608,Sourcing Allowed - Prime,true,Maharashtra
401609,Sourcing Allowed - Prime,true,Maharashtra
401610,Sourcing Allowed - Prime,true,Maharashtra
401701,Sourcing Allowed - Prime,true,Maharashtra
401702,Sourcing Allowed - Prime,true,Maharashtra
401703,Sourcing Allowed - Prime,true,Maharashtra
402101,Sourcing Allowed,false,Maharashtra
402102,Sourcing Allowed,false,Maharashtra
402103,Sourcing Allowed,false,Maharashtra
402104,Sourcing Allowed,false,Maharashtra
402105,Sourcing Allowed,false,Maharashtra
402106,Sourcing Allowed,false,Maharashtra
402107,Sourcing Allowed,false,Maharashtra
402108,Sourcing Allowed,false,Maharashtra
402109,Sourcing Allowed,false,Maharashtra
402110,Sourcing Allowed,false,Maharashtra
402111,Sourcing Allowed,false,Maharashtra
402112,Sourcing Allowed,false,Maharashtra
402113,Sourcing Allowed,false,Maharashtra
402114,Sourcing Allowed,false,Maharashtra
402115,Sourcing Allowed,false,Maharashtra
402116,Sourcing Allowed,false,Maharashtra
402117,Sourcing Allowed,false,Maharashtra
402118,Sourcing Allowed,false,Maharashtra
402120,Sourcing Allowed,false,Maharashtra
402122,Sourcing Allowed,false,Maharashtra
402125,Sourcing Allowed,false,Maharashtra
402126,Sourcing Allowed,false,Maharashtra
402201,Sourcing Allowed,false,Maharashtra
402202,Sourcing Allowed,false,Maharashtra
402203,Sourcing Allowed,false,Maharashtra
402204,Sourcing Allowed,false,Maharashtra
402207,Sourcing Allowed,false,Maharashtra
402208,Sourcing Allowed,false,Maharashtra
402209,Sourcing Allowed,false,Maharashtra
402301,Sourcing Allowed,false,Maharashtra
402302,Sourcing Allowed,false,Maharashtra
402303,Sourcing Allowed,false,Maharashtra
402304,Sourcing Allowed,false,Maharashtra
402305,Sourcing Allowed,false,Maharashtra
402306,Sourcing Allowed,false,Maharashtra
402307,Sourcing Allowed,false,Maharashtra
402308,Sourcing Allowed,false,Maharashtra
402309,Sourcing Allowed,false,Maharashtra
402401,Sourcing Allowed,false,Maharashtra
402402,Sourcing Allowed,false,Maharashtra
402403,Sourcing Allowed,false,Maharashtra
402404,Sourcing Allowed,false,Maharashtra
402406,Sourcing Allowed,false,Maharashtra
403001,Sourcing Allowed,false,Goa
403002,Sourcing Allowed,false,Goa
403115,Sourcing Allowed,false,Goa
403201,Sourcing Allowed,false,Goa
403401,Sourcing Allowed,false,Goa
403402,Sourcing Allowed,false,Goa
403501,Sourcing Allowed,false,Goa
403504,Sourcing Allowed,false,Goa
403505,Sourcing Allowed,false,Goa
403506,Sourcing Allowed,false,Goa
403508,Sourcing Allowed,false,Goa
403509,Sourcing Allowed,false,Goa
403510,Sourcing Allowed,false,Goa
403512,Sourcing Allowed,false,Goa
403516,Sourcing Allowed,false,Goa
403517,Sourcing Allowed,false,Goa
403601,Sourcing Allowed,false,Goa
403602,Sourcing Allowed,false,Goa
403702,Sourcing Allowed,false,Goa
403707,Sourcing Allowed,false,Goa
403712,Sourcing Allowed,false,Goa
403714,Sourcing Allowed,false,Goa
403726,Sourcing Allowed,false,Goa
403801,Sourcing Allowed,false,Goa
403802,Sourcing Allowed,false,Goa
403803,Sourcing Allowed,false,Goa
410101,Sourcing Allowed,false,Maharashtra
410102,Sourcing Allowed,false,Maharashtra
410201,Sourcing Allowed,false,Maharashtra
410202,Sourcing Allowed,false,Maharashtra
410203,Sourcing Allowed,false,Maharashtra
410204,Sourcing Allowed,false,Maharashtra
410205,Sourcing Allowed,false,Maharashtra
410206,Sourcing Allowed,false,Maharashtra
410207,Sourcing Allowed,false,Maharashtra
410208,Sourcing Allowed,false,Maharashtra
410209,Sourcing Allowed,false,Maharashtra
410210,Sourcing Allowed,false,Maharashtra
410216,Sourcing Allowed,false,Maharashtra
410218,Sourcing Allowed,false,Maharashtra
410220,Sourcing Allowed,false,Maharashtra
410221,Sourcing Allowed,false,Maharashtra
410222,Sourcing Allowed,false,Maharashtra
410301,Sourcing Allowed - Prime,true,Maharashtra
410302,Sourcing Allowed - Prime,true,Maharashtra
410401,Sourcing Allowed - Prime,true,Maharashtra
410402,Sourcing Allowed - Prime,true,Maharashtra
410403,Sourcing Allowed - Prime,true,Maharashtra
410405,Sourcing Allowed - Prime,true,Maharashtra
410406,Sourcing Allowed - Prime,true,Maharashtra
410501,Sourcing Allowed - Prime,true,Maharashtra
410502,Sourcing Allowed - Prime,true,Maharashtra
410503,Sourcing Allowed - Prime,true,Maharashtra
410504,Sourcing Allowed - Prime,true,Maharashtra
410505,Sourcing Allowed - Prime,true,Maharashtra
410506,Sourcing Allowed - Prime,true,Maharashtra
410507,Sourcing Allowed - Prime,true,Maharashtra
410508,Sourcing Allowed - Prime,true,Maharashtra
410509,Sourcing Allowed - Prime,true,Maharashtra
410510,Sourcing Allowed - Prime,true,Maharashtra
410511,Sourcing Allowed - Prime,true,Maharashtra
410512,Sourcing Allowed - Prime,true,Maharashtra
410513,Sourcing Allowed - Prime,true,Maharashtra
410515,Sourcing Allowed - Prime,true,Maharashtra
410516,Sourcing Allowed - Prime,true,Maharashtra
411001,Sourcing Allowed - Prime,true,Maharashtra
411002,Sourcing Allowed - Prime,true,Maharashtra
411003,Sourcing Allowed - Prime,true,Maharashtra
411004,Sourcing Allowed - Prime,true,Maharashtra
411005,Sourcing Allowed - Prime,true,Maharashtra
411006,Sourcing Allowed - Prime,true,Maharashtra
411007,Sourcing Allowed - Prime,true,Maharashtra
411008,Sourcing Allowed - Prime,true,Maharashtra
411009,Sourcing Allowed - Prime,true,Maharashtra
411011,Sourcing Allowed - Prime,true,Maharashtra
411012,Sourcing Allowed - Prime,true,Maharashtra
411013,Sourcing Allowed - Prime,true,Maharashtra
411014,Sourcing Allowed - Prime,true,Maharashtra
411015,Sourcing Allowed - Prime,true,Maharashtra
411016,Sourcing Allowed - Prime,true,Maharashtra
411017,Sourcing Allowed - Prime,true,Maharashtra
411018,Sourcing Allowed - Prime,true,Maharashtra
411019,Sourcing Allowed - Prime,true,Maharashtra
411020,Sourcing Allowed - Prime,true,Maharashtra
411021,Sourcing Allowed - Prime,true,Maharashtra
411022,Sourcing Allowed - Prime,true,Maharashtra
411023,Sourcing Allowed - Prime,true,Maharashtra
411024,Sourcing Allowed - Prime,true,Maharashtra
411025,Sourcing Allowed - Prime,true,Maharashtra
411026,Sourcing Allowed - Prime,true,Maharashtra
411027,Sourcing Allowed - Prime,true,Maharashtra
411028,Sourcing Allowed - Prime,true,Maharashtra
411029,Sourcing Allowed - Prime,true,Maharashtra
411030,Sourcing Allowed - Prime,true,Maharashtra
411031,Sourcing Allowed - Prime,true,Maharashtra
411032,Sourcing Allowed - Prime,true,Maharashtra
411033,Sourcing Allowed - Prime,true,Maharashtra
411034,Sourcing Allowed - Prime,true,Maharashtra
411035,Sourcing Allowed - Prime,true,Maharashtra
411036,Sourcing Allowed - Prime,true,Maharashtra
411037,Sourcing Allowed - Prime,true,Maharashtra
411038,Sourcing Allowed - Prime,true,Maharashtra
411039,Sourcing Allowed - Prime,true,Maharashtra
411040,Sourcing Allowed - Prime,true,Maharashtra
411041,Sourcing Allowed - Prime,true,Maharashtra
411042,Sourcing Allowed - Prime,true,Maharashtra
411043,Sourcing Allowed - Prime,true,Maharashtra
411044,Sourcing Allowed - Prime,true,Maharashtra
411045,Sourcing Allowed - Prime,true,Maharashtra
411046,Sourcing Allowed - Prime,true,Maharashtra
411047,Sourcing Allowed - Prime,true,Maharashtra
411048,Sourcing Allowed - Prime,true,Maharashtra
411049,Sourcing Allowed - Prime,true,Maharashtra
411050,Sourcing Allowed - Prime,true,Maharashtra
411051,Sourcing Allowed - Prime,true,Maharashtra
411052,Sourcing Allowed - Prime,true,Maharashtra
411053,Sourcing Allowed - Prime,true,Maharashtra
411054,Sourcing Allowed - Prime,true,Maharashtra
411055,Sourcing Allowed - Prime,true,Maharashtra
411057,Sourcing Allowed - Prime,true,Maharashtra
411058,Sourcing Allowed - Prime,true,Maharashtra
411060,Sourcing Allowed - Prime,true,Maharashtra
411061,Sourcing Allowed - Prime,true,Maharashtra
411062,Sourcing Allowed - Prime,true,Maharashtra
411067,Sourcing Allowed - Prime,true,Maharashtra
411068,Sourcing Allowed - Prime,true,Maharashtra
411069,Sourcing Allowed - Prime,true,Maharashtra
412101,Sourcing Allowed - Prime,true,Maharashtra
412102,Sourcing Allowed - Prime,true,Maharashtra
412103,Sourcing Allowed - Prime,true,Maharashtra
412104,Sourcing Allowed - Prime,true,Maharashtra
412105,Sourcing Allowed - Prime,true,Maharashtra
412106,Sourcing Allowed - Prime,true,Maharashtra
412107,Sourcing Allowed - Prime,true,Maharashtra
412108,Sourcing Allowed - Prime,true,Maharashtra
412109,Sourcing Allowed - Prime,true,Maharashtra
412110,Sourcing Allowed - Prime,true,Maharashtra
412111,Sourcing Allowed - Prime,true,Maharashtra
412112,Sourcing Allowed - Prime,true,Maharashtra
412114,Sourcing Allowed - Prime,true,Maharashtra
412115,Sourcing Allowed - Prime,true,Maharashtra
412201,Sourcing Allowed - Prime,true,Maharashtra
412202,Sourcing Allowed - Prime,true,Maharashtra
412203,Sourcing Allowed - Prime,true,Maharashtra
412204,Sourcing Allowed - Prime,true,Maharashtra
412205,Sourcing Allowed - Prime,true,Maharashtra
412206,Sourcing Allowed - Prime,true,Maharashtra
412207,Sourcing Allowed - Prime,true,Maharashtra
412208,Sourcing Allowed - Prime,true,Maharashtra
412209,Sourcing Allowed - Prime,true,Maharashtra
412210,Sourcing Allowed - Prime,true,Maharashtra
412211,Sourcing Allowed - Prime,true,Maharashtra
412212,Sourcing Allowed - Prime,true,Maharashtra
412213,Sourcing Allowed - Prime,true,Maharashtra
412214,Sourcing Allowed - Prime,true,Maharashtra
412215,Sourcing Allowed - Prime,true,Maharashtra
412216,Sourcing Allowed - Prime,true,Maharashtra
412218,Sourcing Allowed - Prime,true,Maharashtra
412219,Sourcing Allowed - Prime,true,Maharashtra
412220,Sourcing Allowed - Prime,true,Maharashtra
412301,Sourcing Allowed - Prime,true,Maharashtra
412303,Sourcing Allowed - Prime,true,Maharashtra
412304,Sourcing Allowed - Prime,true,Maharashtra
412305,Sourcing Allowed - Prime,true,Maharashtra
412306,Sourcing Allowed - Prime,true,Maharashtra
412307,Sourcing Allowed - Prime,true,Maharashtra
412308,Sourcing Allowed - Prime,true,Maharashtra
412311,Sourcing Allowed - Prime,true,Maharashtra
412312,Sourcing Allowed - Prime,true,Maharashtra
412401,Sourcing Allowed - Prime,true,Maharashtra
412402,Sourcing Allowed - Prime,true,Maharashtra
412403,Sourcing Allowed - Prime,true,Maharashtra
412404,Sourcing Allowed - Prime,true,Maharashtra
412405,Sourcing Allowed - Prime,true,Maharashtra
412406,Sourcing Allowed - Prime,true,Maharashtra
412408,Sourcing Allowed - Prime,true,Maharashtra
412409,Sourcing Allowed - Prime,true,Maharashtra
412410,Sourcing Allowed - Prime,true,Maharashtra
412411,Sourcing Allowed - Prime,true,Maharashtra
412412,Sourcing Allowed - Prime,true,Maharashtra
412801,Sourcing Allowed,false,Maharashtra
412802,Sourcing Allowed,false,Maharashtra
412803,Sourcing Allowed,false,Maharashtra
412804,Sourcing Allowed,false,Maharashtra
412805,Sourcing Allowed,false,Maharashtra
412806,Sourcing Allowed,false,Maharashtra
413001,Sourcing Allowed,false,Maharashtra
413002,Sourcing Allowed,false,Maharashtra
413003,Sourcing Allowed,false,Maharashtra
413004,Sourcing Allowed,false,Maharashtra
413005,Sourcing Allowed,false,Maharashtra
413006,Sourcing Allowed,false,Maharashtra
413007,Sourcing Allowed,false,Maharashtra
413008,Sourcing Allowed,false,Maharashtra
413101,Sourcing Allowed,false,Maharashtra
413102,Sourcing Allowed - Prime,true,Maharashtra
413103,Sourcing Allowed - Prime,true,Maharashtra
413104,Sourcing Allowed - Prime,true,Maharashtra
413105,Sourcing Allowed - Prime,true,Maharashtra
413106,Sourcing Allowed - Prime,true,Maharashtra
413107,Sourcing Allowed,false,Maharashtra
413108,Sourcing Allowed,false,Maharashtra
413109,Sourcing Allowed,false,Maharashtra
413110,Sourcing Allowed - Prime,true,Maharashtra
413111,Sourcing Allowed,false,Maharashtra
413112,Sourcing Allowed,false,Maharashtra
413113,Sourcing Allowed,false,Maharashtra
413114,Sourcing Allowed - Prime,true,Maharashtra
413115,Sourcing Allowed - Prime,true,Maharashtra
413116,Sourcing Allowed - Prime,true,Maharashtra
413118,Sourcing Allowed,false,Maharashtra
413120,Sourcing Allowed - Prime,true,Maharashtra
413121,Sourcing Allowed,false,Maharashtra
413125,Sourcing Allowed,false,Maharashtra
413128,Sourcing Allowed,false,Maharashtra
413130,Sourcing Allowed - Prime,true,Maharashtra
413132,Sourcing Allowed - Prime,true,Maharashtra
413133,Sourcing Allowed - Prime,true,Maharashtra
413201,Sourcing Allowed,false,Maharashtra
413202,Sourcing Allowed,false,Maharashtra
413203,Sourcing Allowed,false,Maharashtra
413204,Sourcing Allowed,false,Maharashtra
413205,Sourcing Allowed,false,Maharashtra
413206,Sourcing Allowed,false,Maharashtra
413207,Sourcing Allowed,false,Maharashtra
413208,Sourcing Allowed,false,Maharashtra
413209,Sourcing Allowed,false,Maharashtra
413210,Sourcing Allowed,false,Maharashtra
413211,Sourcing Allowed,false,Maharashtra
413212,Sourcing Allowed,false,Maharashtra
413213,Sourcing Allowed,false,Maharashtra
413214,Sourcing Allowed,false,Maharashtra
413215,Sourcing Allowed,false,Maharashtra
413216,Sourcing Allowed,false,Maharashtra
413217,Sourcing Allowed,false,Maharashtra
413218,Sourcing Allowed,false,Maharashtra
413219,Sourcing Allowed,false,Maharashtra
413220,Sourcing Allowed,false,Maharashtra
413221,Sourcing Allowed,false,Maharashtra
413222,Sourcing Allowed,false,Maharashtra
413223,Sourcing Allowed,false,Maharashtra
413224,Sourcing Allowed,false,Maharashtra
413225,Sourcing Allowed,false,Maharashtra
413226,Sourcing Allowed,false,Maharashtra
413227,Sourcing Allowed,false,Maharashtra
413228,Sourcing Allowed,false,Maharashtra
413229,Sourcing Allowed,false,Maharashtra
413230,Sourcing Allowed,false,Maharashtra
413231,Sourcing Allowed,false,Maharashtra
413232,Sourcing Allowed,false,Maharashtra
413233,Sourcing Allowed,false,Maharashtra
413234,Sourcing Allowed,false,Maharashtra
413235,Sourcing Allowed,false,Maharashtra
413237,Sourcing Allowed,false,Maharashtra
413240,Sourcing Allowed,false,Maharashtra
413241,Sourcing Allowed,false,Maharashtra
413242,Sourcing Allowed,false,Maharashtra
413243,Sourcing Allowed,false,Maharashtra
413244,Sourcing Allowed,false,Maharashtra
413245,Sourcing Allowed,false,Maharashtra
413246,Sourcing Allowed,false,Maharashtra
413248,Sourcing Allowed,false,Maharashtra
413249,Sourcing Allowed,false,Maharashtra
413250,Sourcing Allowed,false,Maharashtra
413251,Sourcing Allowed,false,Maharashtra
413252,Sourcing Allowed,false,Maharashtra
413253,Sourcing Allowed,false,Maharashtra
413255,Sourcing Allowed,false,Maharashtra
413301,Sourcing Allowed,false,Maharashtra
413302,Sourcing Allowed,false,Maharashtra
413303,Sourcing Allowed,false,Maharashtra
413304,Sourcing Allowed,false,Maharashtra
413305,Sourcing Allowed,false,Maharashtra
413306,Sourcing Allowed,false,Maharashtra
413307,Sourcing Allowed,false,Maharashtra
413308,Sourcing Allowed,false,Maharashtra
413309,Sourcing Allowed,false,Maharashtra
413310,Sourcing Allowed,false,Maharashtra
413311,Sourcing Allowed,false,Maharashtra
413312,Sourcing Allowed,false,Maharashtra
413313,Sourcing Allowed,false,Maharashtra
413314,Sourcing Allowed,false,Maharashtra
413315,Sourcing Allowed,false,Maharashtra
413316,Sourcing Allowed,false,Maharashtra
413317,Sourcing Allowed,false,Maharashtra
413319,Sourcing Allowed,false,Maharashtra
413322,Sourcing Allowed,false,Maharashtra
413324,Sourcing Allowed,false,Maharashtra
413401,Sourcing Allowed,false,Maharashtra
413402,Sourcing Allowed,false,Maharashtra
413403,Sourcing Allowed,false,Maharashtra
413404,Sourcing Allowed,false,Maharashtra
413405,Sourcing Allowed,false,Maharashtra
413406,Sourcing Allowed,false,Maharashtra
413409,Sourcing Allowed,false,Maharashtra
413410,Sourcing Allowed,false,Maharashtra
413411,Sourcing Allowed,false,Maharashtra
413412,Sourcing Allowed,false,Maharashtra
413416,Sourcing Allowed,false,Maharashtra
413501,Sourcing Allowed,false,Maharashtra
413502,Sourcing Allowed,false,Maharashtra
413503,Sourcing Allowed,false,Maharashtra
413504,Sourcing Allowed,false,Maharashtra
413505,Sourcing Allowed,false,Maharashtra
413506,Sourcing Allowed,false,Maharashtra
413507,Sourcing Allowed,false,Maharashtra
413508,Sourcing Allowed,false,Maharashtra
413509,Sourcing Allowed,false,Maharashtra
413510,Sourcing Allowed,false,Maharashtra
413511,Sourcing Allowed,false,Maharashtra
413512,Sourcing Allowed,false,Maharashtra
413513,Sourcing Allowed,false,Maharashtra
413514,Sourcing Allowed,false,Maharashtra
413515,Sourcing Allowed,false,Maharashtra
413516,Sourcing Allowed,false,Maharashtra
413517,Sourcing Allowed,false,Maharashtra
413518,Sourcing Allowed,false,Maharashtra
413519,Sourcing Allowed,false,Maharashtra
413520,Sourcing Allowed,false,Maharashtra
413521,Sourcing Allowed,false,Maharashtra
413522,Sourcing Allowed,false,Maharashtra
413523,Sourcing Allowed,false,Maharashtra
413524,Sourcing Allowed,false,Maharashtra
413525,Sourcing Allowed,false,Maharashtra
413526,Sourcing Allowed,false,Maharashtra
413527,Sourcing Allowed,false,Maharashtra
413528,Sourcing Allowed,false,Maharashtra
413529,Sourcing Allowed,false,Maharashtra
413530,Sourcing Allowed,false,Maharashtra
413531,Sourcing Allowed,false,Maharashtra
413532,Sourcing Allowed,false,Maharashtra
413534,Sourcing Allowed,false,Maharashtra
413544,Sourcing Allowed,false,Maharashtra
413575,Sourcing Allowed,false,Maharashtra
413580,Sourcing Allowed,false,Maharashtra
413581,Sourcing Allowed,false,Maharashtra
413582,Sourcing Allowed,false,Maharashtra
413601,Sourcing Allowed,false,Maharashtra
413602,Sourcing Allowed,false,Maharashtra
413603,Sourcing Allowed,false,Maharashtra
413604,Sourcing Allowed,false,Maharashtra
413605,Sourcing Allowed,false,Maharashtra
413606,Sourcing Allowed,false,Maharashtra
413607,Sourcing Allowed,false,Maharashtra
413608,Sourcing Allowed,false,Maharashtra
413623,Sourcing Allowed,false,Maharashtra
413624,Sourcing Allowed,false,Maharashtra
413701,Sourcing Allowed,false,Maharashtra
413702,Sourcing Allowed,false,Maharashtra
413703,Sourcing Allowed,false,Maharashtra
413704,Sourcing Allowed,false,Maharashtra
413705,Sourcing Allowed,false,Maharashtra
413706,Sourcing Allowed,false,Maharashtra
413707,Sourcing Allowed,false,Maharashtra
413708,Sourcing Allowed,false,Maharashtra
413709,Sourcing Allowed,false,Maharashtra
413710,Sourcing Allowed,false,Maharashtra
413711,Sourcing Allowed,false,Maharashtra
413712,Sourcing Allowed,false,Maharashtra
413713,Sourcing Allowed,false,Maharashtra
413714,Sourcing Allowed,false,Maharashtra
413715,Sourcing Allowed,false,Maharashtra
413716,Sourcing Allowed,false,Maharashtra
413717,Sourcing Allowed,false,Maharashtra
413718,Sourcing Allowed,false,Maharashtra
413719,Sourcing Allowed,false,Maharashtra
413720,Sourcing Allowed,false,Maharashtra
413721,Sourcing Allowed,false,Maharashtra
413722,Sourcing Allowed,false,Maharashtra
413723,Sourcing Allowed,false,Maharashtra
413725,Sourcing Allowed,false,Maharashtra
413726,Sourcing Allowed,false,Maharashtra
413728,Sourcing Allowed,false,Maharashtra
413736,Sourcing Allowed,false,Maharashtra
413737,Sourcing Allowed,false,Maharashtra
413738,Sourcing Allowed,false,Maharashtra
413739,Sourcing Allowed,false,Maharashtra
413801,Sourcing Allowed - Prime,true,Maharashtra
413802,Sourcing Allowed - Prime,true,Maharashtra
414001,Sourcing Allowed,false,Maharashtra
414002,Sourcing Allowed,false,Maharashtra
414003,Sourcing Allowed,false,Maharashtra
414005,Sourcing Allowed,false,Maharashtra
414006,Sourcing Allowed,false,Maharashtra
414101,Sourcing Allowed,false,Maharashtra
414102,Sourcing Allowed,false,Maharashtra
414103,Sourcing Allowed,false,Maharashtra
414105,Sourcing Allowed,false,Maharashtra
414106,Sourcing Allowed,false,Maharashtra
414110,Sourcing Allowed,false,Maharashtra
414111,Sourcing Allowed,false,Maharashtra
414113,Sourcing Allowed,false,Maharashtra
414201,Sourcing Allowed,false,Maharashtra
414202,Sourcing Allowed,false,Maharashtra
414203,Sourcing Allowed,false,Maharashtra
414204,Sourcing Allowed,false,Maharashtra
414205,Sourcing Allowed,false,Maharashtra
414208,Sourcing Allowed,false,Maharashtra
414301,Sourcing Allowed,false,Maharashtra
414302,Sourcing Allowed,false,Maharashtra
414303,Sourcing Allowed,false,Maharashtra
414304,Sourcing Allowed,false,Maharashtra
414305,Sourcing Allowed,false,Maharashtra
414306,Sourcing Allowed,false,Maharashtra
414307,Sourcing Allowed,false,Maharashtra
414401,Sourcing Allowed,false,Maharashtra
414402,Sourcing Allowed,false,Maharashtra
414403,Sourcing Allowed,false,Maharashtra
414501,Sourcing Allowed,false,Maharashtra
414502,Sourcing Allowed,false,Maharashtra
414503,Sourcing Allowed,false,Maharashtra
414504,Sourcing Allowed,false,Maharashtra
414505,Sourcing Allowed,false,Maharashtra
414601,Sourcing Allowed,false,Maharashtra
414602,Sourcing Allowed,false,Maharashtra
414603,Sourcing Allowed,false,Maharashtra
414604,Sourcing Allowed,false,Maharashtra
414605,Sourcing Allowed,false,Maharashtra
414606,Sourcing Allowed,false,Maharashtra
414607,Sourcing Allowed,false,Maharashtra
414609,Sourcing Allowed,false,Maharashtra
414701,Sourcing Allowed,false,Maharashtra
415001,Sourcing Allowed,false,Maharashtra
415002,Sourcing Allowed,false,Maharashtra
415003,Sourcing Allowed,false,Maharashtra
415004,Sourcing Allowed,false,Maharashtra
415010,Sourcing Allowed,false,Maharashtra
415011,Sourcing Allowed,false,Maharashtra
415012,Sourcing Allowed,false,Maharashtra
415013,Sourcing Allowed,false,Maharashtra
415014,Sourcing Allowed,false,Maharashtra
415015,Sourcing Allowed,false,Maharashtra
415019,Sourcing Allowed,false,Maharashtra
415020,Sourcing Allowed,false,Maharashtra
415021,Sourcing Allowed,false,Maharashtra
415022,Sourcing Allowed,false,Maharashtra
415023,Sourcing Allowed,false,Maharashtra
415101,Sourcing Allowed,false,Maharashtra
415102,Sourcing Allowed,false,Maharashtra
415103,Sourcing Allowed,false,Maharashtra
415104,Sourcing Allowed,false,Maharashtra
415105,Sourcing Allowed,false,Maharashtra
415106,Sourcing Allowed,false,Maharashtra
415107,Sourcing Allowed,false,Maharashtra
415108,Sourcing Allowed,false,Maharashtra
415109,Sourcing Allowed,false,Maharashtra
415110,Sourcing Allowed,false,Maharashtra
415111,Sourcing Allowed,false,Maharashtra
415112,Sourcing Allowed,false,Maharashtra
415114,Sourcing Allowed,false,Maharashtra
415115,Sourcing Allowed,false,Maharashtra
415116,Sourcing Allowed,false,Maharashtra
415118,Sourcing Allowed,false,Maharashtra
415120,Sourcing Allowed,false,Maharashtra
415122,Sourcing Allowed,false,Maharashtra
415124,Sourcing Allowed,false,Maharashtra
415202,Sourcing Allowed,false,Maharashtra
415203,Sourcing Allowed,false,Maharashtra
415205,Sourcing Allowed,false,Maharashtra
415206,Sourcing Allowed,false,Maharashtra
415207,Sourcing Allowed,false,Maharashtra
415208,Sourcing Allowed,false,Maharashtra
415209,Sourcing Allowed,false,Maharashtra
415210,Sourcing Allowed,false,Maharashtra
415211,Sourcing Allowed,false,Maharashtra
415212,Sourcing Allowed,false,Maharashtra
415213,Sourcing Allowed,false,Maharashtra
415214,Sourcing Allowed,false,Maharashtra
415301,Sourcing Allowed,false,Maharashtra
415302,Sourcing Allowed,false,Maharashtra
415303,Sourcing Allowed,false,Maharashtra
415304,Sourcing Allowed,false,Maharashtra
415305,Sourcing Allowed,false,Maharashtra
415306,Sourcing Allowed,false,Maharashtra
415307,Sourcing Allowed,false,Maharashtra
415308,Sourcing Allowed,false,Maharashtra
415309,Sourcing Allowed,false,Maharashtra
415310,Sourcing Allowed,false,Maharashtra
415311,Sourcing Allowed,false,Maharashtra
415312,Sourcing Allowed,false,Maharashtra
415313,Sourcing Allowed,false,Maharashtra
415315,Sourcing Allowed,false,Maharashtra
415401,Sourcing Allowed,false,Maharashtra
415402,Sourcing Allowed,false,Maharashtra
415403,Sourcing Allowed,false,Maharashtra
415404,Sourcing Allowed,false,Maharashtra
415405,Sourcing Allowed,false,Maharashtra
415406,Sourcing Allowed,false,Maharashtra
415407,Sourcing Allowed,false,Maharashtra
415408,Sourcing Allowed,false,Maharashtra
415409,Sourcing Allowed,false,Maharashtra
415410,Sourcing Allowed,false,Maharashtra
415411,Sourcing Allowed,false,Maharashtra
415412,Sourcing Allowed,false,Maharashtra
415413,Sourcing Allowed,false,Maharashtra
415414,Sourcing Allowed,false,Maharashtra
415415,Sourcing Allowed,false,Maharashtra
415416,Sourcing Allowed,false,Maharashtra
415417,Sourcing Allowed,false,Maharashtra
415418,Sourcing Allowed,false,Maharashtra
415501,Sourcing Allowed,false,Maharashtra
415502,Sourcing Allowed,false,Maharashtra
415503,Sourcing Allowed,false,Maharashtra
415504,Sourcing Allowed,false,Maharashtra
415505,Sourcing Allowed,false,Maharashtra
415506,Sourcing Allowed,false,Maharashtra
415507,Sourcing Allowed,false,Maharashtra
415508,Sourcing Allowed,false,Maharashtra
415509,Sourcing Allowed,false,Maharashtra
415510,Sourcing Allowed,false,Maharashtra
415511,Sourcing Allowed,false,Maharashtra
415512,Sourcing Allowed,false,Maharashtra
415513,Sourcing Allowed,false,Maharashtra
415514,Sourcing Allowed,false,Maharashtra
415515,Sourcing Allowed,false,Maharashtra
415516,Sourcing Allowed,false,Maharashtra
415517,Sourcing Allowed,false,Maharashtra
415518,Sourcing Allowed,false,Maharashtra
415519,Sourcing Allowed,false,Maharashtra
415520,Sourcing Allowed,false,Maharashtra
415521,Sourcing Allowed,false,Maharashtra
415522,Sourcing Allowed,false,Maharashtra
415523,Sourcing Allowed,false,Maharashtra
415524,Sourcing Allowed,false,Maharashtra
415525,Sourcing Allowed,false,Maharashtra
415526,Sourcing Allowed,false,Maharashtra
415527,Sourcing Allowed,false,Maharashtra
415528,Sourcing Allowed,false,Maharashtra
415529,Sourcing Allowed,false,Maharashtra
415530,Sourcing Allowed,false,Maharashtra
415536,Sourcing Allowed,false,Maharashtra
415537,Sourcing Allowed,false,Maharashtra
415538,Sourcing Allowed,false,Maharashtra
415539,Sourcing Allowed,false,Maharashtra
415540,Sourcing Allowed,false,Maharashtra
415570,Sourcing Allowed,false,Maharashtra
415601,Sourcing Allowed,false,Maharashtra
415602,Sourcing Allowed,false,Maharashtra
415603,Sourcing Allowed,false,Maharashtra
415604,Sourcing Allowed,false,Maharashtra
415605,Sourcing Allowed,false,Maharashtra
415606,Sourcing Allowed,false,Maharashtra
415607,Sourcing Allowed,false,Maharashtra
415608,Sourcing Allowed,false,Maharashtra
415609,Sourcing Allowed,false,Maharashtra
415610,Sourcing Allowed,false,Maharashtra
415611,Sourcing Allowed,false,Maharashtra
415612,Sourcing Allowed,false,Maharashtra
415613,Sourcing Allowed,false,Maharashtra
415614,Sourcing Allowed,false,Maharashtra
415615,Sourcing Allowed,false,Maharashtra
415616,Sourcing Allowed,false,Maharashtra
415617,Sourcing Allowed,false,Maharashtra
415619,Sourcing Allowed,false,Maharashtra
415620,Sourcing Allowed,false,Maharashtra
415621,Sourcing Allowed,false,Maharashtra
415626,Sourcing Allowed,false,Maharashtra
415628,Sourcing Allowed,false,Maharashtra
415629,Sourcing Allowed,false,Maharashtra
415630,Sourcing Allowed,false,Maharashtra
415634,Sourcing Allowed,false,Maharashtra
415637,Sourcing Allowed,false,Maharashtra
415639,Sourcing Allowed,false,Maharashtra
415640,Sourcing Allowed,false,Maharashtra
415641,Sourcing Allowed,false,Maharashtra
415643,Sourcing Allowed,false,Maharashtra
415701,Sourcing Allowed,false,Maharashtra
415702,Sourcing Allowed,false,Maharashtra
415703,Sourcing Allowed,false,Maharashtra
415704,Sourcing Allowed,false,Maharashtra
415705,Sourcing Allowed,false,Maharashtra
415706,Sourcing Allowed,false,Maharashtra
415708,Sourcing Allowed,false,Maharashtra
415709,Sourcing Allowed,false,Maharashtra
415710,Sourcing Allowed,false,Maharashtra
415711,Sourcing Allowed,false,Maharashtra
415712,Sourcing Allowed,false,Maharashtra
415713,Sourcing Allowed,false,Maharashtra
415714,Sourcing Allowed,false,Maharashtra
415715,Sourcing Allowed,false,Maharashtra
415716,Sourcing Allowed,false,Maharashtra
415717,Sourcing Allowed,false,Maharashtra
415718,Sourcing Allowed,false,Maharashtra
415719,Sourcing Allowed,false,Maharashtra
415720,Sourcing Allowed,false,Maharashtra
415722,Sourcing Allowed,false,Maharashtra
415724,Sourcing Allowed,false,Maharashtra
415726,Sourcing Allowed,false,Maharashtra
415727,Sourcing Allowed,false,Maharashtra
415728,Sourcing Allowed,false,Maharashtra
415729,Sourcing Allowed,false,Maharashtra
415730,Sourcing Allowed,false,Maharashtra
415801,Sourcing Allowed,false,Maharashtra
415802,Sourcing Allowed,false,Maharashtra
415803,Sourcing Allowed,false,Maharashtra
415804,Sourcing Allowed,false,Maharashtra
415805,Sourcing Allowed,false,Maharashtra
415806,Sourcing Allowed,false,Maharashtra
415807,Sourcing Allowed,false,Maharashtra
416001,Sourcing Allowed,false,Maharashtra
416002,Sourcing Allowed,false,Maharashtra
416003,Sourcing Allowed,false,Maharashtra
416004,Sourcing Allowed,false,Maharashtra
416005,Sourcing Allowed,false,Maharashtra
416006,Sourcing Allowed,false,Maharashtra
416007,Sourcing Allowed,false,Maharashtra
416008,Sourcing Allowed,false,Maharashtra
416010,Sourcing Allowed,false,Maharashtra
416011,Sourcing Allowed,false,Maharashtra
416012,Sourcing Allowed,false,Maharashtra
416013,Sourcing Allowed,false,Maharashtra
416101,Sourcing Allowed,false,Maharashtra
416102,Sourcing Allowed,false,Maharashtra
416103,Sourcing Allowed,false,Maharashtra
416104,Sourcing Allowed,false,Maharashtra
416105,Sourcing Allowed,false,Maharashtra
416106,Sourcing Allowed,false,Maharashtra
416107,Sourcing Allowed,false,Maharashtra
416108,Sourcing Allowed,false,Maharashtra
416109,Sourcing Allowed,false,Maharashtra
416110,Sourcing Allowed,false,Maharashtra
416111,Sourcing Allowed,false,Maharashtra
416112,Sourcing Allowed,false,Maharashtra
416113,Sourcing Allowed,false,Maharashtra
416114,Sourcing Allowed,false,Maharashtra
416115,Sourcing Allowed,false,Maharashtra
416116,Sourcing Allowed,false,Maharashtra
416117,Sourcing Allowed,false,Maharashtra
416118,Sourcing Allowed,false,Maharashtra
416119,Sourcing Allowed,false,Maharashtra
416120,Sourcing Allowed,false,Maharashtra
416121,Sourcing Allowed,false,Maharashtra
416122,Sourcing Allowed,false,Maharashtra
416127,Sourcing Allowed,false,Maharashtra
416129,Sourcing Allowed,false,Maharashtra
416130,Sourcing Allowed,false,Maharashtra
416134,Sourcing Allowed,false,Maharashtra
416138,Sourcing Allowed,false,Maharashtra
416143,Sourcing Allowed,false,Maharashtra
416144,Sourcing Allowed,false,Maharashtra
416146,Sourcing Allowed,false,Maharashtra
416201,Sourcing Allowed,false,Maharashtra
416202,Sourcing Allowed,false,Maharashtra
416203,Sourcing Allowed,false,Maharashtra
416204,Sourcing Allowed,false,Maharashtra
416205,Sourcing Allowed,false,Maharashtra
416206,Sourcing Allowed,false,Maharashtra
416207,Sourcing Allowed,false,Maharashtra
416208,Sourcing Allowed,false,Maharashtra
416209,Sourcing Allowed,false,Maharashtra
416210,Sourcing Allowed,false,Maharashtra
416211,Sourcing Allowed,false,Maharashtra
416212,Sourcing Allowed,false,Maharashtra
416213,Sourcing Allowed,false,Maharashtra
416214,Sourcing Allowed,false,Maharashtra
416215,Sourcing Allowed,false,Maharashtra
416216,Sourcing Allowed,false,Maharashtra
416217,Sourcing Allowed,false,Maharashtra
416218,Sourcing Allowed,false,Maharashtra
416219,Sourcing Allowed,false,Maharashtra
416220,Sourcing Allowed,false,Maharashtra
416221,Sourcing Allowed,false,Maharashtra
416222,Sourcing Allowed,false,Maharashtra
416223,Sourcing Allowed,false,Maharashtra
416224,Sourcing Allowed,false,Maharashtra
416228,Sourcing Allowed,false,Maharashtra
416229,Sourcing Allowed,false,Maharashtra
416230,Sourcing Allowed,false,Maharashtra
416231,Sourcing Allowed,false,Maharashtra
416232,Sourcing Allowed,false,Maharashtra
416234,Sourcing Allowed,false,Maharashtra
416235,Sourcing Allowed,false,Maharashtra
416236,Sourcing Allowed,false,Maharashtra
416301,Sourcing Allowed,false,Maharashtra
416302,Sourcing Allowed,false,Maharashtra
416303,Sourcing Allowed,false,Maharashtra
416304,Sourcing Allowed,false,Maharashtra
416305,Sourcing Allowed,false,Maharashtra
416306,Sourcing Allowed,false,Maharashtra
416307,Sourcing Allowed,false,Maharashtra
416308,Sourcing Allowed,false,Maharashtra
416309,Sourcing Allowed,false,Maharashtra
416310,Sourcing Allowed,false,Maharashtra
416311,Sourcing Allowed,false,Maharashtra
416312,Sourcing Allowed,false,Maharashtra
416313,Sourcing Allowed,false,Maharashtra
416314,Sourcing Allowed,false,Maharashtra
416315,Sourcing Allowed,false,Maharashtra
416316,Sourcing Allowed,false,Maharashtra
416317,Sourcing Allowed,false,Maharashtra
416319,Sourcing Allowed,false,Maharashtra
416320,Sourcing Allowed,false,Maharashtra
416321,Sourcing Allowed,false,Maharashtra
416401,Sourcing Allowed,false,Maharashtra
416402,Sourcing Allowed,false,Maharashtra
416403,Sourcing Allowed,false,Maharashtra
416404,Sourcing Allowed,false,Maharashtra
416405,Sourcing Allowed,false,Maharashtra
416406,Sourcing Allowed,false,Maharashtra
416407,Sourcing Allowed,false,Maharashtra
416408,Sourcing Allowed,false,Maharashtra
416409,Sourcing Allowed,false,Maharashtra
416410,Sourcing Allowed,false,Maharashtra
416411,Sourcing Allowed,false,Maharashtra
416412,Sourcing Allowed,false,Maharashtra
416413,Sourcing Allowed,false,Maharashtra
416414,Sourcing Allowed,false,Maharashtra
416415,Sourcing Allowed,false,Maharashtra
416416,Sourcing Allowed,false,Maharashtra
416417,Sourcing Allowed,false,Maharashtra
416418,Sourcing Allowed,false,Maharashtra
416419,Sourcing Allowed,false,Maharashtra
416420,Sourcing Allowed,false,Maharashtra
416421,Sourcing Allowed,false,Maharashtra
416422,Sourcing Allowed,false,Maharashtra
416423,Sourcing Allowed,false,Maharashtra
416425,Sourcing Allowed,false,Maharashtra
416426,Sourcing Allowed,false,Maharashtra
416428,Sourcing Allowed,false,Maharashtra
416429,Sourcing Allowed,false,Maharashtra
416436,Sourcing Allowed,false,Maharashtra
416437,Sourcing Allowed,false,Maharashtra
416501,Sourcing Allowed,false,Maharashtra
416502,Sourcing Allowed,false,Maharashtra
416503,Sourcing Allowed,false,Maharashtra
416504,Sourcing Allowed,false,Maharashtra
416505,Sourcing Allowed,false,Maharashtra
416506,Sourcing Allowed,false,Maharashtra
416507,Sourcing Allowed,false,Maharashtra
416508,Sourcing Allowed,false,Maharashtra
416509,Sourcing Allowed,false,Maharashtra
416510,Sourcing Allowed,false,Maharashtra
416511,Sourcing Allowed,false,Maharashtra
416512,Sourcing Allowed,false,Maharashtra
416513,Sourcing Allowed,false,Maharashtra
416514,Sourcing Allowed,false,Maharashtra
416515,Sourcing Allowed,false,Maharashtra
416516,Sourcing Allowed,false,Maharashtra
416517,Sourcing Allowed,false,Maharashtra
416518,Sourcing Allowed,false,Maharashtra
416519,Sourcing Allowed,false,Maharashtra
416520,Sourcing Allowed,false,Maharashtra
416521,Sourcing Allowed,false,Maharashtra
416522,Sourcing Allowed,false,Maharashtra
416523,Sourcing Allowed,false,Maharashtra
416524,Sourcing Allowed,false,Maharashtra
416525,Sourcing Allowed,false,Maharashtra
416526,Sourcing Allowed,false,Maharashtra
416527,Sourcing Allowed,false,Maharashtra
416528,Sourcing Allowed,false,Maharashtra
416529,Sourcing Allowed,false,Maharashtra
416530,Sourcing Allowed,false,Maharashtra
416531,Sourcing Allowed,false,Maharashtra
416532,Sourcing Allowed,false,Maharashtra
416534,Sourcing Allowed,false,Maharashtra
416536,Sourcing Allowed,false,Maharashtra
416538,Sourcing Allowed,false,Maharashtra
416541,Sourcing Allowed,false,Maharashtra
416549,Sourcing Allowed,false,Maharashtra
416550,Sourcing Allowed,false,Maharashtra
416551,Sourcing Allowed,false,Maharashtra
416552,Sourcing Allowed,false,Maharashtra
416601,Sourcing Allowed,false,Maharashtra
416602,Sourcing Allowed,false,Maharashtra
416603,Sourcing Allowed,false,Maharashtra
416604,Sourcing Allowed,false,Maharashtra
416605,Sourcing Allowed,false,Maharashtra
416606,Sourcing Allowed,false,Maharashtra
416608,Sourcing Allowed,false,Maharashtra
416609,Sourcing Allowed,false,Maharashtra
416610,Sourcing Allowed,false,Maharashtra
416611,Sourcing Allowed,false,Maharashtra
416612,Sourcing Allowed,false,Maharashtra
416613,Sourcing Allowed,false,Maharashtra
416614,Sourcing Allowed,false,Maharashtra
416615,Sourcing Allowed,false,Maharashtra
416616,Sourcing Allowed,false,Maharashtra
416620,Sourcing Allowed,false,Maharashtra
416622,Sourcing Allowed,false,Maharashtra
416623,Sourcing Allowed,false,Maharashtra
416626,Sourcing Allowed,false,Maharashtra
416628,Sourcing Allowed,false,Maharashtra
416630,Sourcing Allowed,false,Maharashtra
416632,Sourcing Allowed,false,Maharashtra
416701,Sourcing Allowed,false,Maharashtra
416702,Sourcing Allowed,false,Maharashtra
416703,Sourcing Allowed,false,Maharashtra
416704,Sourcing Allowed,false,Maharashtra
416705,Sourcing Allowed,false,Maharashtra
416707,Sourcing Allowed,false,Maharashtra
416709,Sourcing Allowed,false,Maharashtra
416712,Sourcing Allowed,false,Maharashtra
416713,Sourcing Allowed,false,Maharashtra
416801,Sourcing Allowed,false,Maharashtra
416803,Sourcing Allowed,false,Maharashtra
416804,Sourcing Allowed,false,Maharashtra
416805,Sourcing Allowed,false,Maharashtra
416806,Sourcing Allowed,false,Maharashtra
416807,Sourcing Allowed,false,Maharashtra
416810,Sourcing Allowed,false,Maharashtra
416811,Sourcing Allowed,false,Maharashtra
416812,Sourcing Allowed,false,Maharashtra
416813,Sourcing Allowed,false,Maharashtra
421001,Sourcing Allowed - Prime,true,Maharashtra
421002,Sourcing Allowed - Prime,true,Maharashtra
421004,Sourcing Allowed - Prime,true,Maharashtra
421005,Sourcing Allowed - Prime,true,Maharashtra
421101,Sourcing Allowed - Prime,true,Maharashtra
421102,Sourcing Allowed - Prime,true,Maharashtra
421103,Sourcing Allowed - Prime,true,Maharashtra
421201,Sourcing Allowed - Prime,true,Maharashtra
421202,Sourcing Allowed - Prime,true,Maharashtra
421203,Sourcing Allowed - Prime,true,Maharashtra
421204,Sourcing Allowed - Prime,true,Maharashtra
421301,Sourcing Allowed - Prime,true,Maharashtra
421302,Sourcing Allowed - Prime,true,Maharashtra
421303,Sourcing Allowed - Prime,true,Maharashtra
421304,Sourcing Allowed - Prime,true,Maharashtra
421305,Sourcing Allowed - Prime,true,Maharashtra
421306,Sourcing Allowed - Prime,true,Maharashtra
421308,Sourcing Allowed - Prime,true,Maharashtra
421311,Sourcing Allowed - Prime,true,Maharashtra
421312,Sourcing Allowed - Prime,true,Maharashtra
421401,Sourcing Allowed - Prime,true,Maharashtra
421402,Sourcing Allowed - Prime,true,Maharashtra
421403,Sourcing Allowed - Prime,true,Maharashtra
421501,Sourcing Allowed - Prime,true,Maharashtra
421502,Sourcing Allowed - Prime,true,Maharashtra
421503,Sourcing Allowed - Prime,true,Maharashtra
421504,Sourcing Allowed - Prime,true,Maharashtra
421505,Sourcing Allowed - Prime,true,Maharashtra
421506,Sourcing Allowed - Prime,true,Maharashtra
421601,Sourcing Allowed - Prime,true,Maharashtra
421602,Sourcing Allowed - Prime,true,Maharashtra
421603,Sourcing Allowed - Prime,true,Maharashtra
421604,Sourcing Allowed - Prime,true,Maharashtra
421605,Sourcing Allowed - Prime,true,Maharashtra
422001,Sourcing Allowed,false,Maharashtra
422002,Sourcing Allowed,false,Maharashtra
422003,Sourcing Allowed,false,Maharashtra
422004,Sourcing Allowed,false,Maharashtra
422005,Sourcing Allowed,false,Maharashtra
422006,Sourcing Allowed,false,Maharashtra
422007,Sourcing Allowed,false,Maharashtra
422008,Sourcing Allowed,false,Maharashtra
422009,Sourcing Allowed,false,Maharashtra
422010,Sourcing Allowed,false,Maharashtra
422011,Sourcing Allowed,false,Maharashtra
422012,Sourcing Allowed,false,Maharashtra
422013,Sourcing Allowed,false,Maharashtra
422015,Sourcing Allowed,false,Maharashtra
422101,Sourcing Allowed,false,Maharashtra
422102,Sourcing Allowed,false,Maharashtra
422103,Sourcing Allowed,false,Maharashtra
422104,Sourcing Allowed,false,Maharashtra
422105,Sourcing Allowed,false,Maharashtra
422107,Sourcing Allowed,false,Maharashtra
422108,Sourcing Allowed,false,Maharashtra
422112,Sourcing Allowed,false,Maharashtra
422113,Sourcing Allowed,false,Maharashtra
422201,Sourcing Allowed,false,Maharashtra
422202,Sourcing Allowed,false,Maharashtra
422203,Sourcing Allowed,false,Maharashtra
422204,Sourcing Allowed,false,Maharashtra
422205,Sourcing Allowed,false,Maharashtra
422206,Sourcing Allowed,false,Maharashtra
422207,Sourcing Allowed,false,Maharashtra
422208,Sourcing Allowed,false,Maharashtra
422209,Sourcing Allowed,false,Maharashtra
422210,Sourcing Allowed,false,Maharashtra
422211,Sourcing Allowed,false,Maharashtra
422212,Sourcing Allowed,false,Maharashtra
422213,Sourcing Allowed,false,Maharashtra
422214,Sourcing Allowed,false,Maharashtra
422215,Sourcing Allowed,false,Maharashtra
422216,Sourcing Allowed,false,Maharashtra
422221,Sourcing Allowed,false,Maharashtra
422222,Sourcing Allowed,false,Maharashtra
422301,Sourcing Allowed,false,Maharashtra
422302,Sourcing Allowed,false,Maharashtra
422303,Sourcing Allowed,false,Maharashtra
422304,Sourcing Allowed,false,Maharashtra
422305,Sourcing Allowed,false,Maharashtra
422306,Sourcing Allowed,false,Maharashtra
422307,Sourcing Allowed,false,Maharashtra
422308,Sourcing Allowed,false,Maharashtra
422401,Sourcing Allowed,false,Maharashtra
422402,Sourcing Allowed,false,Maharashtra
422403,Sourcing Allowed,false,Maharashtra
422405,Sourcing Allowed,false,Maharashtra
422501,Sourcing Allowed,false,Maharashtra
422502,Sourcing Allowed,false,Maharashtra
422503,Sourcing Allowed,false,Maharashtra
422601,Sourcing Allowed,false,Maharashtra
422602,Sourcing Allowed,false,Maharashtra
422603,Sourcing Allowed,false,Maharashtra
422604,Sourcing Allowed,false,Maharashtra
422605,Sourcing Allowed,false,Maharashtra
422606,Sourcing Allowed,false,Maharashtra
422608,Sourcing Allowed,false,Maharashtra
422610,Sourcing Allowed,false,Maharashtra
422611,Sourcing Allowed,false,Maharashtra
422620,Sourcing Allowed,false,Maharashtra
422622,Sourcing Allowed,false,Maharashtra
423101,Sourcing Allowed,false,Maharashtra
423102,Sourcing Allowed,false,Maharashtra
423104,Sourcing Allowed,false,Maharashtra
423105,Sourcing Allowed,false,Maharashtra
423106,Sourcing Allowed,false,Maharashtra
423107,Sourcing Allowed,false,Maharashtra
423108,Sourcing Allowed,false,Maharashtra
423109,Sourcing Allowed,false,Maharashtra
423110,Sourcing Allowed,false,Maharashtra
423111,Sourcing Allowed,false,Maharashtra
423114,Sourcing Allowed,false,Maharashtra
423116,Sourcing Allowed,false,Maharashtra
423117,Sourcing Allowed,false,Maharashtra
423201,Sourcing Allowed,false,Maharashtra
423202,Sourcing Allowed,false,Maharashtra
423203,Sourcing Allowed,false,Maharashtra
423204,Sourcing Allowed,false,Maharashtra
423205,Sourcing Allowed,false,Maharashtra
423206,Sourcing Allowed,false,Maharashtra
423208,Sourcing Allowed,false,Maharashtra
423209,Sourcing Allowed,false,Maharashtra
423210,Sourcing Allowed,false,Maharashtra
423211,Sourcing Allowed,false,Maharashtra
423212,Sourcing Allowed,false,Maharashtra
423213,Sourcing Allowed,false,Maharashtra
423301,Sourcing Allowed,false,Maharashtra
423302,Sourcing Allowed,false,Maharashtra
423303,Sourcing Allowed,false,Maharashtra
423304,Sourcing Allowed,false,Maharashtra
423401,Sourcing Allowed,false,Maharashtra
423402,Sourcing Allowed,false,Maharashtra
423403,Sourcing Allowed,false,Maharashtra
423501,Sourcing Allowed,false,Maharashtra
423502,Sourcing Allowed,false,Maharashtra
423601,Sourcing Allowed,false,Maharashtra
423602,Sourcing Allowed,false,Maharashtra
423603,Sourcing Allowed,false,Maharashtra
423604,Sourcing Allowed,false,Maharashtra
423605,Sourcing Allowed,false,Maharashtra
423607,Sourcing Allowed,false,Maharashtra
423701,Sourcing Allowed,false,Maharashtra
423702,Sourcing Allowed,false,Maharashtra
423703,Sourcing Allowed,false,Maharashtra
423704,Sourcing Allowed,false,Maharashtra
424001,Sourcing Allowed,false,Maharashtra
424002,Sourcing Allowed,false,Maharashtra
424004,Sourcing Allowed,false,Maharashtra
424005,Sourcing Allowed,false,Maharashtra
424006,Sourcing Allowed,false,Maharashtra
424101,Sourcing Allowed,false,Maharashtra
424102,Sourcing Allowed,false,Maharashtra
424103,Sourcing Allowed,false,Maharashtra
424104,Sourcing Allowed,false,Maharashtra
424105,Sourcing Allowed,false,Maharashtra
424106,Sourcing Allowed,false,Maharashtra
424107,Sourcing Allowed,false,Maharashtra
424108,Sourcing Allowed,false,Maharashtra
424109,Sourcing Allowed,false,Maharashtra
424116,Sourcing Allowed,false,Maharashtra
424119,Sourcing Allowed,false,Maharashtra
424201,Sourcing Allowed,false,Maharashtra
424202,Sourcing Allowed,false,Maharashtra
424203,Sourcing Allowed,false,Maharashtra
424204,Sourcing Allowed,false,Maharashtra
424205,Sourcing Allowed,false,Maharashtra
424206,Sourcing Allowed,false,Maharashtra
424207,Sourcing Allowed,false,Maharashtra
424208,Sourcing Allowed,false,Maharashtra
424209,Sourcing Allowed,false,Maharashtra
424301,Sourcing Allowed,false,Maharashtra
424302,Sourcing Allowed,false,Maharashtra
424303,Sourcing Allowed,false,Maharashtra
424304,Sourcing Allowed,false,Maharashtra
424305,Sourcing Allowed,false,Maharashtra
424306,Sourcing Allowed,false,Maharashtra
424307,Sourcing Allowed,false,Maharashtra
424308,Sourcing Allowed,false,Maharashtra
424309,Sourcing Allowed,false,Maharashtra
424310,Sourcing Allowed,false,Maharashtra
424311,Sourcing Allowed,false,Maharashtra
424318,Sourcing Allowed,false,Maharashtra
425001,Sourcing Allowed,false,Maharashtra
425002,Sourcing Allowed,false,Maharashtra
425003,Sourcing Allowed,false,Maharashtra
425004,Sourcing Allowed,false,Maharashtra
425101,Sourcing Allowed,false,Maharashtra
425102,Sourcing Allowed,false,Maharashtra
425103,Sourcing Allowed,false,Maharashtra
425104,Sourcing Allowed,false,Maharashtra
425105,Sourcing Allowed,false,Maharashtra
425106,Sourcing Allowed,false,Maharashtra
425107,Sourcing Allowed,false,Maharashtra
425108,Sourcing Allowed,false,Maharashtra
425109,Sourcing Allowed,false,Maharashtra
425110,Sourcing Allowed,false,Maharashtra
425111,Sourcing Allowed,false,Maharashtra
425112,Sourcing Allowed,false,Maharashtra
425113,Sourcing Allowed,false,Maharashtra
425114,Sourcing Allowed,false,Maharashtra
425115,Sourcing Allowed,false,Maharashtra
425116,Sourcing Allowed,false,Maharashtra
425120,Sourcing Allowed,false,Maharashtra
425121,Sourcing Allowed,false,Maharashtra
425124,Sourcing Allowed,false,Maharashtra
425127,Sourcing Allowed,false,Maharashtra
425135,Sourcing Allowed,false,Maharashtra
425201,Sourcing Allowed,false,Maharashtra
425203,Sourcing Allowed,false,Maharashtra
425208,Sourcing Allowed,false,Maharashtra
425301,Sourcing Allowed,false,Maharashtra
425302,Sourcing Allowed,false,Maharashtra
425303,Sourcing Allowed,false,Maharashtra
425304,Sourcing Allowed,false,Maharashtra
425305,Sourcing Allowed,false,Maharashtra
425306,Sourcing Allowed,false,Maharashtra
425307,Sourcing Allowed,false,Maharashtra
425308,Sourcing Allowed,false,Maharashtra
425309,Sourcing Allowed,false,Maharashtra
425310,Sourcing Allowed,false,Maharashtra
425311,Sourcing Allowed,false,Maharashtra
425318,Sourcing Allowed,false,Maharashtra
425326,Sourcing Allowed,false,Maharashtra
425327,Sourcing Allowed,false,Maharashtra
425336,Sourcing Allowed,false,Maharashtra
425401,Sourcing Allowed,false,Maharashtra
425402,Sourcing Allowed,false,Maharashtra
425403,Sourcing Allowed,false,Maharashtra
425404,Sourcing Allowed,false,Maharashtra
425405,Sourcing Allowed,false,Maharashtra
425406,Sourcing Allowed,false,Maharashtra
425407,Sourcing Allowed,false,Maharashtra
425408,Sourcing Allowed,false,Maharashtra
425409,Sourcing Allowed,false,Maharashtra
425410,Sourcing Allowed,false,Maharashtra
425411,Sourcing Allowed,false,Maharashtra
425412,Sourcing Allowed,false,Maharashtra
425413,Sourcing Allowed,false,Maharashtra
425414,Sourcing Allowed,false,Maharashtra
425415,Sourcing Allowed,false,Maharashtra
425416,Sourcing Allowed,false,Maharashtra
425417,Sourcing Allowed,false,Maharashtra
425418,Sourcing Allowed,false,Maharashtra
425419,Sourcing Allowed,false,Maharashtra
425420,Sourcing Allowed,false,Maharashtra
425421,Sourcing Allowed,false,Maharashtra
425422,Sourcing Allowed,false,Maharashtra
425423,Sourcing Allowed,false,Maharashtra
425424,Sourcing Allowed,false,Maharashtra
425426,Sourcing Allowed,false,Maharashtra
425427,Sourcing Allowed,false,Maharashtra
425428,Sourcing Allowed,false,Maharashtra
425432,Sourcing Allowed,false,Maharashtra
425434,Sourcing Allowed,false,Maharashtra
425442,Sourcing Allowed,false,Maharashtra
425444,Sourcing Allowed,false,Maharashtra
425452,Sourcing Allowed,false,Maharashtra
425501,Sourcing Allowed,false,Maharashtra
425502,Sourcing Allowed,false,Maharashtra
425503,Sourcing Allowed,false,Maharashtra
425504,Sourcing Allowed,false,Maharashtra
425505,Sourcing Allowed,false,Maharashtra
425506,Sourcing Allowed,false,Maharashtra
425507,Sourcing Allowed,false,Maharashtra
425508,Sourcing Allowed,false,Maharashtra
425509,Sourcing Allowed,false,Maharashtra
425510,Sourcing Allowed,false,Maharashtra
425511,Sourcing Allowed,false,Maharashtra
425519,Sourcing Allowed,false,Maharashtra
425523,Sourcing Allowed,false,Maharashtra
425524,Sourcing Allowed,false,Maharashtra
431001,Sourcing Allowed,false,Maharashtra
431002,Sourcing Allowed,false,Maharashtra
431003,Sourcing Allowed,false,Maharashtra
431004,Sourcing Allowed,false,Maharashtra
431005,Sourcing Allowed,false,Maharashtra
431006,Sourcing Allowed,false,Maharashtra
431007,Sourcing Allowed,false,Maharashtra
431008,Sourcing Allowed,false,Maharashtra
431009,Sourcing Allowed,false,Maharashtra
431010,Sourcing Allowed,false,Maharashtra
431011,Sourcing Allowed,false,Maharashtra
431101,Sourcing Allowed,false,Maharashtra
431102,Sourcing Allowed,false,Maharashtra
431103,Sourcing Allowed,false,Maharashtra
431104,Sourcing Allowed,false,Maharashtra
431105,Sourcing Allowed,false,Maharashtra
431106,Sourcing Allowed,false,Maharashtra
431107,Sourcing Allowed,false,Maharashtra
431108,Sourcing Allowed,false,Maharashtra
431109,Sourcing Allowed,false,Maharashtra
431110,Sourcing Allowed,false,Maharashtra
431111,Sourcing Allowed,false,Maharashtra
431112,Sourcing Allowed,false,Maharashtra
431113,Sourcing Allowed,false,Maharashtra
431114,Sourcing Allowed,false,Maharashtra
431115,Sourcing Allowed,false,Maharashtra
431116,Sourcing Allowed,false,Maharashtra
431117,Sourcing Allowed,false,Maharashtra
431118,Sourcing Allowed,false,Maharashtra
431119,Sourcing Allowed,false,Maharashtra
431120,Sourcing Allowed,false,Maharashtra
431121,Sourcing Allowed,false,Maharashtra
431122,Sourcing Allowed,false,Maharashtra
431123,Sourcing Allowed,false,Maharashtra
431124,Sourcing Allowed,false,Maharashtra
431125,Sourcing Allowed,false,Maharashtra
431126,Sourcing Allowed,false,Maharashtra
431127,Sourcing Allowed,false,Maharashtra
431128,Sourcing Allowed,false,Maharashtra
431129,Sourcing Allowed,false,Maharashtra
431130,Sourcing Allowed,false,Maharashtra
431131,Sourcing Allowed,false,Maharashtra
431132,Sourcing Allowed,false,Maharashtra
431133,Sourcing Allowed,false,Maharashtra
431134,Sourcing Allowed,false,Maharashtra
431135,Sourcing Allowed,false,Maharashtra
431136,Sourcing Allowed,false,Maharashtra
431137,Sourcing Allowed,false,Maharashtra
431138,Sourcing Allowed,false,Maharashtra
431139,Sourcing Allowed,false,Maharashtra
431140,Sourcing Allowed,false,Maharashtra
431142,Sourcing Allowed,false,Maharashtra
431143,Sourcing Allowed,false,Maharashtra
431144,Sourcing Allowed,false,Maharashtra
431146,Sourcing Allowed,false,Maharashtra
431147,Sourcing Allowed,false,Maharashtra
431148,Sourcing Allowed,false,Maharashtra
431150,Sourcing Allowed,false,Maharashtra
431151,Sourcing Allowed,false,Maharashtra
431152,Sourcing Allowed,false,Maharashtra
431153,Sourcing Allowed,false,Maharashtra
431154,Sourcing Allowed,false,Maharashtra
431201,Sourcing Allowed,false,Maharashtra
431202,Sourcing Allowed,false,Maharashtra
431203,Sourcing Allowed,false,Maharashtra
431204,Sourcing Allowed,false,Maharashtra
431205,Sourcing Allowed,false,Maharashtra
431206,Sourcing Allowed,false,Maharashtra
431207,Sourcing Allowed,false,Maharashtra
431208,Sourcing Allowed,false,Maharashtra
431209,Sourcing Allowed,false,Maharashtra
431210,Sourcing Allowed,false,Maharashtra
431211,Sourcing Allowed,false,Maharashtra
431212,Sourcing Allowed,false,Maharashtra
431213,Sourcing Allowed,false,Maharashtra
431214,Sourcing Allowed,false,Maharashtra
431215,Sourcing Allowed,false,Maharashtra
431401,Sourcing Allowed,false,Maharashtra
431402,Sourcing Allowed,false,Maharashtra
431501,Sourcing Allowed,false,Maharashtra
431502,Sourcing Allowed,false,Maharashtra
431503,Sourcing Allowed,false,Maharashtra
431504,Sourcing Allowed,false,Maharashtra
431505,Sourcing Allowed,false,Maharashtra
431506,Sourcing Allowed,false,Maharashtra
431507,Sourcing Allowed,false,Maharashtra
431508,Sourcing Allowed,false,Maharashtra
431509,Sourcing Allowed,false,Maharashtra
431510,Sourcing Allowed,false,Maharashtra
431511,Sourcing Allowed,false,Maharashtra
431512,Sourcing Allowed,false,Maharashtra
431513,Sourcing Allowed,false,Maharashtra
431514,Sourcing Allowed,false,Maharashtra
431515,Sourcing Allowed,false,Maharashtra
431516,Sourcing Allowed,false,Maharashtra
431517,Sourcing Allowed,false,Maharashtra
431518,Sourcing Allowed,false,Maharashtra
431519,Sourcing Allowed,false,Maharashtra
431520,Sourcing Allowed,false,Maharashtra
431521,Sourcing Allowed,false,Maharashtra
431522,Sourcing Allowed,false,Maharashtra
431523,Sourcing Allowed,false,Maharashtra
431530,Sourcing Allowed,false,Maharashtra
431536,Sourcing Allowed,false,Maharashtra
431537,Sourcing Allowed,false,Maharashtra
431540,Sourcing Allowed,false,Maharashtra
431541,Sourcing Allowed,false,Maharashtra
431542,Sourcing Allowed,false,Maharashtra
431601,Sourcing Allowed,false,Maharashtra
431602,Sourcing Allowed,false,Maharashtra
431603,Sourcing Allowed,false,Maharashtra
431604,Sourcing Allowed,false,Maharashtra
431605,Sourcing Allowed,false,Maharashtra
431606,Sourcing Allowed,false,Maharashtra
431646,Sourcing Allowed,false,Maharashtra
431701,Sourcing Allowed,false,Maharashtra
431702,Sourcing Allowed,false,Maharashtra
431703,Sourcing Allowed,false,Maharashtra
431704,Sourcing Allowed,false,Maharashtra
431705,Sourcing Allowed,false,Maharashtra
431707,Sourcing Allowed,false,Maharashtra
431708,Sourcing Allowed,false,Maharashtra
431709,Sourcing Allowed,false,Maharashtra
431710,Sourcing Allowed,false,Maharashtra
431711,Sourcing Allowed,false,Maharashtra
431712,Sourcing Allowed,false,Maharashtra
431713,Sourcing Allowed,false,Maharashtra
431714,Sourcing Allowed,false,Maharashtra
431715,Sourcing Allowed,false,Maharashtra
431716,Sourcing Allowed,false,Maharashtra
431717,Sourcing Allowed,false,Maharashtra
431718,Sourcing Allowed,false,Maharashtra
431719,Sourcing Allowed,false,Maharashtra
431720,Sourcing Allowed,false,Maharashtra
431721,Sourcing Allowed,false,Maharashtra
431722,Sourcing Allowed,false,Maharashtra
431723,Sourcing Allowed,false,Maharashtra
431731,Sourcing Allowed,false,Maharashtra
431736,Sourcing Allowed,false,Maharashtra
431737,Sourcing Allowed,false,Maharashtra
431741,Sourcing Allowed,false,Maharashtra
431742,Sourcing Allowed,false,Maharashtra
431743,Sourcing Allowed,false,Maharashtra
431745,Sourcing Allowed,false,Maharashtra
431746,Sourcing Allowed,false,Maharashtra
431750,Sourcing Allowed,false,Maharashtra
431801,Sourcing Allowed,false,Maharashtra
431802,Sourcing Allowed,false,Maharashtra
431803,Sourcing Allowed,false,Maharashtra
431804,Sourcing Allowed,false,Maharashtra
431805,Sourcing Allowed,false,Maharashtra
431806,Sourcing Allowed,false,Maharashtra
431807,Sourcing Allowed,false,Maharashtra
431808,Sourcing Allowed,false,Maharashtra
431809,Sourcing Allowed,false,Maharashtra
431810,Sourcing Allowed,false,Maharashtra
431811,Sourcing Allowed,false,Maharashtra
431815,Sourcing Allowed,false,Maharashtra
440001,Sourcing Allowed,false,Maharashtra
440002,Sourcing Allowed,false,Maharashtra
440003,Sourcing Allowed,false,Maharashtra
440004,Sourcing Allowed,false,Maharashtra
440005,Sourcing Allowed,false,Maharashtra
440006,Sourcing Allowed,false,Maharashtra
440007,Sourcing Allowed,false,Maharashtra
440008,Sourcing Allowed,false,Maharashtra
440009,Sourcing Allowed,false,Maharashtra
440010,Sourcing Allowed,false,Maharashtra
440011,Sourcing Allowed,false,Maharashtra
440012,Sourcing Allowed,false,Maharashtra
440013,Sourcing Allowed,false,Maharashtra
440014,Sourcing Allowed,false,Maharashtra
440015,Sourcing Allowed,false,Maharashtra
440016,Sourcing Allowed,false,Maharashtra
440017,Sourcing Allowed,false,Maharashtra
440018,Sourcing Allowed,false,Maharashtra
440019,Sourcing Allowed,false,Maharashtra
440020,Sourcing Allowed,false,Maharashtra
440021,Sourcing Allowed,false,Maharashtra
440022,Sourcing Allowed,false,Maharashtra
440023,Sourcing Allowed,false,Maharashtra
440024,Sourcing Allowed,false,Maharashtra
440025,Sourcing Allowed,false,Maharashtra
440026,Sourcing Allowed,false,Maharashtra
440027,Sourcing Allowed,false,Maharashtra
440028,Sourcing Allowed,false,Maharashtra
440029,Sourcing Allowed,false,Maharashtra
440030,Sourcing Allowed,false,Maharashtra
440031,Sourcing Allowed,false,Maharashtra
440032,Sourcing Allowed,false,Maharashtra
440033,Sourcing Allowed,false,Maharashtra
440034,Sourcing Allowed,false,Maharashtra
440035,Sourcing Allowed,false,Maharashtra
440036,Sourcing Allowed,false,Maharashtra
440037,Sourcing Allowed,false,Maharashtra
441001,Sourcing Allowed,false,Maharashtra
441002,Sourcing Allowed,false,Maharashtra
441101,Sourcing Allowed,false,Maharashtra
441102,Sourcing Allowed,false,Maharashtra
441103,Sourcing Allowed,false,Maharashtra
441104,Sourcing Allowed,false,Maharashtra
441105,Sourcing Allowed,false,Maharashtra
441106,Sourcing Allowed,false,Maharashtra
441107,Sourcing Allowed,false,Maharashtra
441108,Sourcing Allowed,false,Maharashtra
441109,Sourcing Allowed,false,Maharashtra
441110,Sourcing Allowed,false,Maharashtra
441111,Sourcing Allowed,false,Maharashtra
441112,Sourcing Allowed,false,Maharashtra
441113,Sourcing Allowed,false,Maharashtra
441114,Sourcing Allowed,false,Maharashtra
441115,Sourcing Allowed,false,Maharashtra
441116,Sourcing Allowed,false,Maharashtra
441117,Sourcing Allowed,false,Maharashtra
441122,Sourcing Allowed,false,Maharashtra
441123,Sourcing Allowed,false,Maharashtra
441201,Sourcing Allowed,false,Maharashtra
441202,Sourcing Allowed,false,Maharashtra
441203,Sourcing Allowed,false,Maharashtra
441204,Sourcing Allowed,false,Maharashtra
441205,Sourcing Allowed,false,Maharashtra
441206,Sourcing Allowed,false,Maharashtra
441210,Sourcing Allowed,false,Maharashtra
441212,Sourcing Allowed,false,Maharashtra
441214,Sourcing Allowed,false,Maharashtra
441215,Sourcing Allowed,false,Maharashtra
441216,Sourcing Allowed,false,Maharashtra
441221,Sourcing Allowed,false,Maharashtra
441222,Sourcing Allowed,false,Maharashtra
441223,Sourcing Allowed,false,Maharashtra
441224,Sourcing Allowed,false,Maharashtra
441226,Sourcing Allowed,false,Maharashtra
441227,Sourcing Allowed,false,Maharashtra
441228,Sourcing Allowed,false,Maharashtra
441301,Sourcing Allowed,false,Maharashtra
441302,Sourcing Allowed,false,Maharashtra
441303,Sourcing Allowed,false,Maharashtra
441304,Sourcing Allowed,false,Maharashtra
441305,Sourcing Allowed,false,Maharashtra
441306,Sourcing Allowed,false,Maharashtra
441401,Sourcing Allowed,false,Maharashtra
441402,Sourcing Allowed,false,Maharashtra
441403,Sourcing Allowed,false,Maharashtra
441404,Sourcing Allowed,false,Maharashtra
441405,Sourcing Allowed,false,Maharashtra
441406,Sourcing Allowed,false,Maharashtra
441408,Sourcing Allowed,false,Maharashtra
441409,Sourcing Allowed,false,Maharashtra
441501,Sourcing Allowed,false,Maharashtra
441502,Sourcing Allowed,false,Maharashtra
441503,Sourcing Allowed,false,Maharashtra
441504,Sourcing Allowed,false,Maharashtra
441601,Sourcing Allowed,false,Maharashtra
441614,Sourcing Allowed,false,Maharashtra
441701,Sourcing Allowed,false,Maharashtra
441801,Sourcing Allowed,false,Maharashtra
441802,Sourcing Allowed,false,Maharashtra
441803,Sourcing Allowed,false,Maharashtra
441804,Sourcing Allowed,false,Maharashtra
441805,Sourcing Allowed,false,Maharashtra
441806,Sourcing Allowed,false,Maharashtra
441807,Sourcing Allowed,false,Maharashtra
441808,Sourcing Allowed,false,Maharashtra
441809,Sourcing Allowed,false,Maharashtra
441811,Sourcing Allowed,false,Maharashtra
441901,Sourcing Allowed,false,Maharashtra
441903,Sourcing Allowed,false,Maharashtra
441904,Sourcing Allowed,false,Maharashtra
441905,Sourcing Allowed,false,Maharashtra
441906,Sourcing Allowed,false,Maharashtra
441907,Sourcing Allowed,false,Maharashtra
441908,Sourcing Allowed,false,Maharashtra
441909,Sourcing Allowed,false,Maharashtra
441910,Sourcing Allowed,false,Maharashtra
441912,Sourcing Allowed,false,Maharashtra
441913,Sourcing Allowed,false,Maharashtra
441914,Sourcing Allowed,false,Maharashtra
441915,Sourcing Allowed,false,Maharashtra
441916,Sourcing Allowed,false,Maharashtra
441917,Sourcing Allowed,false,Maharashtra
441918,Sourcing Allowed,false,Maharashtra
441920,Sourcing Allowed,false,Maharashtra
441923,Sourcing Allowed,false,Maharashtra
441924,Sourcing Allowed,false,Maharashtra
442001,Sourcing Allowed,false,Maharashtra
442401,Sourcing Allowed,false,Maharashtra
442402,Sourcing Allowed,false,Maharashtra
442403,Sourcing Allowed,false,Maharashtra
442404,Sourcing Allowed,false,Maharashtra
442406,Sourcing Allowed,false,Maharashtra
442501,Sourcing Allowed,false,Maharashtra
442502,Sourcing Allowed,false,Maharashtra
442503,Sourcing Allowed,false,Maharashtra
442505,Sourcing Allowed,false,Maharashtra
442506,Sourcing Allowed,false,Maharashtra
442507,Sourcing Allowed,false,Maharashtra
442701,Sourcing Allowed,false,Maharashtra
442702,Sourcing Allowed,false,Maharashtra
442706,Sourcing Allowed,false,Maharashtra
442901,Sourcing Allowed,false,Maharashtra
442902,Sourcing Allowed,false,Maharashtra
442903,Sourcing Allowed,false,Maharashtra
442904,Sourcing Allowed,false,Maharashtra
442905,Sourcing Allowed,false,Maharashtra
442906,Sourcing Allowed,false,Maharashtra
442907,Sourcing Allowed,false,Maharashtra
442908,Sourcing Allowed,false,Maharashtra
442910,Sourcing Allowed,false,Maharashtra
442912,Sourcing Allowed,false,Maharashtra
442914,Sourcing Allowed,false,Maharashtra
442916,Sourcing Allowed,false,Maharashtra
442917,Sourcing Allowed,false,Maharashtra
442918,Sourcing Allowed,false,Maharashtra
443001,Sourcing Allowed,false,Maharashtra
443002,Sourcing Allowed,false,Maharashtra
443101,Sourcing Allowed,false,Maharashtra
443102,Sourcing Allowed,false,Maharashtra
443103,Sourcing Allowed,false,Maharashtra
443104,Sourcing Allowed,false,Maharashtra
443105,Sourcing Allowed,false,Maharashtra
443106,Sourcing Allowed,false,Maharashtra
443112,Sourcing Allowed,false,Maharashtra
443201,Sourcing Allowed,false,Maharashtra
443202,Sourcing Allowed,false,Maharashtra
443203,Sourcing Allowed,false,Maharashtra
443204,Sourcing Allowed,false,Maharashtra
443206,Sourcing Allowed,false,Maharashtra
443209,Sourcing Allowed,false,Maharashtra
443301,Sourcing Allowed,false,Maharashtra
443302,Sourcing Allowed,false,Maharashtra
443303,Sourcing Allowed,false,Maharashtra
443304,Sourcing Allowed,false,Maharashtra
443305,Sourcing Allowed,false,Maharashtra
443306,Sourcing Allowed,false,Maharashtra
443307,Sourcing Allowed,false,Maharashtra
443308,Sourcing Allowed,false,Maharashtra
443401,Sourcing Allowed,false,Maharashtra
443402,Sourcing Allowed,false,Maharashtra
443403,Sourcing Allowed,false,Maharashtra
443404,Sourcing Allowed,false,Maharashtra
443405,Sourcing Allowed,false,Maharashtra
443406,Sourcing Allowed,false,Maharashtra
444001,Sourcing Allowed,false,Maharashtra
444002,Sourcing Allowed,false,Maharashtra
444003,Sourcing Allowed,false,Maharashtra
444004,Sourcing Allowed,false,Maharashtra
444005,Sourcing Allowed,false,Maharashtra
444006,Sourcing Allowed,false,Maharashtra
444007,Sourcing Allowed,false,Maharashtra
444101,Sourcing Allowed,false,Maharashtra
444102,Sourcing Allowed,false,Maharashtra
444103,Sourcing Allowed,false,Maharashtra
444104,Sourcing Allowed,false,Maharashtra
444105,Sourcing Allowed,false,Maharashtra
444106,Sourcing Allowed,false,Maharashtra
444107,Sourcing Allowed,false,Maharashtra
444108,Sourcing Allowed,false,Maharashtra
444109,Sourcing Allowed,false,Maharashtra
444110,Sourcing Allowed,false,Maharashtra
444111,Sourcing Allowed,false,Maharashtra
444117,Sourcing Allowed,false,Maharashtra
444125,Sourcing Allowed,false,Maharashtra
444126,Sourcing Allowed,false,Maharashtra
444201,Sourcing Allowed,false,Maharashtra
444202,Sourcing Allowed,false,Maharashtra
444203,Sourcing Allowed,false,Maharashtra
444204,Sourcing Allowed,false,Maharashtra
444301,Sourcing Allowed,false,Maharashtra
444302,Sourcing Allowed,false,Maharashtra
444303,Sourcing Allowed,false,Maharashtra
444304,Sourcing Allowed,false,Maharashtra
444306,Sourcing Allowed,false,Maharashtra
444307,Sourcing Allowed,false,Maharashtra
444311,Sourcing Allowed,false,Maharashtra
444312,Sourcing Allowed,false,Maharashtra
444401,Sourcing Allowed,false,Maharashtra
444402,Sourcing Allowed,false,Maharashtra
444403,Sourcing Allowed,false,Maharashtra
444404,Sourcing Allowed,false,Maharashtra
444405,Sourcing Allowed,false,Maharashtra
444407,Sourcing Allowed,false,Maharashtra
444409,Sourcing Allowed,false,Maharashtra
444501,Sourcing Allowed,false,Maharashtra
444502,Sourcing Allowed,false,Maharashtra
444503,Sourcing Allowed,false,Maharashtra
444504,Sourcing Allowed,false,Maharashtra
444505,Sourcing Allowed,false,Maharashtra
444506,Sourcing Allowed,false,Maharashtra
444507,Sourcing Allowed,false,Maharashtra
444510,Sourcing Allowed,false,Maharashtra
444511,Sourcing Allowed,false,Maharashtra
444512,Sourcing Allowed,false,Maharashtra
444601,Sourcing Allowed,false,Maharashtra
444602,Sourcing Allowed,false,Maharashtra
444603,Sourcing Allowed,false,Maharashtra
444604,Sourcing Allowed,false,Maharashtra
444605,Sourcing Allowed,false,Maharashtra
444606,Sourcing Allowed,false,Maharashtra
444607,Sourcing Allowed,false,Maharashtra
444608,Sourcing Allowed,false,Maharashtra
444701,Sourcing Allowed,false,Maharashtra
444702,Sourcing Allowed,false,Maharashtra
444704,Sourcing Allowed,false,Maharashtra
444705,Sourcing Allowed,false,Maharashtra
444706,Sourcing Allowed,false,Maharashtra
444707,Sourcing Allowed,false,Maharashtra
444708,Sourcing Allowed,false,Maharashtra
444709,Sourcing Allowed,false,Maharashtra
444710,Sourcing Allowed,false,Maharashtra
444711,Sourcing Allowed,false,Maharashtra
444713,Sourcing Allowed,false,Maharashtra
444717,Sourcing Allowed,false,Maharashtra
444718,Sourcing Allowed,false,Maharashtra
444719,Sourcing Allowed,false,Maharashtra
444720,Sourcing Allowed,false,Maharashtra
444723,Sourcing Allowed,false,Maharashtra
444726,Sourcing Allowed,false,Maharashtra
444728,Sourcing Allowed,false,Maharashtra
444801,Sourcing Allowed,false,Maharashtra
444802,Sourcing Allowed,false,Maharashtra
444803,Sourcing Allowed,false,Maharashtra
444804,Sourcing Allowed,false,Maharashtra
444805,Sourcing Allowed,false,Maharashtra
444806,Sourcing Allowed,false,Maharashtra
444807,Sourcing Allowed,false,Maharashtra
444808,Sourcing Allowed,false,Maharashtra
444809,Sourcing Allowed,false,Maharashtra
444810,Sourcing Allowed,false,Maharashtra
444811,Sourcing Allowed,false,Maharashtra
444812,Sourcing Allowed,false,Maharashtra
444813,Sourcing Allowed,false,Maharashtra
444814,Sourcing Allowed,false,Maharashtra
444815,Sourcing Allowed,false,Maharashtra
444818,Sourcing Allowed,false,Maharashtra
444819,Sourcing Allowed,false,Maharashtra
444827,Sourcing Allowed,false,Maharashtra
444901,Sourcing Allowed,false,Maharashtra
444902,Sourcing Allowed,false,Maharashtra
444903,Sourcing Allowed,false,Maharashtra
444904,Sourcing Allowed,false,Maharashtra
444905,Sourcing Allowed,false,Maharashtra
444906,Sourcing Allowed,false,Maharashtra
444907,Sourcing Allowed,false,Maharashtra
444908,Sourcing Allowed,false,Maharashtra
444909,Sourcing Allowed,false,Maharashtra
444911,Sourcing Allowed,false,Maharashtra
444913,Sourcing Allowed,false,Maharashtra
444914,Sourcing Allowed,false,Maharashtra
444915,Sourcing Allowed,false,Maharashtra
444921,Sourcing Allowed,false,Maharashtra
445001,Sourcing Allowed,false,Maharashtra
445002,Sourcing Allowed,false,Maharashtra
445003,Sourcing Allowed,false,Maharashtra
445101,Sourcing Allowed,false,Maharashtra
445102,Sourcing Allowed,false,Maharashtra
445103,Sourcing Allowed,false,Maharashtra
445105,Sourcing Allowed,false,Maharashtra
445106,Sourcing Allowed,false,Maharashtra
445109,Sourcing Allowed,false,Maharashtra
445110,Sourcing Allowed,false,Maharashtra
445201,Sourcing Allowed,false,Maharashtra
445202,Sourcing Allowed,false,Maharashtra
445203,Sourcing Allowed,false,Maharashtra
445204,Sourcing Allowed,false,Maharashtra
445205,Sourcing Allowed,false,Maharashtra
445206,Sourcing Allowed,false,Maharashtra
445207,Sourcing Allowed,false,Maharashtra
445208,Sourcing Allowed,false,Maharashtra
445209,Sourcing Allowed,false,Maharashtra
445210,Sourcing Allowed,false,Maharashtra
445211,Sourcing Allowed,false,Maharashtra
445213,Sourcing Allowed,false,Maharashtra
445215,Sourcing Allowed,false,Maharashtra
445216,Sourcing Allowed,false,Maharashtra
445230,Sourcing Allowed,false,Maharashtra
445301,Sourcing Allowed,false,Maharashtra
445302,Sourcing Allowed,false,Maharashtra
445303,Sourcing Allowed,false,Maharashtra
445304,Sourcing Allowed,false,Maharashtra
445305,Sourcing Allowed,false,Maharashtra
445306,Sourcing Allowed,false,Maharashtra
445307,Sourcing Allowed,false,Maharashtra
445308,Sourcing Allowed,false,Maharashtra
445309,Sourcing Allowed,false,Maharashtra
445319,Sourcing Allowed,false,Maharashtra
445323,Sourcing Allowed,false,Maharashtra
445324,Sourcing Allowed,false,Maharashtra
445401,Sourcing Allowed,false,Maharashtra
445402,Sourcing Allowed,false,Maharashtra
450001,Sourcing Allowed,false,Madhya Pradesh
450112,Sourcing Allowed,false,Madhya Pradesh
450116,Sourcing Allowed,false,Madhya Pradesh
450337,Sourcing Allowed,false,Madhya Pradesh
450551,Sourcing Allowed,false,Madhya Pradesh
450554,Sourcing Allowed,false,Madhya Pradesh
451332,Sourcing Allowed,false,Madhya Pradesh
451447,Sourcing Allowed,false,Madhya Pradesh
451449,Sourcing Allowed,false,Madhya Pradesh
451551,Sourcing Allowed,false,Madhya Pradesh
451556,Sourcing Allowed,false,Madhya Pradesh
451660,Sourcing Allowed,false,Madhya Pradesh
451666,Sourcing Allowed,false,Madhya Pradesh
451770,Sourcing Allowed,false,Madhya Pradesh
452001,Sourcing Allowed,false,Madhya Pradesh
452002,Sourcing Allowed,false,Madhya Pradesh
452003,Sourcing Allowed,false,Madhya Pradesh
452005,Sourcing Allowed,false,Madhya Pradesh
452006,Sourcing Allowed,false,Madhya Pradesh
452007,Sourcing Allowed,false,Madhya Pradesh
452008,Sourcing Allowed,false,Madhya Pradesh
452009,Sourcing Allowed,false,Madhya Pradesh
452010,Sourcing Allowed,false,Madhya Pradesh
452011,Sourcing Allowed,false,Madhya Pradesh
452012,Sourcing Allowed,false,Madhya Pradesh
452013,Sourcing Allowed,false,Madhya Pradesh
452014,Sourcing Allowed,false,Madhya Pradesh
452015,Sourcing Allowed,false,Madhya Pradesh
452016,Sourcing Allowed,false,Madhya Pradesh
452018,Sourcing Allowed,false,Madhya Pradesh
452020,Sourcing Allowed,false,Madhya Pradesh
453001,Sourcing Allowed,false,Madhya Pradesh
453111,Sourcing Allowed,false,Madhya Pradesh
453112,Sourcing Allowed,false,Madhya Pradesh
453115,Sourcing Allowed,false,Madhya Pradesh
453220,Sourcing Allowed,false,Madhya Pradesh
453236,Sourcing Allowed,false,Madhya Pradesh
453331,Sourcing Allowed,false,Madhya Pradesh
453332,Sourcing Allowed,false,Madhya Pradesh
453441,Sourcing Allowed,false,Madhya Pradesh
453446,Sourcing Allowed,false,Madhya Pradesh
453551,Sourcing Allowed,false,Madhya Pradesh
453552,Sourcing Allowed,false,Madhya Pradesh
453555,Sourcing Allowed,false,Madhya Pradesh
453556,Sourcing Allowed,false,Madhya Pradesh
453661,Sourcing Allowed,false,Madhya Pradesh
453771,Sourcing Allowed,false,Madhya Pradesh
454001,Sourcing Allowed,false,Madhya Pradesh
454010,Sourcing Allowed,false,Madhya Pradesh
454111,Sourcing Allowed,false,Madhya Pradesh
454116,Sourcing Allowed,false,Madhya Pradesh
454221,Sourcing Allowed,false,Madhya Pradesh
454331,Sourcing Allowed,false,Madhya Pradesh
454335,Sourcing Allowed,false,Madhya Pradesh
454446,Sourcing Allowed,false,Madhya Pradesh
454449,Sourcing Allowed,false,Madhya Pradesh
454552,Sourcing Allowed,false,Madhya Pradesh
454660,Sourcing Allowed,false,Madhya Pradesh
454665,Sourcing Allowed,false,Madhya Pradesh
454774,Sourcing Allowed,false,Madhya Pradesh
454775,Sourcing Allowed,false,Madhya Pradesh
455001,Sourcing Allowed,false,Madhya Pradesh
455115,Sourcing Allowed,false,Madhya Pradesh
456001,Sourcing Allowed,false,Madhya Pradesh
456006,Sourcing Allowed,false,Madhya Pradesh
456010,Sourcing Allowed,false,Madhya Pradesh
456335,Sourcing Allowed,false,Madhya Pradesh
457001,Sourcing Allowed,false,Madhya Pradesh
457661,Sourcing Allowed,false,Madhya Pradesh
457770,Sourcing Allowed,false,Madhya Pradesh
457772,Sourcing Allowed,false,Madhya Pradesh
457777,Sourcing Allowed,false,Madhya Pradesh
457887,Sourcing Allowed,false,Madhya Pradesh
457990,Sourcing Allowed,false,Madhya Pradesh
461331,Sourcing Allowed,false,Madhya Pradesh
462002,Sourcing Allowed,false,Madhya Pradesh
462003,Sourcing Allowed,false,Madhya Pradesh
462004,Sourcing Allowed,false,Madhya Pradesh
462005,Sourcing Allowed,false,Madhya Pradesh
462006,Sourcing Allowed,false,Madhya Pradesh
462007,Sourcing Allowed,false,Madhya Pradesh
462008,Sourcing Allowed,false,Madhya Pradesh
462010,Sourcing Allowed,false,Madhya Pradesh
462011,Sourcing Allowed,false,Madhya Pradesh
462012,Sourcing Allowed,false,Madhya Pradesh
462013,Sourcing Allowed,false,Madhya Pradesh
462014,Sourcing Allowed,false,Madhya Pradesh
462015,Sourcing Allowed,false,Madhya Pradesh
462016,Sourcing Allowed,false,Madhya Pradesh
462017,Sourcing Allowed,false,Madhya Pradesh
462018,Sourcing Allowed,false,Madhya Pradesh
462019,Sourcing Allowed,false,Madhya Pradesh
462020,Sourcing Allowed,false,Madhya Pradesh
462021,Sourcing Allowed,false,Madhya Pradesh
462022,Sourcing Allowed,false,Madhya Pradesh
462023,Sourcing Allowed,false,Madhya Pradesh
462024,Sourcing Allowed,false,Madhya Pradesh
462025,Sourcing Allowed,false,Madhya Pradesh
462026,Sourcing Allowed,false,Madhya Pradesh
462027,Sourcing Allowed,false,Madhya Pradesh
462028,Sourcing Allowed,false,Madhya Pradesh
462029,Sourcing Allowed,false,Madhya Pradesh
462030,Sourcing Allowed,false,Madhya Pradesh
462031,Sourcing Allowed,false,Madhya Pradesh
462032,Sourcing Allowed,false,Madhya Pradesh
462033,Sourcing Allowed,false,Madhya Pradesh
462036,Sourcing Allowed,false,Madhya Pradesh
462037,Sourcing Allowed,false,Madhya Pradesh
462038,Sourcing Allowed,false,Madhya Pradesh
462039,Sourcing Allowed,false,Madhya Pradesh
462041,Sourcing Allowed,false,Madhya Pradesh
462042,Sourcing Allowed,false,Madhya Pradesh
462043,Sourcing Allowed,false,Madhya Pradesh
462044,Sourcing Allowed,false,Madhya Pradesh
462045,Sourcing Allowed,false,Madhya Pradesh
462047,Sourcing Allowed,false,Madhya Pradesh
462066,Sourcing Allowed,false,Madhya Pradesh
462100,Sourcing Allowed,false,Madhya Pradesh
462101,Sourcing Allowed,false,Madhya Pradesh
462120,Sourcing Allowed,false,Madhya Pradesh
462420,Sourcing Allowed,false,Madhya Pradesh
463106,Sourcing Allowed,false,Madhya Pradesh
463111,Sourcing Allowed,false,Madhya Pradesh
465001,Sourcing Allowed,false,Madhya Pradesh
465106,Sourcing Allowed,false,Madhya Pradesh
465110,Sourcing Allowed,false,Madhya Pradesh
465113,Sourcing Allowed,false,Madhya Pradesh
465116,Sourcing Allowed,false,Madhya Pradesh
465118,Sourcing Allowed,false,Madhya Pradesh
465220,Sourcing Allowed,false,Madhya Pradesh
465223,Sourcing Allowed,false,Madhya Pradesh
465226,Sourcing Allowed,false,Madhya Pradesh
465227,Sourcing Allowed,false,Madhya Pradesh
465230,Sourcing Allowed,false,Madhya Pradesh
465331,Sourcing Allowed,false,Madhya Pradesh
465333,Sourcing Allowed,false,Madhya Pradesh
465335,Sourcing Allowed,false,Madhya Pradesh
465337,Sourcing Allowed,false,Madhya Pradesh
465339,Sourcing Allowed,false,Madhya Pradesh
465440,Sourcing Allowed,false,Madhya Pradesh
465441,Sourcing Allowed,false,Madhya Pradesh
465445,Sourcing Allowed,false,Madhya Pradesh
465447,Sourcing Allowed,false,Madhya Pradesh
465449,Sourcing Allowed,false,Madhya Pradesh
465550,Sourcing Allowed,false,Madhya Pradesh
465687,Sourcing Allowed,false,Madhya Pradesh
471001,Sourcing Allowed,false,Madhya Pradesh
471105,Sourcing Allowed,false,Madhya Pradesh
471201,Sourcing Allowed,false,Madhya Pradesh
471311,Sourcing Allowed,false,Madhya Pradesh
471405,Sourcing Allowed,false,Madhya Pradesh
471525,Sourcing Allowed,false,Madhya Pradesh
472118,Sourcing Allowed,false,Madhya Pradesh
472337,Sourcing Allowed,false,Madhya Pradesh
472339,Sourcing Allowed,false,Madhya Pradesh
472442,Sourcing Allowed,false,Madhya Pradesh
472447,Sourcing Allowed,false,Madhya Pradesh
473551,Sourcing Allowed,false,Madhya Pradesh
473770,Sourcing Allowed,false,Madhya Pradesh
473793,Sourcing Allowed,false,Madhya Pradesh
473990,Sourcing Allowed,false,Madhya Pradesh
474001,Sourcing Allowed,false,Madhya Pradesh
474002,Sourcing Allowed,false,Madhya Pradesh
474003,Sourcing Allowed,false,Madhya Pradesh
474004,Sourcing Allowed,false,Madhya Pradesh
474005,Sourcing Allowed,false,Madhya Pradesh
474006,Sourcing Allowed,false,Madhya Pradesh
474007,Sourcing Allowed,false,Madhya Pradesh
474008,Sourcing Allowed,false,Madhya Pradesh
474009,Sourcing Allowed,false,Madhya Pradesh
474010,Sourcing Allowed,false,Madhya Pradesh
474011,Sourcing Allowed,false,Madhya Pradesh
474012,Sourcing Allowed,false,Madhya Pradesh
474015,Sourcing Allowed,false,Madhya Pradesh
474020,Sourcing Allowed,false,Madhya Pradesh
475001,Sourcing Allowed,false,Madhya Pradesh
475002,Sourcing Allowed,false,Madhya Pradesh
475005,Sourcing Allowed,false,Madhya Pradesh
475110,Sourcing Allowed,false,Madhya Pradesh
475115,Sourcing Allowed,false,Madhya Pradesh
475220,Sourcing Allowed,false,Madhya Pradesh
475330,Sourcing Allowed,false,Madhya Pradesh
475335,Sourcing Allowed,false,Madhya Pradesh
475336,Sourcing Allowed,false,Madhya Pradesh
475661,Sourcing Allowed,false,Madhya Pradesh
475671,Sourcing Allowed,false,Madhya Pradesh
475673,Sourcing Allowed,false,Madhya Pradesh
475675,Sourcing Allowed,false,Madhya Pradesh
475682,Sourcing Allowed,false,Madhya Pradesh
475685,Sourcing Allowed,false,Madhya Pradesh
475686,Sourcing Allowed,false,Madhya Pradesh
480001,Sourcing Allowed,false,Madhya Pradesh
480106,Sourcing Allowed,false,Madhya Pradesh
480107,Sourcing Allowed,false,Madhya Pradesh
480110,Sourcing Allowed,false,Madhya Pradesh
480221,Sourcing Allowed,false,Madhya Pradesh
480223,Sourcing Allowed,false,Madhya Pradesh
480334,Sourcing Allowed,false,Madhya Pradesh
480337,Sourcing Allowed,false,Madhya Pradesh
480441,Sourcing Allowed,false,Madhya Pradesh
480447,Sourcing Allowed,false,Madhya Pradesh
480449,Sourcing Allowed,false,Madhya Pradesh
480551,Sourcing Allowed,false,Madhya Pradesh
480555,Sourcing Allowed,false,Madhya Pradesh
480557,Sourcing Allowed,false,Madhya Pradesh
480559,Sourcing Allowed,false,Madhya Pradesh
482001,Sourcing Allowed,false,Madhya Pradesh
482002,Sourcing Allowed,false,Madhya Pradesh
482003,Sourcing Allowed,false,Madhya Pradesh
482004,Sourcing Allowed,false,Madhya Pradesh
482005,Sourcing Allowed,false,Madhya Pradesh
482007,Sourcing Allowed,false,Madhya Pradesh
482008,Sourcing Allowed,false,Madhya Pradesh
482009,Sourcing Allowed,false,Madhya Pradesh
482010,Sourcing Allowed,false,Madhya Pradesh
482011,Sourcing Allowed,false,Madhya Pradesh
482020,Sourcing Allowed,false,Madhya Pradesh
482021,Sourcing Allowed,false,Madhya Pradesh
482051,Sourcing Allowed,false,Madhya Pradesh
482056,Sourcing Allowed,false,Madhya Pradesh
483001,Sourcing Allowed,false,Madhya Pradesh
483050,Sourcing Allowed,false,Madhya Pradesh
483053,Sourcing Allowed,false,Madhya Pradesh
483105,Sourcing Allowed,false,Madhya Pradesh
483110,Sourcing Allowed,false,Madhya Pradesh
483113,Sourcing Allowed,false,Madhya Pradesh
483119,Sourcing Allowed,false,Madhya Pradesh
483220,Sourcing Allowed,false,Madhya Pradesh
483222,Sourcing Allowed,false,Madhya Pradesh
483225,Sourcing Allowed,false,Madhya Pradesh
483330,Sourcing Allowed,false,Madhya Pradesh
483331,Sourcing Allowed,false,Madhya Pradesh
483332,Sourcing Allowed,false,Madhya Pradesh
483334,Sourcing Allowed,false,Madhya Pradesh
483336,Sourcing Allowed,false,Madhya Pradesh
483440,Sourcing Allowed,false,Madhya Pradesh
483442,Sourcing Allowed,false,Madhya Pradesh
483501,Sourcing Allowed,false,Madhya Pradesh
483773,Sourcing Allowed,false,Madhya Pradesh
483775,Sourcing Allowed,false,Madhya Pradesh
483880,Sourcing Allowed,false,Madhya Pradesh
483990,Sourcing Allowed,false,Madhya Pradesh
484001,Sourcing Allowed,false,Madhya Pradesh
484110,Sourcing Allowed,false,Madhya Pradesh
484114,Sourcing Allowed,false,Madhya Pradesh
484117,Sourcing Allowed,false,Madhya Pradesh
484220,Sourcing Allowed,false,Madhya Pradesh
484224,Sourcing Allowed,false,Madhya Pradesh
484336,Sourcing Allowed,false,Madhya Pradesh
484444,Sourcing Allowed,false,Madhya Pradesh
484555,Sourcing Allowed,false,Madhya Pradesh
484660,Sourcing Allowed,false,Madhya Pradesh
484661,Sourcing Allowed,false,Madhya Pradesh
484774,Sourcing Allowed,false,Madhya Pradesh
484881,Sourcing Allowed,false,Madhya Pradesh
484886,Sourcing Allowed,false,Madhya Pradesh
486661,Sourcing Allowed,false,Madhya Pradesh
486669,Sourcing Allowed,false,Madhya Pradesh
486771,Sourcing Allowed,false,Madhya Pradesh
486881,Sourcing Allowed,false,Madhya Pradesh
486882,Sourcing Allowed,false,Madhya Pradesh
486885,Sourcing Allowed,false,Madhya Pradesh
486886,Sourcing Allowed,false,Madhya Pradesh
487001,Sourcing Allowed,false,Madhya Pradesh
487114,Sourcing Allowed,false,Madhya Pradesh
487118,Sourcing Allowed,false,Madhya Pradesh
487221,Sourcing Allowed,false,Madhya Pradesh
487225,Sourcing Allowed,false,Madhya Pradesh
487330,Sourcing Allowed,false,Madhya Pradesh
487334,Sourcing Allowed,false,Madhya Pradesh
487441,Sourcing Allowed,false,Madhya Pradesh
487551,Sourcing Allowed,false,Madhya Pradesh
487555,Sourcing Allowed,false,Madhya Pradesh
487661,Sourcing Allowed,false,Madhya Pradesh
487770,Sourcing Allowed,false,Madhya Pradesh
487881,Sourcing Allowed,false,Madhya Pradesh
488001,Sourcing Allowed,false,Madhya Pradesh
488333,Sourcing Allowed,false,Madhya Pradesh
488448,Sourcing Allowed,false,Madhya Pradesh
490001,Sourcing Allowed,false,Chhattisgarh
490006,Sourcing Allowed,false,Chhattisgarh
490009,Sourcing Allowed,false,Chhattisgarh
490011,Sourcing Allowed,false,Chhattisgarh
490020,Sourcing Allowed,false,Chhattisgarh
490021,Sourcing Allowed,false,Chhattisgarh
490022,Sourcing Allowed,false,Chhattisgarh
490023,Sourcing Allowed,false,Chhattisgarh
490024,Sourcing Allowed,false,Chhattisgarh
490025,Sourcing Allowed,false,Chhattisgarh
490026,Sourcing Allowed,false,Chhattisgarh
490036,Sourcing Allowed,false,Chhattisgarh
490042,Sourcing Allowed,false,Chhattisgarh
491001,Sourcing Allowed,false,Chhattisgarh
491107,Sourcing Allowed,false,Chhattisgarh
491111,Sourcing Allowed,false,Chhattisgarh
491221,Sourcing Allowed,false,Chhattisgarh
491222,Sourcing Allowed,false,Chhattisgarh
491223,Sourcing Allowed,false,Chhattisgarh
491225,Sourcing Allowed,false,Chhattisgarh
491226,Sourcing Allowed,false,Chhattisgarh
491227,Sourcing Allowed,false,Chhattisgarh
491228,Sourcing Allowed,false,Chhattisgarh
491229,Sourcing Allowed,false,Chhattisgarh
491230,Sourcing Allowed,false,Chhattisgarh
491331,Sourcing Allowed,false,Chhattisgarh
491332,Sourcing Allowed,false,Chhattisgarh
491335,Sourcing Allowed,false,Chhattisgarh
491337,Sourcing Allowed,false,Chhattisgarh
491338,Sourcing Allowed,false,Chhattisgarh
491340,Sourcing Allowed,false,Chhattisgarh
491441,Sourcing Allowed,false,Chhattisgarh
491444,Sourcing Allowed,false,Chhattisgarh
491445,Sourcing Allowed,false,Chhattisgarh
491557,Sourcing Allowed,false,Chhattisgarh
491558,Sourcing Allowed,false,Chhattisgarh
491559,Sourcing Allowed,false,Chhattisgarh
491661,Sourcing Allowed,false,Chhattisgarh
491665,Sourcing Allowed,false,Chhattisgarh
491666,Sourcing Allowed,false,Chhattisgarh
491668,Sourcing Allowed,false,Chhattisgarh
491771,Sourcing Allowed,false,Chhattisgarh
491881,Sourcing Allowed,false,Chhattisgarh
491885,Sourcing Allowed,false,Chhattisgarh
491888,Sourcing Allowed,false,Chhattisgarh
491993,Sourcing Allowed,false,Chhattisgarh
491995,Sourcing Allowed,false,Chhattisgarh
492001,Sourcing Allowed,false,Chhattisgarh
492002,Sourcing Allowed,false,Chhattisgarh
492003,Sourcing Allowed,false,Chhattisgarh
492004,Sourcing Allowed,false,Chhattisgarh
492005,Sourcing Allowed,false,Chhattisgarh
492006,Sourcing Allowed,false,Chhattisgarh
492007,Sourcing Allowed,false,Chhattisgarh
492008,Sourcing Allowed,false,Chhattisgarh
492009,Sourcing Allowed,false,Chhattisgarh
492010,Sourcing Allowed,false,Chhattisgarh
492011,Sourcing Allowed,false,Chhattisgarh
492012,Sourcing Allowed,false,Chhattisgarh
492013,Sourcing Allowed,false,Chhattisgarh
492014,Sourcing Allowed,false,Chhattisgarh
492015,Sourcing Allowed,false,Chhattisgarh
492016,Sourcing Allowed,false,Chhattisgarh
492017,Sourcing Allowed,false,Chhattisgarh
492018,Sourcing Allowed,false,Chhattisgarh
492099,Sourcing Allowed,false,Chhattisgarh
492101,Sourcing Allowed,false,Chhattisgarh
492109,Sourcing Allowed,false,Chhattisgarh
492112,Sourcing Allowed,false,Chhattisgarh
493101,Sourcing Allowed,false,Chhattisgarh
493111,Sourcing Allowed,false,Chhattisgarh
493113,Sourcing Allowed,false,Chhattisgarh
493114,Sourcing Allowed,false,Chhattisgarh
493116,Sourcing Allowed,false,Chhattisgarh
493195,Sourcing Allowed,false,Chhattisgarh
493196,Sourcing Allowed,false,Chhattisgarh
493211,Sourcing Allowed,false,Chhattisgarh
493221,Sourcing Allowed,false,Chhattisgarh
493222,Sourcing Allowed,false,Chhattisgarh
493225,Sourcing Allowed,false,Chhattisgarh
493228,Sourcing Allowed,false,Chhattisgarh
493229,Sourcing Allowed,false,Chhattisgarh
493330,Sourcing Allowed,false,Chhattisgarh
493331,Sourcing Allowed,false,Chhattisgarh
493332,Sourcing Allowed,false,Chhattisgarh
493335,Sourcing Allowed,false,Chhattisgarh
493338,Sourcing Allowed,false,Chhattisgarh
493344,Sourcing Allowed,false,Chhattisgarh
493354,Sourcing Allowed,false,Chhattisgarh
493526,Sourcing Allowed,false,Chhattisgarh
493554,Sourcing Allowed,false,Chhattisgarh
493555,Sourcing Allowed,false,Chhattisgarh
493562,Sourcing Allowed,false,Chhattisgarh
493661,Sourcing Allowed,false,Chhattisgarh
493662,Sourcing Allowed,false,Chhattisgarh
493663,Sourcing Allowed,false,Chhattisgarh
493770,Sourcing Allowed,false,Chhattisgarh
493773,Sourcing Allowed,false,Chhattisgarh
493776,Sourcing Allowed,false,Chhattisgarh
493778,Sourcing Allowed,false,Chhattisgarh
493881,Sourcing Allowed,false,Chhattisgarh
493885,Sourcing Allowed,false,Chhattisgarh
493889,Sourcing Allowed,false,Chhattisgarh
493890,Sourcing Allowed,false,Chhattisgarh
493895,Sourcing Allowed,false,Chhattisgarh
493992,Sourcing Allowed,false,Chhattisgarh
493996,Sourcing Allowed,false,Chhattisgarh
495001,Sourcing Allowed,false,Chhattisgarh
495004,Sourcing Allowed,false,Chhattisgarh
495220,Sourcing Allowed,false,Chhattisgarh
495224,Sourcing Allowed,false,Chhattisgarh
495669,Sourcing Allowed,false,Chhattisgarh
495686,Sourcing Allowed,false,Chhattisgarh
496001,Sourcing Allowed,false,Chhattisgarh
496005,Sourcing Allowed,false,Chhattisgarh
496100,Sourcing Allowed,false,Chhattisgarh
496107,Sourcing Allowed,false,Chhattisgarh
496108,Sourcing Allowed,false,Chhattisgarh
496109,Sourcing Allowed,false,Chhattisgarh
496111,Sourcing Allowed,false,Chhattisgarh
496113,Sourcing Allowed,false,Chhattisgarh
496116,Sourcing Allowed,false,Chhattisgarh
496118,Sourcing Allowed,false,Chhattisgarh
496197,Sourcing Allowed,false,Chhattisgarh
496223,Sourcing Allowed,false,Chhattisgarh
496224,Sourcing Allowed,false,Chhattisgarh
496225,Sourcing Allowed,false,Chhattisgarh
496331,Sourcing Allowed,false,Chhattisgarh
496334,Sourcing Allowed,false,Chhattisgarh
496336,Sourcing Allowed,false,Chhattisgarh
496338,Sourcing Allowed,false,Chhattisgarh
496440,Sourcing Allowed,false,Chhattisgarh
496445,Sourcing Allowed,false,Chhattisgarh
496450,Sourcing Allowed,false,Chhattisgarh
496551,Sourcing Allowed,false,Chhattisgarh
496554,Sourcing Allowed,false,Chhattisgarh
496661,Sourcing Allowed,false,Chhattisgarh
496665,Sourcing Allowed,false,Chhattisgarh
497001,Sourcing Allowed,false,Chhattisgarh
497111,Sourcing Allowed,false,Chhattisgarh
497226,Sourcing Allowed,false,Chhattisgarh
497235,Sourcing Allowed,false,Chhattisgarh
497335,Sourcing Allowed,false,Chhattisgarh
497339,Sourcing Allowed,false,Chhattisgarh
497442,Sourcing Allowed,false,Chhattisgarh
497447,Sourcing Allowed,false,Chhattisgarh
497449,Sourcing Allowed,false,Chhattisgarh
497557,Sourcing Allowed,false,Chhattisgarh
500001,Sourcing Allowed - Prime,true,Telangana
500002,Sourcing Allowed - Prime,true,Telangana
500003,Sourcing Allowed - Prime,true,Telangana
500004,Sourcing Allowed - Prime,true,Telangana
500005,Sourcing Allowed - Prime,true,Telangana
500006,Sourcing Allowed - Prime,true,Telangana
500007,Sourcing Allowed - Prime,true,Telangana
500008,Sourcing Allowed - Prime,true,Telangana
500009,Sourcing Allowed - Prime,true,Telangana
500010,Sourcing Allowed - Prime,true,Telangana
500011,Sourcing Allowed - Prime,true,Telangana
500012,Sourcing Allowed - Prime,true,Telangana
500013,Sourcing Allowed - Prime,true,Telangana
500014,Sourcing Allowed - Prime,true,Telangana
500015,Sourcing Allowed - Prime,true,Telangana
500016,Sourcing Allowed - Prime,true,Telangana
500017,Sourcing Allowed - Prime,true,Telangana
500018,Sourcing Allowed - Prime,true,Telangana
500019,Sourcing Allowed - Prime,true,Telangana
500020,Sourcing Allowed - Prime,true,Telangana
500021,Sourcing Allowed - Prime,true,Telangana
500022,Sourcing Allowed - Prime,true,Telangana
500023,Sourcing Allowed - Prime,true,Telangana
500024,Sourcing Allowed - Prime,true,Telangana
500025,Sourcing Allowed - Prime,true,Telangana
500026,Sourcing Allowed - Prime,true,Telangana
500027,Sourcing Allowed - Prime,true,Telangana
500028,Sourcing Allowed - Prime,true,Telangana
500029,Sourcing Allowed - Prime,true,Telangana
500030,Sourcing Allowed,false,Telangana
500031,Sourcing Allowed - Prime,true,Telangana
500032,Sourcing Allowed - Prime,true,Telangana
500033,Sourcing Allowed - Prime,true,Telangana
500034,Sourcing Allowed - Prime,true,Telangana
500035,Sourcing Allowed - Prime,true,Telangana
500036,Sourcing Allowed - Prime,true,Telangana
500037,Sourcing Allowed - Prime,true,Telangana
500038,Sourcing Allowed - Prime,true,Telangana
500039,Sourcing Allowed - Prime,true,Telangana
500040,Sourcing Allowed - Prime,true,Telangana
500041,Sourcing Allowed - Prime,true,Telangana
500042,Sourcing Allowed - Prime,true,Telangana
500043,Sourcing Allowed - Prime,true,Telangana
500044,Sourcing Allowed - Prime,true,Telangana
500045,Sourcing Allowed - Prime,true,Telangana
500046,Sourcing Allowed,false,Telangana
500047,Sourcing Allowed - Prime,true,Telangana
500048,Sourcing Allowed - Prime,true,Telangana
500049,Sourcing Allowed - Prime,true,Telangana
500050,Sourcing Allowed - Prime,true,Telangana
500051,Sourcing Allowed,false,Telangana
500052,Sourcing Allowed,false,Telangana
500053,Sourcing Allowed - Prime,true,Telangana
500054,Sourcing Allowed - Prime,true,Telangana
500055,Sourcing Allowed - Prime,true,Telangana
500056,Sourcing Allowed - Prime,true,Telangana
500057,Sourcing Allowed - Prime,true,Telangana
500058,Sourcing Allowed - Prime,true,Telangana
500059,Sourcing Allowed - Prime,true,Telangana
500060,Sourcing Allowed - Prime,true,Telangana
500061,Sourcing Allowed - Prime,true,Telangana
500062,Sourcing Allowed - Prime,true,Telangana
500063,Sourcing Allowed - Prime,true,Telangana
500064,Sourcing Allowed - Prime,true,Telangana
500065,Sourcing Allowed - Prime,true,Telangana
500066,Sourcing Allowed - Prime,true,Telangana
500067,Sourcing Allowed - Prime,true,Telangana
500068,Sourcing Allowed - Prime,true,Telangana
500069,Sourcing Allowed - Prime,true,Telangana
500070,Sourcing Allowed - Prime,true,Telangana
500071,Sourcing Allowed - Prime,true,Telangana
500072,Sourcing Allowed - Prime,true,Telangana
500073,Sourcing Allowed - Prime,true,Telangana
500074,Sourcing Allowed - Prime,true,Telangana
500075,Sourcing Allowed,false,Telangana
500076,Sourcing Allowed,false,Telangana
500077,Sourcing Allowed - Prime,true,Telangana
500078,Sourcing Allowed - Prime,true,Telangana
500079,Sourcing Allowed - Prime,true,Telangana
500080,Sourcing Allowed - Prime,true,Telangana
500081,Sourcing Allowed - Prime,true,Telangana
500082,Sourcing Allowed - Prime,true,Telangana
500083,Sourcing Allowed,false,Telangana
500084,Sourcing Allowed,false,Telangana
500085,Sourcing Allowed - Prime,true,Telangana
500086,Sourcing Allowed - Prime,true,Telangana
500087,Sourcing Allowed,false,Telangana
500088,Sourcing Allowed - Prime,true,Telangana
500089,Sourcing Allowed - Prime,true,Telangana
500090,Sourcing Allowed - Prime,true,Telangana
500091,Sourcing Allowed - Prime,true,Telangana
500092,Sourcing Allowed,false,Telangana
500093,Sourcing Allowed - Prime,true,Telangana
500094,Sourcing Allowed - Prime,true,Telangana
500095,Sourcing Allowed - Prime,true,Telangana
500096,Sourcing Allowed - Prime,true,Telangana
500097,Sourcing Allowed - Prime,true,Telangana
500098,Sourcing Allowed - Prime,true,Telangana
500100,Sourcing Allowed,false,Telangana
500101,Sourcing Allowed - Prime,true,Telangana
500102,Sourcing Allowed,false,Telangana
500103,Sourcing Allowed - Prime,true,Telangana
500104,Sourcing Allowed,false,Telangana
500105,Sourcing Allowed - Prime,true,Telangana
500107,Sourcing Allowed,false,Telangana
500108,Sourcing Allowed,false,Telangana
500109,Sourcing Allowed - Prime,true,Telangana
500110,Sourcing Allowed - Prime,true,Telangana
500111,Sourcing Allowed,false,Telangana
500112,Sourcing Allowed,false,Telangana
500113,Sourcing Allowed,false,Telangana
500114,Sourcing Allowed,false,Telangana
500115,Sourcing Allowed,false,Telangana
500133,Sourcing Allowed - Prime,true,Telangana
500171,Sourcing Allowed - Prime,true,Telangana
500252,Sourcing Allowed - Prime,true,Telangana
500253,Sourcing Allowed - Prime,true,Telangana
500258,Sourcing Allowed - Prime,true,Telangana
500264,Sourcing Allowed - Prime,true,Telangana
500265,Sourcing Allowed - Prime,true,Telangana
500266,Sourcing Allowed - Prime,true,Telangana
500267,Sourcing Allowed - Prime,true,Telangana
500361,Sourcing Allowed - Prime,true,Telangana
500380,Sourcing Allowed - Prime,true,Telangana
500457,Sourcing Allowed - Prime,true,Telangana
500463,Sourcing Allowed - Prime,true,Telangana
500482,Sourcing Allowed - Prime,true,Telangana
500484,Sourcing Allowed - Prime,true,Telangana
500486,Sourcing Allowed - Prime,true,Telangana
500556,Sourcing Allowed - Prime,true,Telangana
500587,Sourcing Allowed - Prime,true,Telangana
500593,Sourcing Allowed - Prime,true,Telangana
500594,Sourcing Allowed - Prime,true,Telangana
500659,Sourcing Allowed - Prime,true,Telangana
500660,Sourcing Allowed - Prime,true,Telangana
500661,Sourcing Allowed - Prime,true,Telangana
500762,Sourcing Allowed - Prime,true,Telangana
500768,Sourcing Allowed - Prime,true,Telangana
500855,Sourcing Allowed - Prime,true,Telangana
500872,Sourcing Allowed - Prime,true,Telangana
500873,Sourcing Allowed - Prime,true,Telangana
500890,Sourcing Allowed - Prime,true,Telangana
500963,Sourcing Allowed - Prime,true,Telangana
501101,Sourcing Allowed,false,Telangana
501102,Sourcing Allowed,false,Telangana
501106,Sourcing Allowed,false,Telangana
501111,Sourcing Allowed,false,Telangana
501121,Sourcing Allowed,false,Telangana
501141,Sourcing Allowed,false,Telangana
501142,Sourcing Allowed,false,Telangana
501143,Sourcing Allowed,false,Telangana
501144,Sourcing Allowed,false,Telangana
501158,Sourcing Allowed,false,Telangana
501201,Sourcing Allowed - Prime,true,Telangana
501202,Sourcing Allowed,false,Telangana
501203,Sourcing Allowed,false,Telangana
501218,Sourcing Allowed,false,Telangana
501301,Sourcing Allowed,false,Telangana
501323,Sourcing Allowed,false,Telangana
501359,Sourcing Allowed,false,Telangana
501401,Sourcing Allowed,false,Telangana
501501,Sourcing Allowed,false,Telangana
501502,Sourcing Allowed,false,Telangana
501503,Sourcing Allowed,false,Telangana
501504,Sourcing Allowed,false,Telangana
501505,Sourcing Allowed,false,Telangana
501506,Sourcing Allowed,false,Telangana
501508,Sourcing Allowed,false,Telangana
501509,Sourcing Allowed,false,Telangana
501510,Sourcing Allowed,false,Telangana
501511,Sourcing Allowed,false,Telangana
501512,Sourcing Allowed,false,Telangana
502001,Sourcing Allowed,false,Telangana
502032,Sourcing Allowed,false,Telangana
502101,Sourcing Allowed,false,Telangana
502102,Sourcing Allowed,false,Telangana
502103,Sourcing Allowed,false,Telangana
502107,Sourcing Allowed,false,Telangana
502108,Sourcing Allowed,false,Telangana
502109,Sourcing Allowed,false,Telangana
502110,Sourcing Allowed,false,Telangana
502113,Sourcing Allowed,false,Telangana
502114,Sourcing Allowed,false,Telangana
502115,Sourcing Allowed,false,Telangana
502117,Sourcing Allowed,false,Telangana
502125,Sourcing Allowed,false,Telangana
502130,Sourcing Allowed,false,Telangana
502205,Sourcing Allowed,false,Telangana
502210,Sourcing Allowed,false,Telangana
502220,Sourcing Allowed,false,Telangana
502221,Sourcing Allowed,false,Telangana
502228,Sourcing Allowed,false,Telangana
502246,Sourcing Allowed,false,Telangana
502247,Sourcing Allowed,false,Telangana
502248,Sourcing Allowed,false,Telangana
502249,Sourcing Allowed,false,Telangana
502251,Sourcing Allowed,false,Telangana
502255,Sourcing Allowed,false,Telangana
502256,Sourcing Allowed,false,Telangana
502257,Sourcing Allowed,false,Telangana
502267,Sourcing Allowed,false,Telangana
502269,Sourcing Allowed,false,Telangana
502270,Sourcing Allowed,false,Telangana
502271,Sourcing Allowed,false,Telangana
502273,Sourcing Allowed,false,Telangana
502276,Sourcing Allowed,false,Telangana
502277,Sourcing Allowed,false,Telangana
502278,Sourcing Allowed,false,Telangana
502279,Sourcing Allowed,false,Telangana
502284,Sourcing Allowed,false,Telangana
502285,Sourcing Allowed,false,Telangana
502286,Sourcing Allowed,false,Telangana
502287,Sourcing Allowed,false,Telangana
502290,Sourcing Allowed,false,Telangana
502291,Sourcing Allowed,false,Telangana
502293,Sourcing Allowed,false,Telangana
502294,Sourcing Allowed,false,Telangana
502295,Sourcing Allowed,false,Telangana
502296,Sourcing Allowed,false,Telangana
502300,Sourcing Allowed,false,Telangana
502302,Sourcing Allowed,false,Telangana
502303,Sourcing Allowed,false,Telangana
502304,Sourcing Allowed,false,Telangana
502305,Sourcing Allowed,false,Telangana
502306,Sourcing Allowed,false,Telangana
502307,Sourcing Allowed,false,Telangana
502311,Sourcing Allowed,false,Telangana
502312,Sourcing Allowed,false,Telangana
502313,Sourcing Allowed,false,Telangana
502314,Sourcing Allowed,false,Telangana
502316,Sourcing Allowed,false,Telangana
502318,Sourcing Allowed,false,Telangana
502319,Sourcing Allowed,false,Telangana
502321,Sourcing Allowed,false,Telangana
502324,Sourcing Allowed,false,Telangana
502325,Sourcing Allowed,false,Telangana
502329,Sourcing Allowed,false,Telangana
502331,Sourcing Allowed,false,Telangana
502334,Sourcing Allowed,false,Telangana
502335,Sourcing Allowed,false,Telangana
502336,Sourcing Allowed,false,Telangana
502345,Sourcing Allowed,false,Telangana
502371,Sourcing Allowed,false,Telangana
502372,Sourcing Allowed,false,Telangana
502375,Sourcing Allowed,false,Telangana
502381,Sourcing Allowed,false,Telangana
503001,Sourcing Allowed,false,Telangana
503002,Sourcing Allowed,false,Telangana
503003,Sourcing Allowed,false,Telangana
503111,Sourcing Allowed,false,Telangana
503145,Sourcing Allowed,false,Telangana
503164,Sourcing Allowed,false,Telangana
503165,Sourcing Allowed,false,Telangana
503174,Sourcing Allowed,false,Telangana
503175,Sourcing Allowed,false,Telangana
503180,Sourcing Allowed,false,Telangana
503185,Sourcing Allowed,false,Telangana
503186,Sourcing Allowed,false,Telangana
503187,Sourcing Allowed,false,Telangana
503188,Sourcing Allowed,false,Telangana
503201,Sourcing Allowed,false,Telangana
503202,Sourcing Allowed,false,Telangana
503206,Sourcing Allowed,false,Telangana
503207,Sourcing Allowed,false,Telangana
503212,Sourcing Allowed,false,Telangana
503213,Sourcing Allowed,false,Telangana
503217,Sourcing Allowed,false,Telangana
503218,Sourcing Allowed,false,Telangana
503219,Sourcing Allowed,false,Telangana
503223,Sourcing Allowed,false,Telangana
503224,Sourcing Allowed,false,Telangana
503225,Sourcing Allowed,false,Telangana
503230,Sourcing Allowed,false,Telangana
503235,Sourcing Allowed,false,Telangana
503245,Sourcing Allowed,false,Telangana
503246,Sourcing Allowed,false,Telangana
503307,Sourcing Allowed,false,Telangana
503308,Sourcing Allowed,false,Telangana
503311,Sourcing Allowed,false,Telangana
503321,Sourcing Allowed,false,Telangana
503322,Sourcing Allowed,false,Telangana
504001,Sourcing Allowed,false,Telangana
504002,Sourcing Allowed,false,Telangana
504101,Sourcing Allowed,false,Telangana
504102,Sourcing Allowed,false,Telangana
504103,Sourcing Allowed,false,Telangana
504104,Sourcing Allowed,false,Telangana
504105,Sourcing Allowed,false,Telangana
504106,Sourcing Allowed,false,Telangana
504107,Sourcing Allowed,false,Telangana
504109,Sourcing Allowed,false,Telangana
504110,Sourcing Allowed,false,Telangana
504201,Sourcing Allowed,false,Telangana
504202,Sourcing Allowed,false,Telangana
504203,Sourcing Allowed,false,Telangana
504204,Sourcing Allowed,false,Telangana
504205,Sourcing Allowed,false,Telangana
504206,Sourcing Allowed,false,Telangana
504207,Sourcing Allowed,false,Telangana
504208,Sourcing Allowed,false,Telangana
504209,Sourcing Allowed,false,Telangana
504214,Sourcing Allowed,false,Telangana
504218,Sourcing Allowed,false,Telangana
504220,Sourcing Allowed,false,Telangana
504273,Sourcing Allowed,false,Telangana
504297,Sourcing Allowed,false,Telangana
504301,Sourcing Allowed,false,Telangana
504302,Sourcing Allowed,false,Telangana
504303,Sourcing Allowed,false,Telangana
504306,Sourcing Allowed,false,Telangana
504310,Sourcing Allowed,false,Telangana
505001,Sourcing Allowed,false,Telangana
505002,Sourcing Allowed,false,Telangana
505101,Sourcing Allowed,false,Telangana
505186,Sourcing Allowed,false,Telangana
505209,Sourcing Allowed,false,Telangana
505211,Sourcing Allowed,false,Telangana
505212,Sourcing Allowed - Prime,true,Telangana
505331,Sourcing Allowed,false,Telangana
505469,Sourcing Allowed,false,Telangana
505481,Sourcing Allowed,false,Telangana
505531,Sourcing Allowed,false,Telangana
506001,Sourcing Allowed,false,Telangana
506002,Sourcing Allowed,false,Telangana
506003,Sourcing Allowed,false,Telangana
506004,Sourcing Allowed,false,Telangana
506005,Sourcing Allowed,false,Telangana
506006,Sourcing Allowed,false,Telangana
506007,Sourcing Allowed,false,Telangana
506008,Sourcing Allowed,false,Telangana
506009,Sourcing Allowed,false,Telangana
506011,Sourcing Allowed,false,Telangana
506013,Sourcing Allowed,false,Telangana
506015,Sourcing Allowed,false,Telangana
506101,Sourcing Allowed,false,Telangana
506102,Sourcing Allowed,false,Telangana
506103,Sourcing Allowed,false,Telangana
506104,Sourcing Allowed,false,Telangana
506105,Sourcing Allowed,false,Telangana
506112,Sourcing Allowed,false,Telangana
506122,Sourcing Allowed,false,Telangana
506132,Sourcing Allowed,false,Telangana
506134,Sourcing Allowed,false,Telangana
506135,Sourcing Allowed,false,Telangana
506142,Sourcing Allowed,false,Telangana
506143,Sourcing Allowed,false,Telangana
506144,Sourcing Allowed,false,Telangana
506145,Sourcing Allowed,false,Telangana
506146,Sourcing Allowed,false,Telangana
506151,Sourcing Allowed,false,Telangana
506163,Sourcing Allowed,false,Telangana
506164,Sourcing Allowed,false,Telangana
506165,Sourcing Allowed,false,Telangana
506166,Sourcing Allowed,false,Telangana
506167,Sourcing Allowed,false,Telangana
506168,Sourcing Allowed,false,Telangana
506169,Sourcing Allowed,false,Telangana
506170,Sourcing Allowed,false,Telangana
506172,Sourcing Allowed,false,Telangana
506175,Sourcing Allowed,false,Telangana
506201,Sourcing Allowed,false,Telangana
506221,Sourcing Allowed,false,Telangana
506222,Sourcing Allowed,false,Telangana
506223,Sourcing Allowed,false,Telangana
506224,Sourcing Allowed,false,Telangana
506244,Sourcing Allowed,false,Telangana
506252,Sourcing Allowed,false,Telangana
506301,Sourcing Allowed,false,Telangana
506302,Sourcing Allowed,false,Telangana
506303,Sourcing Allowed,false,Telangana
506310,Sourcing Allowed,false,Telangana
506313,Sourcing Allowed,false,Telangana
506314,Sourcing Allowed,false,Telangana
506315,Sourcing Allowed,false,Telangana
506316,Sourcing Allowed,false,Telangana
506317,Sourcing Allowed,false,Telangana
506318,Sourcing Allowed,false,Telangana
506319,Sourcing Allowed,false,Telangana
506324,Sourcing Allowed,false,Telangana
506329,Sourcing Allowed,false,Telangana
506330,Sourcing Allowed,false,Telangana
506331,Sourcing Allowed,false,Telangana
506332,Sourcing Allowed,false,Telangana
506333,Sourcing Allowed,false,Telangana
506342,Sourcing Allowed,false,Telangana
506343,Sourcing Allowed,false,Telangana
506344,Sourcing Allowed,false,Telangana
506345,Sourcing Allowed,false,Telangana
506347,Sourcing Allowed,false,Telangana
506348,Sourcing Allowed,false,Telangana
506349,Sourcing Allowed,false,Telangana
506350,Sourcing Allowed,false,Telangana
506352,Sourcing Allowed,false,Telangana
506353,Sourcing Allowed,false,Telangana
506355,Sourcing Allowed,false,Telangana
506356,Sourcing Allowed,false,Telangana
506365,Sourcing Allowed,false,Telangana
506366,Sourcing Allowed,false,Telangana
506367,Sourcing Allowed,false,Telangana
506368,Sourcing Allowed,false,Telangana
506369,Sourcing Allowed,false,Telangana
506370,Sourcing Allowed,false,Telangana
506371,Sourcing Allowed,false,Telangana
506381,Sourcing Allowed,false,Telangana
506391,Sourcing Allowed,false,Telangana
507001,Sourcing Allowed,false,Telangana
507002,Sourcing Allowed,false,Telangana
507003,Sourcing Allowed,false,Telangana
507101,Sourcing Allowed,false,Telangana
507111,Sourcing Allowed,false,Telangana
507113,Sourcing Allowed,false,Telangana
507115,Sourcing Allowed,false,Telangana
507116,Sourcing Allowed,false,Telangana
507117,Sourcing Allowed,false,Telangana
507119,Sourcing Allowed,false,Telangana
507120,Sourcing Allowed,false,Telangana
507121,Sourcing Allowed,false,Telangana
507122,Sourcing Allowed,false,Telangana
507123,Sourcing Allowed,false,Telangana
507126,Sourcing Allowed,false,Telangana
507129,Sourcing Allowed,false,Telangana
507130,Sourcing Allowed,false,Andhra Pradesh
507134,Sourcing Allowed,false,Telangana
507135,Sourcing Allowed,false,Telangana
507136,Sourcing Allowed,false,Telangana
507137,Sourcing Allowed,false,Telangana
507157,Sourcing Allowed,false,Telangana
507158,Sourcing Allowed,false,Telangana
507159,Sourcing Allowed,false,Telangana
507160,Sourcing Allowed,false,Telangana
507161,Sourcing Allowed,false,Telangana
507163,Sourcing Allowed,false,Telangana
507164,Sourcing Allowed,false,Telangana
507165,Sourcing Allowed,false,Telangana
507167,Sourcing Allowed,false,Telangana
507168,Sourcing Allowed,false,Telangana
507169,Sourcing Allowed,false,Telangana
507170,Sourcing Allowed,false,Telangana
507182,Sourcing Allowed,false,Telangana
507183,Sourcing Allowed,false,Telangana
507201,Sourcing Allowed,false,Telangana
507202,Sourcing Allowed,false,Telangana
507203,Sourcing Allowed,false,Telangana
507204,Sourcing Allowed,false,Telangana
507208,Sourcing Allowed,false,Telangana
507209,Sourcing Allowed,false,Telangana
507210,Sourcing Allowed,false,Telangana
507211,Sourcing Allowed,false,Telangana
507302,Sourcing Allowed,false,Telangana
507303,Sourcing Allowed,false,Telangana
507304,Sourcing Allowed,false,Telangana
507305,Sourcing Allowed,false,Telangana
507306,Sourcing Allowed,false,Telangana
507316,Sourcing Allowed,false,Telangana
507318,Sourcing Allowed,false,Telangana
508001,Sourcing Allowed,false,Telangana
508101,Sourcing Allowed,false,Telangana
508116,Sourcing Allowed,false,Telangana
508117,Sourcing Allowed,false,Telangana
508205,Sourcing Allowed,false,Telangana
508207,Sourcing Allowed,false,Telangana
508208,Sourcing Allowed - Prime,true,Telangana
508213,Sourcing Allowed,false,Telangana
508214,Sourcing Allowed,false,Telangana
508218,Sourcing Allowed,false,Telangana
508223,Sourcing Allowed,false,Telangana
508224,Sourcing Allowed,false,Telangana
508234,Sourcing Allowed,false,Telangana
508238,Sourcing Allowed,false,Telangana
508245,Sourcing Allowed,false,Telangana
508254,Sourcing Allowed,false,Telangana
508279,Sourcing Allowed,false,Telangana
508280,Sourcing Allowed,false,Telangana
508285,Sourcing Allowed,false,Telangana
508286,Sourcing Allowed,false,Telangana
509001,Sourcing Allowed,false,Telangana
509002,Sourcing Allowed,false,Telangana
509102,Sourcing Allowed,false,Telangana
509103,Sourcing Allowed,false,Telangana
509104,Sourcing Allowed,false,Telangana
509105,Sourcing Allowed,false,Telangana
509106,Sourcing Allowed,false,Telangana
509120,Sourcing Allowed,false,Telangana
509125,Sourcing Allowed,false,Telangana
509126,Sourcing Allowed,false,Telangana
509127,Sourcing Allowed,false,Telangana
509128,Sourcing Allowed,false,Telangana
509129,Sourcing Allowed,false,Telangana
509131,Sourcing Allowed,false,Telangana
509135,Sourcing Allowed,false,Telangana
509152,Sourcing Allowed,false,Telangana
509153,Sourcing Allowed,false,Telangana
509201,Sourcing Allowed,false,Telangana
509202,Sourcing Allowed,false,Telangana
509203,Sourcing Allowed,false,Telangana
509204,Sourcing Allowed,false,Telangana
509205,Sourcing Allowed,false,Telangana
509206,Sourcing Allowed,false,Telangana
509207,Sourcing Allowed,false,Telangana
509208,Sourcing Allowed,false,Telangana
509209,Sourcing Allowed,false,Telangana
509210,Sourcing Allowed,false,Telangana
509215,Sourcing Allowed,false,Telangana
509216,Sourcing Allowed,false,Telangana
509217,Sourcing Allowed,false,Telangana
509219,Sourcing Allowed,false,Telangana
509228,Sourcing Allowed,false,Telangana
509235,Sourcing Allowed,false,Telangana
509301,Sourcing Allowed,false,Telangana
509302,Sourcing Allowed,false,Telangana
509311,Sourcing Allowed,false,Telangana
509320,Sourcing Allowed,false,Telangana
509321,Sourcing Allowed,false,Telangana
509324,Sourcing Allowed,false,Telangana
509325,Sourcing Allowed,false,Telangana
509326,Sourcing Allowed,false,Telangana
509327,Sourcing Allowed,false,Telangana
509334,Sourcing Allowed,false,Telangana
509335,Sourcing Allowed,false,Telangana
509336,Sourcing Allowed,false,Telangana
509337,Sourcing Allowed,false,Telangana
509338,Sourcing Allowed,false,Telangana
509339,Sourcing Allowed,false,Telangana
509340,Sourcing Allowed,false,Telangana
509349,Sourcing Allowed,false,Telangana
509350,Sourcing Allowed,false,Telangana
509351,Sourcing Allowed,false,Telangana
509352,Sourcing Allowed,false,Telangana
509353,Sourcing Allowed,false,Telangana
509357,Sourcing Allowed,false,Telangana
509358,Sourcing Allowed,false,Telangana
509360,Sourcing Allowed,false,Telangana
509371,Sourcing Allowed,false,Telangana
509375,Sourcing Allowed,false,Telangana
509376,Sourcing Allowed,false,Telangana
509380,Sourcing Allowed,false,Telangana
509381,Sourcing Allowed,false,Telangana
509382,Sourcing Allowed,false,Telangana
509385,Sourcing Allowed,false,Telangana
509401,Sourcing Allowed,false,Telangana
509406,Sourcing Allowed,false,Telangana
509407,Sourcing Allowed,false,Telangana
509408,Sourcing Allowed,false,Telangana
509409,Sourcing Allowed,false,Telangana
509410,Sourcing Allowed,false,Telangana
509411,Sourcing Allowed,false,Telangana
509412,Sourcing Allowed,false,Telangana
515001,Sourcing Allowed,false,Andhra Pradesh
515002,Sourcing Allowed,false,Andhra Pradesh
515003,Sourcing Allowed,false,Andhra Pradesh
515004,Sourcing Allowed,false,Andhra Pradesh
515005,Sourcing Allowed,false,Andhra Pradesh
515101,Sourcing Allowed,false,Andhra Pradesh
515110,Sourcing Allowed,false,Andhra Pradesh
515122,Sourcing Allowed,false,Andhra Pradesh
515123,Sourcing Allowed,false,Andhra Pradesh
515124,Sourcing Allowed,false,Andhra Pradesh
515133,Sourcing Allowed,false,Andhra Pradesh
515134,Sourcing Allowed,false,Andhra Pradesh
515144,Sourcing Allowed,false,Andhra Pradesh
515154,Sourcing Allowed,false,Andhra Pradesh
515159,Sourcing Allowed,false,Andhra Pradesh
515164,Sourcing Allowed,false,Andhra Pradesh
515201,Sourcing Allowed,false,Andhra Pradesh
515202,Sourcing Allowed,false,Andhra Pradesh
515211,Sourcing Allowed,false,Andhra Pradesh
515212,Sourcing Allowed,false,Andhra Pradesh
515231,Sourcing Allowed,false,Andhra Pradesh
515241,Sourcing Allowed,false,Andhra Pradesh
515261,Sourcing Allowed,false,Andhra Pradesh
515271,Sourcing Allowed,false,Andhra Pradesh
515281,Sourcing Allowed,false,Andhra Pradesh
515286,Sourcing Allowed,false,Andhra Pradesh
515291,Sourcing Allowed,false,Andhra Pradesh
515301,Sourcing Allowed,false,Andhra Pradesh
515303,Sourcing Allowed,false,Andhra Pradesh
515305,Sourcing Allowed,false,Andhra Pradesh
515311,Sourcing Allowed,false,Andhra Pradesh
515321,Sourcing Allowed,false,Andhra Pradesh
515331,Sourcing Allowed,false,Andhra Pradesh
515341,Sourcing Allowed,false,Andhra Pradesh
515401,Sourcing Allowed,false,Andhra Pradesh
515402,Sourcing Allowed,false,Andhra Pradesh
515405,Sourcing Allowed,false,Andhra Pradesh
515408,Sourcing Allowed,false,Andhra Pradesh
515411,Sourcing Allowed,false,Andhra Pradesh
515414,Sourcing Allowed,false,Andhra Pradesh
515415,Sourcing Allowed,false,Andhra Pradesh
515425,Sourcing Allowed,false,Andhra Pradesh
515435,Sourcing Allowed,false,Andhra Pradesh
515445,Sourcing Allowed,false,Andhra Pradesh
515455,Sourcing Allowed,false,Andhra Pradesh
515465,Sourcing Allowed,false,Andhra Pradesh
515501,Sourcing Allowed,false,Andhra Pradesh
515511,Sourcing Allowed,false,Andhra Pradesh
515521,Sourcing Allowed,false,Andhra Pradesh
515531,Sourcing Allowed,false,Andhra Pradesh
515541,Sourcing Allowed,false,Andhra Pradesh
515551,Sourcing Allowed,false,Andhra Pradesh
515556,Sourcing Allowed,false,Andhra Pradesh
515561,Sourcing Allowed,false,Andhra Pradesh
515571,Sourcing Allowed,false,Andhra Pradesh
515581,Sourcing Allowed,false,Andhra Pradesh
515591,Sourcing Allowed,false,Andhra Pradesh
515601,Sourcing Allowed,false,Andhra Pradesh
515611,Sourcing Allowed,false,Andhra Pradesh
515621,Sourcing Allowed,false,Andhra Pradesh
515631,Sourcing Allowed,false,Andhra Pradesh
515641,Sourcing Allowed,false,Andhra Pradesh
515651,Sourcing Allowed,false,Andhra Pradesh
515661,Sourcing Allowed,false,Andhra Pradesh
515671,Sourcing Allowed,false,Andhra Pradesh
515672,Sourcing Allowed,false,Andhra Pradesh
515701,Sourcing Allowed,false,Andhra Pradesh
515711,Sourcing Allowed,false,Andhra Pradesh
515721,Sourcing Allowed,false,Andhra Pradesh
515722,Sourcing Allowed,false,Andhra Pradesh
515731,Sourcing Allowed,false,Andhra Pradesh
515741,Sourcing Allowed,false,Andhra Pradesh
515751,Sourcing Allowed,false,Andhra Pradesh
515761,Sourcing Allowed,false,Andhra Pradesh
515763,Sourcing Allowed,false,Andhra Pradesh
515765,Sourcing Allowed,false,Andhra Pradesh
515766,Sourcing Allowed,false,Andhra Pradesh
515767,Sourcing Allowed,false,Andhra Pradesh
515774,Sourcing Allowed,false,Andhra Pradesh
515775,Sourcing Allowed,false,Andhra Pradesh
515787,Sourcing Allowed,false,Andhra Pradesh
515801,Sourcing Allowed,false,Andhra Pradesh
515803,Sourcing Allowed,false,Andhra Pradesh
515812,Sourcing Allowed,false,Andhra Pradesh
515822,Sourcing Allowed,false,Andhra Pradesh
515832,Sourcing Allowed,false,Andhra Pradesh
515842,Sourcing Allowed,false,Andhra Pradesh
515863,Sourcing Allowed,false,Andhra Pradesh
515865,Sourcing Allowed,false,Andhra Pradesh
515867,Sourcing Allowed,false,Andhra Pradesh
515870,Sourcing Allowed,false,Andhra Pradesh
515871,Sourcing Allowed,false,Andhra Pradesh
515872,Sourcing Allowed,false,Andhra Pradesh
516001,Sourcing Allowed,false,Andhra Pradesh
516002,Sourcing Allowed,false,Andhra Pradesh
516003,Sourcing Allowed,false,Andhra Pradesh
516004,Sourcing Allowed,false,Andhra Pradesh
516005,Sourcing Allowed,false,Andhra Pradesh
516101,Sourcing Allowed,false,Andhra Pradesh
516104,Sourcing Allowed,false,Andhra Pradesh
516105,Sourcing Allowed,false,Andhra Pradesh
516107,Sourcing Allowed,false,Andhra Pradesh
516108,Sourcing Allowed,false,Andhra Pradesh
516110,Sourcing Allowed,false,Andhra Pradesh
516115,Sourcing Allowed,false,Andhra Pradesh
516118,Sourcing Allowed,false,Andhra Pradesh
516126,Sourcing Allowed,false,Andhra Pradesh
516127,Sourcing Allowed,false,Andhra Pradesh
516128,Sourcing Allowed,false,Andhra Pradesh
516129,Sourcing Allowed,false,Andhra Pradesh
516130,Sourcing Allowed,false,Andhra Pradesh
516150,Sourcing Allowed,false,Andhra Pradesh
516151,Sourcing Allowed,false,Andhra Pradesh
516152,Sourcing Allowed,false,Andhra Pradesh
516162,Sourcing Allowed,false,Andhra Pradesh
516163,Sourcing Allowed,false,Andhra Pradesh
516172,Sourcing Allowed,false,Andhra Pradesh
516173,Sourcing Allowed,false,Andhra Pradesh
516175,Sourcing Allowed,false,Andhra Pradesh
516193,Sourcing Allowed,false,Andhra Pradesh
516203,Sourcing Allowed,false,Andhra Pradesh
516213,Sourcing Allowed,false,Andhra Pradesh
516214,Sourcing Allowed,false,Andhra Pradesh
516215,Sourcing Allowed,false,Andhra Pradesh
516216,Sourcing Allowed,false,Andhra Pradesh
516217,Sourcing Allowed,false,Andhra Pradesh
516218,Sourcing Allowed,false,Andhra Pradesh
516227,Sourcing Allowed,false,Andhra Pradesh
516228,Sourcing Allowed,false,Andhra Pradesh
516233,Sourcing Allowed,false,Andhra Pradesh
516237,Sourcing Allowed,false,Andhra Pradesh
516247,Sourcing Allowed,false,Andhra Pradesh
516257,Sourcing Allowed,false,Andhra Pradesh
516259,Sourcing Allowed,false,Andhra Pradesh
516267,Sourcing Allowed,false,Andhra Pradesh
516268,Sourcing Allowed,false,Andhra Pradesh
516269,Sourcing Allowed,false,Andhra Pradesh
516270,Sourcing Allowed,false,Andhra Pradesh
516289,Sourcing Allowed,false,Andhra Pradesh
516293,Sourcing Allowed,false,Andhra Pradesh
516309,Sourcing Allowed,false,Andhra Pradesh
516310,Sourcing Allowed,false,Andhra Pradesh
516311,Sourcing Allowed,false,Andhra Pradesh
516312,Sourcing Allowed,false,Andhra Pradesh
516321,Sourcing Allowed,false,Andhra Pradesh
516329,Sourcing Allowed,false,Andhra Pradesh
516330,Sourcing Allowed,false,Andhra Pradesh
516339,Sourcing Allowed,false,Andhra Pradesh
516349,Sourcing Allowed,false,Andhra Pradesh
516350,Sourcing Allowed,false,Andhra Pradesh
516355,Sourcing Allowed,false,Andhra Pradesh
516356,Sourcing Allowed,false,Andhra Pradesh
516359,Sourcing Allowed,false,Andhra Pradesh
516360,Sourcing Allowed,false,Andhra Pradesh
516361,Sourcing Allowed,false,Andhra Pradesh
516362,Sourcing Allowed,false,Andhra Pradesh
516380,Sourcing Allowed,false,Andhra Pradesh
516390,Sourcing Allowed,false,Andhra Pradesh
516391,Sourcing Allowed,false,Andhra Pradesh
516396,Sourcing Allowed,false,Andhra Pradesh
516401,Sourcing Allowed,false,Andhra Pradesh
516411,Sourcing Allowed,false,Andhra Pradesh
516421,Sourcing Allowed,false,Andhra Pradesh
516431,Sourcing Allowed,false,Andhra Pradesh
516432,Sourcing Allowed,false,Andhra Pradesh
516433,Sourcing Allowed,false,Andhra Pradesh
516434,Sourcing Allowed,false,Andhra Pradesh
516439,Sourcing Allowed,false,Andhra Pradesh
516444,Sourcing Allowed,false,Andhra Pradesh
516454,Sourcing Allowed,false,Andhra Pradesh
516464,Sourcing Allowed,false,Andhra Pradesh
516474,Sourcing Allowed,false,Andhra Pradesh
516484,Sourcing Allowed,false,Andhra Pradesh
516501,Sourcing Allowed,false,Andhra Pradesh
516502,Sourcing Allowed,false,Andhra Pradesh
516503,Sourcing Allowed,false,Andhra Pradesh
516504,Sourcing Allowed,false,Andhra Pradesh
516505,Sourcing Allowed,false,Andhra Pradesh
517001,Sourcing Allowed,false,Andhra Pradesh
517002,Sourcing Allowed,false,Andhra Pradesh
517003,Sourcing Allowed,false,Andhra Pradesh
517004,Sourcing Allowed,false,Andhra Pradesh
517101,Sourcing Allowed,false,Andhra Pradesh
517102,Sourcing Allowed,false,Andhra Pradesh
517112,Sourcing Allowed,false,Andhra Pradesh
517113,Sourcing Allowed,false,Andhra Pradesh
517123,Sourcing Allowed,false,Andhra Pradesh
517124,Sourcing Allowed,false,Andhra Pradesh
517125,Sourcing Allowed,false,Andhra Pradesh
517126,Sourcing Allowed,false,Andhra Pradesh
517127,Sourcing Allowed,false,Andhra Pradesh
517128,Sourcing Allowed,false,Andhra Pradesh
517129,Sourcing Allowed,false,Andhra Pradesh
517130,Sourcing Allowed,false,Andhra Pradesh
517131,Sourcing Allowed,false,Andhra Pradesh
517132,Sourcing Allowed,false,Andhra Pradesh
517152,Sourcing Allowed,false,Andhra Pradesh
517167,Sourcing Allowed,false,Andhra Pradesh
517172,Sourcing Allowed,false,Andhra Pradesh
517192,Sourcing Allowed,false,Andhra Pradesh
517193,Sourcing Allowed,false,Andhra Pradesh
517194,Sourcing Allowed,false,Andhra Pradesh
517213,Sourcing Allowed,false,Andhra Pradesh
517214,Sourcing Allowed,false,Andhra Pradesh
517234,Sourcing Allowed,false,Andhra Pradesh
517235,Sourcing Allowed,false,Andhra Pradesh
517236,Sourcing Allowed,false,Andhra Pradesh
517237,Sourcing Allowed,false,Andhra Pradesh
517247,Sourcing Allowed,false,Andhra Pradesh
517257,Sourcing Allowed,false,Andhra Pradesh
517277,Sourcing Allowed,false,Andhra Pradesh
517280,Sourcing Allowed,false,Andhra Pradesh
517291,Sourcing Allowed,false,Andhra Pradesh
517297,Sourcing Allowed,false,Andhra Pradesh
517299,Sourcing Allowed,false,Andhra Pradesh
517305,Sourcing Allowed,false,Andhra Pradesh
517319,Sourcing Allowed,false,Andhra Pradesh
517325,Sourcing Allowed,false,Andhra Pradesh
517326,Sourcing Allowed,false,Andhra Pradesh
517330,Sourcing Allowed,false,Andhra Pradesh
517350,Sourcing Allowed,false,Andhra Pradesh
517351,Sourcing Allowed,false,Andhra Pradesh
517352,Sourcing Allowed,false,Andhra Pradesh
517370,Sourcing Allowed,false,Andhra Pradesh
517390,Sourcing Allowed,false,Andhra Pradesh
517391,Sourcing Allowed,false,Andhra Pradesh
517401,Sourcing Allowed,false,Andhra Pradesh
517403,Sourcing Allowed,false,Andhra Pradesh
517408,Sourcing Allowed,false,Andhra Pradesh
517414,Sourcing Allowed,false,Andhra Pradesh
517415,Sourcing Allowed,false,Andhra Pradesh
517416,Sourcing Allowed,false,Andhra Pradesh
517417,Sourcing Allowed,false,Andhra Pradesh
517418,Sourcing Allowed,false,Andhra Pradesh
517419,Sourcing Allowed,false,Andhra Pradesh
517421,Sourcing Allowed,false,Andhra Pradesh
517422,Sourcing Allowed,false,Andhra Pradesh
517423,Sourcing Allowed,false,Andhra Pradesh
517424,Sourcing Allowed,false,Andhra Pradesh
517425,Sourcing Allowed,false,Andhra Pradesh
517426,Sourcing Allowed,false,Andhra Pradesh
517429,Sourcing Allowed,false,Andhra Pradesh
517432,Sourcing Allowed,false,Andhra Pradesh
517501,Sourcing Allowed,false,Andhra Pradesh
517502,Sourcing Allowed,false,Andhra Pradesh
517503,Sourcing Allowed,false,Andhra Pradesh
517504,Sourcing Allowed,false,Andhra Pradesh
517505,Sourcing Allowed,false,Andhra Pradesh
517506,Sourcing Allowed,false,Andhra Pradesh
517507,Sourcing Allowed,false,Andhra Pradesh
517520,Sourcing Allowed,false,Andhra Pradesh
517526,Sourcing Allowed,false,Andhra Pradesh
517536,Sourcing Allowed,false,Andhra Pradesh
517541,Sourcing Allowed,false,Andhra Pradesh
517551,Sourcing Allowed,false,Andhra Pradesh
517561,Sourcing Allowed,false,Andhra Pradesh
517569,Sourcing Allowed,false,Andhra Pradesh
517571,Sourcing Allowed,false,Andhra Pradesh
517581,Sourcing Allowed,false,Andhra Pradesh
517582,Sourcing Allowed,false,Andhra Pradesh
517583,Sourcing Allowed,false,Andhra Pradesh
517584,Sourcing Allowed,false,Andhra Pradesh
517586,Sourcing Allowed,false,Andhra Pradesh
517587,Sourcing Allowed,false,Andhra Pradesh
517588,Sourcing Allowed,false,Andhra Pradesh
517589,Sourcing Allowed,false,Andhra Pradesh
517590,Sourcing Allowed,false,Andhra Pradesh
517591,Sourcing Allowed,false,Andhra Pradesh
517592,Sourcing Allowed,false,Andhra Pradesh
517599,Sourcing Allowed,false,Andhra Pradesh
517619,Sourcing Allowed,false,Andhra Pradesh
517620,Sourcing Allowed,false,Andhra Pradesh
517621,Sourcing Allowed,false,Andhra Pradesh
517640,Sourcing Allowed,false,Andhra Pradesh
517641,Sourcing Allowed,false,Andhra Pradesh
517642,Sourcing Allowed,false,Andhra Pradesh
517643,Sourcing Allowed,false,Andhra Pradesh
517644,Sourcing Allowed,false,Andhra Pradesh
517645,Sourcing Allowed,false,Andhra Pradesh
517646,Sourcing Allowed,false,Andhra Pradesh
518001,Sourcing Allowed,false,Andhra Pradesh
518002,Sourcing Allowed,false,Andhra Pradesh
518003,Sourcing Allowed,false,Andhra Pradesh
518004,Sourcing Allowed,false,Andhra Pradesh
518005,Sourcing Allowed,false,Andhra Pradesh
518006,Sourcing Allowed,false,Andhra Pradesh
518007,Sourcing Allowed,false,Andhra Pradesh
518010,Sourcing Allowed,false,Andhra Pradesh
518101,Sourcing Allowed,false,Andhra Pradesh
518102,Sourcing Allowed,false,Andhra Pradesh
518112,Sourcing Allowed,false,Andhra Pradesh
518122,Sourcing Allowed,false,Andhra Pradesh
518123,Sourcing Allowed,false,Andhra Pradesh
518124,Sourcing Allowed,false,Andhra Pradesh
518134,Sourcing Allowed,false,Andhra Pradesh
518135,Sourcing Allowed,false,Andhra Pradesh
518145,Sourcing Allowed,false,Andhra Pradesh
518155,Sourcing Allowed,false,Andhra Pradesh
518165,Sourcing Allowed,false,Andhra Pradesh
518166,Sourcing Allowed,false,Andhra Pradesh
518176,Sourcing Allowed,false,Andhra Pradesh
518186,Sourcing Allowed,false,Andhra Pradesh
518196,Sourcing Allowed,false,Andhra Pradesh
518206,Sourcing Allowed,false,Andhra Pradesh
518216,Sourcing Allowed,false,Andhra Pradesh
518217,Sourcing Allowed,false,Andhra Pradesh
518218,Sourcing Allowed,false,Andhra Pradesh
518220,Sourcing Allowed,false,Andhra Pradesh
518221,Sourcing Allowed,false,Andhra Pradesh
518222,Sourcing Allowed,false,Andhra Pradesh
518225,Sourcing Allowed,false,Andhra Pradesh
518301,Sourcing Allowed,false,Andhra Pradesh
518302,Sourcing Allowed,false,Andhra Pradesh
518308,Sourcing Allowed,false,Andhra Pradesh
518313,Sourcing Allowed,false,Andhra Pradesh
518319,Sourcing Allowed,false,Andhra Pradesh
518323,Sourcing Allowed,false,Andhra Pradesh
518333,Sourcing Allowed,false,Andhra Pradesh
518343,Sourcing Allowed,false,Andhra Pradesh
518344,Sourcing Allowed,false,Andhra Pradesh
518345,Sourcing Allowed,false,Andhra Pradesh
518346,Sourcing Allowed,false,Andhra Pradesh
518347,Sourcing Allowed,false,Andhra Pradesh
518348,Sourcing Allowed,false,Andhra Pradesh
518349,Sourcing Allowed,false,Andhra Pradesh
518350,Sourcing Allowed,false,Andhra Pradesh
518360,Sourcing Allowed,false,Andhra Pradesh
518380,Sourcing Allowed,false,Andhra Pradesh
518385,Sourcing Allowed,false,Andhra Pradesh
518390,Sourcing Allowed,false,Andhra Pradesh
518395,Sourcing Allowed,false,Andhra Pradesh
518396,Sourcing Allowed,false,Andhra Pradesh
518397,Sourcing Allowed,false,Andhra Pradesh
518401,Sourcing Allowed,false,Andhra Pradesh
518405,Sourcing Allowed,false,Andhra Pradesh
518411,Sourcing Allowed,false,Andhra Pradesh
518412,Sourcing Allowed,false,Andhra Pradesh
518422,Sourcing Allowed,false,Andhra Pradesh
518432,Sourcing Allowed,false,Andhra Pradesh
518442,Sourcing Allowed,false,Andhra Pradesh
518452,Sourcing Allowed,false,Andhra Pradesh
518462,Sourcing Allowed,false,Andhra Pradesh
518463,Sourcing Allowed,false,Andhra Pradesh
518464,Sourcing Allowed,false,Andhra Pradesh
518465,Sourcing Allowed,false,Andhra Pradesh
518466,Sourcing Allowed,false,Andhra Pradesh
518467,Sourcing Allowed,false,Andhra Pradesh
518468,Sourcing Allowed,false,Andhra Pradesh
518501,Sourcing Allowed,false,Andhra Pradesh
518502,Sourcing Allowed,false,Andhra Pradesh
518508,Sourcing Allowed,false,Andhra Pradesh
518510,Sourcing Allowed,false,Andhra Pradesh
518511,Sourcing Allowed,false,Andhra Pradesh
518512,Sourcing Allowed,false,Andhra Pradesh
518513,Sourcing Allowed,false,Andhra Pradesh
518523,Sourcing Allowed,false,Andhra Pradesh
518533,Sourcing Allowed,false,Andhra Pradesh
518543,Sourcing Allowed,false,Andhra Pradesh
518553,Sourcing Allowed,false,Andhra Pradesh
518563,Sourcing Allowed,false,Andhra Pradesh
518573,Sourcing Allowed,false,Andhra Pradesh
518583,Sourcing Allowed,false,Andhra Pradesh
518593,Sourcing Allowed,false,Andhra Pradesh
518594,Sourcing Allowed,false,Andhra Pradesh
518598,Sourcing Allowed,false,Andhra Pradesh
518599,Sourcing Allowed,false,Andhra Pradesh
518673,Sourcing Allowed,false,Andhra Pradesh
518674,Sourcing Allowed,false,Andhra Pradesh
520001,Sourcing Allowed,false,Andhra Pradesh
520002,Sourcing Allowed,false,Andhra Pradesh
520003,Sourcing Allowed,false,Andhra Pradesh
520004,Sourcing Allowed,false,Andhra Pradesh
520006,Sourcing Allowed,false,Andhra Pradesh
520007,Sourcing Allowed,false,Andhra Pradesh
520008,Sourcing Allowed,false,Andhra Pradesh
520010,Sourcing Allowed,false,Andhra Pradesh
520011,Sourcing Allowed,false,Andhra Pradesh
520012,Sourcing Allowed,false,Andhra Pradesh
520013,Sourcing Allowed,false,Andhra Pradesh
520015,Sourcing Allowed,false,Andhra Pradesh
521001,Sourcing Allowed,false,Andhra Pradesh
521002,Sourcing Allowed,false,Andhra Pradesh
521003,Sourcing Allowed,false,Andhra Pradesh
521004,Sourcing Allowed,false,Andhra Pradesh
521101,Sourcing Allowed,false,Andhra Pradesh
521102,Sourcing Allowed,false,Andhra Pradesh
521104,Sourcing Allowed,false,Andhra Pradesh
521105,Sourcing Allowed,false,Andhra Pradesh
521106,Sourcing Allowed,false,Andhra Pradesh
521107,Sourcing Allowed,false,Andhra Pradesh
521108,Sourcing Allowed,false,Andhra Pradesh
521109,Sourcing Allowed,false,Andhra Pradesh
521110,Sourcing Allowed,false,Andhra Pradesh
521111,Sourcing Allowed,false,Andhra Pradesh
521121,Sourcing Allowed,false,Andhra Pradesh
521122,Sourcing Allowed,false,Andhra Pradesh
521125,Sourcing Allowed,false,Andhra Pradesh
521126,Sourcing Allowed,false,Andhra Pradesh
521130,Sourcing Allowed,false,Andhra Pradesh
521131,Sourcing Allowed,false,Andhra Pradesh
521133,Sourcing Allowed,false,Andhra Pradesh
521134,Sourcing Allowed,false,Andhra Pradesh
521135,Sourcing Allowed,false,Andhra Pradesh
521136,Sourcing Allowed,false,Andhra Pradesh
521137,Sourcing Allowed,false,Andhra Pradesh
521138,Sourcing Allowed,false,Andhra Pradesh
521139,Sourcing Allowed,false,Andhra Pradesh
521148,Sourcing Allowed,false,Andhra Pradesh
521149,Sourcing Allowed,false,Andhra Pradesh
521150,Sourcing Allowed,false,Andhra Pradesh
521151,Sourcing Allowed,false,Andhra Pradesh
521156,Sourcing Allowed,false,Andhra Pradesh
521157,Sourcing Allowed,false,Andhra Pradesh
521158,Sourcing Allowed,false,Andhra Pradesh
521162,Sourcing Allowed,false,Andhra Pradesh
521163,Sourcing Allowed,false,Andhra Pradesh
521164,Sourcing Allowed,false,Andhra Pradesh
521165,Sourcing Allowed,false,Andhra Pradesh
521170,Sourcing Allowed,false,Andhra Pradesh
521175,Sourcing Allowed,false,Andhra Pradesh
521180,Sourcing Allowed,false,Andhra Pradesh
521181,Sourcing Allowed,false,Andhra Pradesh
521182,Sourcing Allowed,false,Andhra Pradesh
521183,Sourcing Allowed,false,Andhra Pradesh
521184,Sourcing Allowed,false,Andhra Pradesh
521185,Sourcing Allowed,false,Andhra Pradesh
521190,Sourcing Allowed,false,Andhra Pradesh
521201,Sourcing Allowed,false,Andhra Pradesh
521202,Sourcing Allowed,false,Andhra Pradesh
521207,Sourcing Allowed,false,Andhra Pradesh
521211,Sourcing Allowed,false,Andhra Pradesh
521212,Sourcing Allowed,false,Andhra Pradesh
521213,Sourcing Allowed,false,Andhra Pradesh
521214,Sourcing Allowed,false,Andhra Pradesh
521225,Sourcing Allowed,false,Andhra Pradesh
521226,Sourcing Allowed,false,Andhra Pradesh
521228,Sourcing Allowed,false,Andhra Pradesh
521229,Sourcing Allowed,false,Andhra Pradesh
521230,Sourcing Allowed,false,Andhra Pradesh
521231,Sourcing Allowed,false,Andhra Pradesh
521241,Sourcing Allowed,false,Andhra Pradesh
521245,Sourcing Allowed,false,Andhra Pradesh
521246,Sourcing Allowed,false,Andhra Pradesh
521247,Sourcing Allowed,false,Andhra Pradesh
521250,Sourcing Allowed,false,Andhra Pradesh
521256,Sourcing Allowed,false,Andhra Pradesh
521260,Sourcing Allowed,false,Andhra Pradesh
521261,Sourcing Allowed,false,Andhra Pradesh
521263,Sourcing Allowed,false,Andhra Pradesh
521286,Sourcing Allowed,false,Andhra Pradesh
521301,Sourcing Allowed,false,Andhra Pradesh
521311,Sourcing Allowed,false,Andhra Pradesh
521312,Sourcing Allowed,false,Andhra Pradesh
521320,Sourcing Allowed,false,Andhra Pradesh
521321,Sourcing Allowed,false,Andhra Pradesh
521322,Sourcing Allowed,false,Andhra Pradesh
521323,Sourcing Allowed,false,Andhra Pradesh
521326,Sourcing Allowed,false,Andhra Pradesh
521327,Sourcing Allowed,false,Andhra Pradesh
521328,Sourcing Allowed,false,Andhra Pradesh
521329,Sourcing Allowed,false,Andhra Pradesh
521330,Sourcing Allowed,false,Andhra Pradesh
521331,Sourcing Allowed,false,Andhra Pradesh
521333,Sourcing Allowed,false,Andhra Pradesh
521340,Sourcing Allowed,false,Andhra Pradesh
521343,Sourcing Allowed,false,Andhra Pradesh
521344,Sourcing Allowed,false,Andhra Pradesh
521345,Sourcing Allowed,false,Andhra Pradesh
521356,Sourcing Allowed,false,Andhra Pradesh
521366,Sourcing Allowed,false,Andhra Pradesh
521369,Sourcing Allowed,false,Andhra Pradesh
521390,Sourcing Allowed,false,Andhra Pradesh
521401,Sourcing Allowed,false,Andhra Pradesh
521402,Sourcing Allowed,false,Andhra Pradesh
521403,Sourcing Allowed,false,Andhra Pradesh
521444,Sourcing Allowed,false,Andhra Pradesh
521456,Sourcing Allowed,false,Andhra Pradesh
521457,Sourcing Allowed,false,Andhra Pradesh
522001,Sourcing Allowed,false,Andhra Pradesh
522002,Sourcing Allowed,false,Andhra Pradesh
522003,Sourcing Allowed,false,Andhra Pradesh
522004,Sourcing Allowed,false,Andhra Pradesh
522005,Sourcing Allowed,false,Andhra Pradesh
522006,Sourcing Allowed,false,Andhra Pradesh
522007,Sourcing Allowed,false,Andhra Pradesh
522008,Sourcing Allowed,false,Andhra Pradesh
522009,Sourcing Allowed,false,Andhra Pradesh
522010,Sourcing Allowed,false,Andhra Pradesh
522013,Sourcing Allowed,false,Andhra Pradesh
522014,Sourcing Allowed,false,Andhra Pradesh
522015,Sourcing Allowed,false,Andhra Pradesh
522016,Sourcing Allowed,false,Andhra Pradesh
522017,Sourcing Allowed,false,Andhra Pradesh
522018,Sourcing Allowed,false,Andhra Pradesh
522019,Sourcing Allowed,false,Andhra Pradesh
522020,Sourcing Allowed,false,Andhra Pradesh
522021,Sourcing Allowed,false,Andhra Pradesh
522022,Sourcing Allowed,false,Andhra Pradesh
522024,Sourcing Allowed,false,Andhra Pradesh
522026,Sourcing Allowed,false,Andhra Pradesh
522034,Sourcing Allowed,false,Andhra Pradesh
522036,Sourcing Allowed,false,Andhra Pradesh
522050,Sourcing Allowed,false,Andhra Pradesh
522101,Sourcing Allowed,false,Andhra Pradesh
522102,Sourcing Allowed,false,Andhra Pradesh
522111,Sourcing Allowed,false,Andhra Pradesh
522112,Sourcing Allowed,false,Andhra Pradesh
522113,Sourcing Allowed,false,Andhra Pradesh
522116,Sourcing Allowed,false,Andhra Pradesh
522123,Sourcing Allowed,false,Andhra Pradesh
522124,Sourcing Allowed,false,Andhra Pradesh
522125,Sourcing Allowed,false,Andhra Pradesh
522180,Sourcing Allowed,false,Andhra Pradesh
522201,Sourcing Allowed,false,Andhra Pradesh
522202,Sourcing Allowed,false,Andhra Pradesh
522211,Sourcing Allowed,false,Andhra Pradesh
522212,Sourcing Allowed,false,Andhra Pradesh
522213,Sourcing Allowed,false,Andhra Pradesh
522214,Sourcing Allowed,false,Andhra Pradesh
522215,Sourcing Allowed,false,Andhra Pradesh
522222,Sourcing Allowed,false,Andhra Pradesh
522233,Sourcing Allowed,false,Andhra Pradesh
522234,Sourcing Allowed,false,Andhra Pradesh
522235,Sourcing Allowed,false,Andhra Pradesh
522236,Sourcing Allowed,false,Andhra Pradesh
522237,Sourcing Allowed,false,Andhra Pradesh
522238,Sourcing Allowed,false,Andhra Pradesh
522239,Sourcing Allowed,false,Andhra Pradesh
522240,Sourcing Allowed,false,Andhra Pradesh
522256,Sourcing Allowed,false,Andhra Pradesh
522257,Sourcing Allowed,false,Andhra Pradesh
522258,Sourcing Allowed,false,Andhra Pradesh
522259,Sourcing Allowed,false,Andhra Pradesh
522260,Sourcing Allowed,false,Andhra Pradesh
522261,Sourcing Allowed,false,Andhra Pradesh
522262,Sourcing Allowed,false,Andhra Pradesh
522263,Sourcing Allowed,false,Andhra Pradesh
522264,Sourcing Allowed,false,Andhra Pradesh
522265,Sourcing Allowed,false,Andhra Pradesh
522266,Sourcing Allowed,false,Andhra Pradesh
522267,Sourcing Allowed,false,Andhra Pradesh
522268,Sourcing Allowed,false,Andhra Pradesh
522269,Sourcing Allowed,false,Andhra Pradesh
522270,Sourcing Allowed,false,Andhra Pradesh
522271,Sourcing Allowed,false,Andhra Pradesh
522272,Sourcing Allowed,false,Andhra Pradesh
522273,Sourcing Allowed,false,Andhra Pradesh
522274,Sourcing Allowed,false,Andhra Pradesh
522275,Sourcing Allowed,false,Andhra Pradesh
522276,Sourcing Allowed,false,Andhra Pradesh
522277,Sourcing Allowed,false,Andhra Pradesh
522278,Sourcing Allowed,false,Andhra Pradesh
522279,Sourcing Allowed,false,Andhra Pradesh
522280,Sourcing Allowed,false,Andhra Pradesh
522281,Sourcing Allowed,false,Andhra Pradesh
522282,Sourcing Allowed,false,Andhra Pradesh
522290,Sourcing Allowed,false,Andhra Pradesh
522291,Sourcing Allowed,false,Andhra Pradesh
522292,Sourcing Allowed,false,Andhra Pradesh
522294,Sourcing Allowed,false,Andhra Pradesh
522295,Sourcing Allowed,false,Andhra Pradesh
522296,Sourcing Allowed,false,Andhra Pradesh
522298,Sourcing Allowed,false,Andhra Pradesh
522299,Sourcing Allowed,false,Andhra Pradesh
522301,Sourcing Allowed,false,Andhra Pradesh
522302,Sourcing Allowed,false,Andhra Pradesh
522303,Sourcing Allowed,false,Andhra Pradesh
522304,Sourcing Allowed,false,Andhra Pradesh
522305,Sourcing Allowed,false,Andhra Pradesh
522306,Sourcing Allowed,false,Andhra Pradesh
522307,Sourcing Allowed,false,Andhra Pradesh
522308,Sourcing Allowed,false,Andhra Pradesh
522309,Sourcing Allowed,false,Andhra Pradesh
522310,Sourcing Allowed,false,Andhra Pradesh
522311,Sourcing Allowed,false,Andhra Pradesh
522312,Sourcing Allowed,false,Andhra Pradesh
522313,Sourcing Allowed,false,Andhra Pradesh
522314,Sourcing Allowed,false,Andhra Pradesh
522315,Sourcing Allowed,false,Andhra Pradesh
522316,Sourcing Allowed,false,Andhra Pradesh
522317,Sourcing Allowed,false,Andhra Pradesh
522318,Sourcing Allowed,false,Andhra Pradesh
522321,Sourcing Allowed,false,Andhra Pradesh
522324,Sourcing Allowed,false,Andhra Pradesh
522325,Sourcing Allowed,false,Andhra Pradesh
522329,Sourcing Allowed,false,Andhra Pradesh
522330,Sourcing Allowed,false,Andhra Pradesh
522332,Sourcing Allowed,false,Andhra Pradesh
522340,Sourcing Allowed,false,Andhra Pradesh
522341,Sourcing Allowed,false,Andhra Pradesh
522354,Sourcing Allowed,false,Andhra Pradesh
522401,Sourcing Allowed,false,Andhra Pradesh
522402,Sourcing Allowed,false,Andhra Pradesh
522403,Sourcing Allowed,false,Andhra Pradesh
522407,Sourcing Allowed,false,Andhra Pradesh
522408,Sourcing Allowed,false,Andhra Pradesh
522409,Sourcing Allowed,false,Andhra Pradesh
522410,Sourcing Allowed,false,Andhra Pradesh
522411,Sourcing Allowed,false,Andhra Pradesh
522412,Sourcing Allowed,false,Andhra Pradesh
522413,Sourcing Allowed,false,Andhra Pradesh
522414,Sourcing Allowed,false,Andhra Pradesh
522415,Sourcing Allowed,false,Andhra Pradesh
522421,Sourcing Allowed,false,Andhra Pradesh
522426,Sourcing Allowed,false,Andhra Pradesh
522435,Sourcing Allowed,false,Andhra Pradesh
522436,Sourcing Allowed,false,Andhra Pradesh
522437,Sourcing Allowed,false,Andhra Pradesh
522438,Sourcing Allowed,false,Andhra Pradesh
522439,Sourcing Allowed,false,Andhra Pradesh
522501,Sourcing Allowed,false,Andhra Pradesh
522502,Sourcing Allowed,false,Andhra Pradesh
522503,Sourcing Allowed,false,Andhra Pradesh
522508,Sourcing Allowed,false,Andhra Pradesh
522509,Sourcing Allowed,false,Andhra Pradesh
522510,Sourcing Allowed,false,Andhra Pradesh
522511,Sourcing Allowed,false,Andhra Pradesh
522515,Sourcing Allowed,false,Andhra Pradesh
522529,Sourcing Allowed,false,Andhra Pradesh
522549,Sourcing Allowed,false,Andhra Pradesh
522601,Sourcing Allowed,false,Andhra Pradesh
522603,Sourcing Allowed,false,Andhra Pradesh
522611,Sourcing Allowed,false,Andhra Pradesh
522612,Sourcing Allowed,false,Andhra Pradesh
522613,Sourcing Allowed,false,Andhra Pradesh
522614,Sourcing Allowed,false,Andhra Pradesh
522615,Sourcing Allowed,false,Andhra Pradesh
522616,Sourcing Allowed,false,Andhra Pradesh
522617,Sourcing Allowed,false,Andhra Pradesh
522619,Sourcing Allowed,false,Andhra Pradesh
522620,Sourcing Allowed,false,Andhra Pradesh
522626,Sourcing Allowed,false,Andhra Pradesh
522630,Sourcing Allowed,false,Andhra Pradesh
522631,Sourcing Allowed,false,Andhra Pradesh
522646,Sourcing Allowed,false,Andhra Pradesh
522647,Sourcing Allowed,false,Andhra Pradesh
522649,Sourcing Allowed,false,Andhra Pradesh
522655,Sourcing Allowed,false,Andhra Pradesh
522657,Sourcing Allowed,false,Andhra Pradesh
522658,Sourcing Allowed,false,Andhra Pradesh
522659,Sourcing Allowed,false,Andhra Pradesh
522660,Sourcing Allowed,false,Andhra Pradesh
522661,Sourcing Allowed,false,Andhra Pradesh
522663,Sourcing Allowed,false,Andhra Pradesh
523001,Sourcing Allowed,false,Andhra Pradesh
523002,Sourcing Allowed,false,Andhra Pradesh
523101,Sourcing Allowed,false,Andhra Pradesh
523104,Sourcing Allowed,false,Andhra Pradesh
523105,Sourcing Allowed,false,Andhra Pradesh
523108,Sourcing Allowed,false,Andhra Pradesh
523109,Sourcing Allowed,false,Andhra Pradesh
523110,Sourcing Allowed,false,Andhra Pradesh
523111,Sourcing Allowed,false,Andhra Pradesh
523112,Sourcing Allowed,false,Andhra Pradesh
523113,Sourcing Allowed,false,Andhra Pradesh
523114,Sourcing Allowed,false,Andhra Pradesh
523115,Sourcing Allowed,false,Andhra Pradesh
523116,Sourcing Allowed,false,Andhra Pradesh
523117,Sourcing Allowed,false,Andhra Pradesh
523135,Sourcing Allowed,false,Andhra Pradesh
523153,Sourcing Allowed,false,Andhra Pradesh
523155,Sourcing Allowed,false,Andhra Pradesh
523156,Sourcing Allowed,false,Andhra Pradesh
523157,Sourcing Allowed,false,Andhra Pradesh
523165,Sourcing Allowed,false,Andhra Pradesh
523166,Sourcing Allowed,false,Andhra Pradesh
523167,Sourcing Allowed,false,Andhra Pradesh
523168,Sourcing Allowed,false,Andhra Pradesh
523169,Sourcing Allowed,false,Andhra Pradesh
523170,Sourcing Allowed,false,Andhra Pradesh
523171,Sourcing Allowed,false,Andhra Pradesh
523180,Sourcing Allowed,false,Andhra Pradesh
523181,Sourcing Allowed,false,Andhra Pradesh
523182,Sourcing Allowed,false,Andhra Pradesh
523183,Sourcing Allowed,false,Andhra Pradesh
523184,Sourcing Allowed,false,Andhra Pradesh
523185,Sourcing Allowed,false,Andhra Pradesh
523186,Sourcing Allowed,false,Andhra Pradesh
523187,Sourcing Allowed,false,Andhra Pradesh
523190,Sourcing Allowed,false,Andhra Pradesh
523201,Sourcing Allowed,false,Andhra Pradesh
523211,Sourcing Allowed,false,Andhra Pradesh
523212,Sourcing Allowed,false,Andhra Pradesh
523213,Sourcing Allowed,false,Andhra Pradesh
523214,Sourcing Allowed,false,Andhra Pradesh
523223,Sourcing Allowed,false,Andhra Pradesh
523224,Sourcing Allowed,false,Andhra Pradesh
523225,Sourcing Allowed,false,Andhra Pradesh
523226,Sourcing Allowed,false,Andhra Pradesh
523227,Sourcing Allowed,false,Andhra Pradesh
523228,Sourcing Allowed,false,Andhra Pradesh
523230,Sourcing Allowed,false,Andhra Pradesh
523240,Sourcing Allowed,false,Andhra Pradesh
523241,Sourcing Allowed,false,Andhra Pradesh
523245,Sourcing Allowed,false,Andhra Pradesh
523246,Sourcing Allowed,false,Andhra Pradesh
523247,Sourcing Allowed,false,Andhra Pradesh
523252,Sourcing Allowed,false,Andhra Pradesh
523253,Sourcing Allowed,false,Andhra Pradesh
523254,Sourcing Allowed,false,Andhra Pradesh
523260,Sourcing Allowed,false,Andhra Pradesh
523261,Sourcing Allowed,false,Andhra Pradesh
523262,Sourcing Allowed,false,Andhra Pradesh
523263,Sourcing Allowed,false,Andhra Pradesh
523264,Sourcing Allowed,false,Andhra Pradesh
523265,Sourcing Allowed,false,Andhra Pradesh
523270,Sourcing Allowed,false,Andhra Pradesh
523271,Sourcing Allowed,false,Andhra Pradesh
523272,Sourcing Allowed,false,Andhra Pradesh
523273,Sourcing Allowed,false,Andhra Pradesh
523274,Sourcing Allowed,false,Andhra Pradesh
523279,Sourcing Allowed,false,Andhra Pradesh
523280,Sourcing Allowed,false,Andhra Pradesh
523281,Sourcing Allowed,false,Andhra Pradesh
523286,Sourcing Allowed,false,Andhra Pradesh
523291,Sourcing Allowed,false,Andhra Pradesh
523292,Sourcing Allowed,false,Andhra Pradesh
523301,Sourcing Allowed,false,Andhra Pradesh
523302,Sourcing Allowed,false,Andhra Pradesh
523303,Sourcing Allowed,false,Andhra Pradesh
523304,Sourcing Allowed,false,Andhra Pradesh
523305,Sourcing Allowed,false,Andhra Pradesh
523315,Sourcing Allowed,false,Andhra Pradesh
523316,Sourcing Allowed,false,Andhra Pradesh
523320,Sourcing Allowed,false,Andhra Pradesh
523326,Sourcing Allowed,false,Andhra Pradesh
523327,Sourcing Allowed,false,Andhra Pradesh
523328,Sourcing Allowed,false,Andhra Pradesh
523329,Sourcing Allowed,false,Andhra Pradesh
523330,Sourcing Allowed,false,Andhra Pradesh
523331,Sourcing Allowed,false,Andhra Pradesh
523332,Sourcing Allowed,false,Andhra Pradesh
523333,Sourcing Allowed,false,Andhra Pradesh
523334,Sourcing Allowed,false,Andhra Pradesh
523335,Sourcing Allowed,false,Andhra Pradesh
523336,Sourcing Allowed,false,Andhra Pradesh
523345,Sourcing Allowed,false,Andhra Pradesh
523346,Sourcing Allowed,false,Andhra Pradesh
523356,Sourcing Allowed,false,Andhra Pradesh
523357,Sourcing Allowed,false,Andhra Pradesh
523367,Sourcing Allowed,false,Andhra Pradesh
523368,Sourcing Allowed,false,Andhra Pradesh
523369,Sourcing Allowed,false,Andhra Pradesh
523370,Sourcing Allowed,false,Andhra Pradesh
523371,Sourcing Allowed,false,Andhra Pradesh
523372,Sourcing Allowed,false,Andhra Pradesh
523373,Sourcing Allowed,false,Andhra Pradesh
524001,Sourcing Allowed,false,Andhra Pradesh
524002,Sourcing Allowed,false,Andhra Pradesh
524003,Sourcing Allowed,false,Andhra Pradesh
524004,Sourcing Allowed,false,Andhra Pradesh
524005,Sourcing Allowed,false,Andhra Pradesh
524101,Sourcing Allowed,false,Andhra Pradesh
524121,Sourcing Allowed,false,Andhra Pradesh
524123,Sourcing Allowed,false,Andhra Pradesh
524124,Sourcing Allowed,false,Andhra Pradesh
524126,Sourcing Allowed,false,Andhra Pradesh
524127,Sourcing Allowed,false,Andhra Pradesh
524129,Sourcing Allowed,false,Andhra Pradesh
524131,Sourcing Allowed,false,Andhra Pradesh
524132,Sourcing Allowed,false,Andhra Pradesh
524134,Sourcing Allowed,false,Andhra Pradesh
524137,Sourcing Allowed,false,Andhra Pradesh
524142,Sourcing Allowed,false,Andhra Pradesh
524152,Sourcing Allowed,false,Andhra Pradesh
524201,Sourcing Allowed,false,Andhra Pradesh
524203,Sourcing Allowed,false,Andhra Pradesh
524218,Sourcing Allowed,false,Andhra Pradesh
524221,Sourcing Allowed,false,Andhra Pradesh
524222,Sourcing Allowed,false,Andhra Pradesh
524223,Sourcing Allowed,false,Andhra Pradesh
524224,Sourcing Allowed,false,Andhra Pradesh
524225,Sourcing Allowed,false,Andhra Pradesh
524226,Sourcing Allowed,false,Andhra Pradesh
524227,Sourcing Allowed,false,Andhra Pradesh
524228,Sourcing Allowed,false,Andhra Pradesh
524230,Sourcing Allowed,false,Andhra Pradesh
524234,Sourcing Allowed,false,Andhra Pradesh
524236,Sourcing Allowed,false,Andhra Pradesh
524239,Sourcing Allowed,false,Andhra Pradesh
524240,Sourcing Allowed,false,Andhra Pradesh
524300,Sourcing Allowed,false,Andhra Pradesh
524301,Sourcing Allowed,false,Andhra Pradesh
524302,Sourcing Allowed,false,Andhra Pradesh
524303,Sourcing Allowed,false,Andhra Pradesh
524304,Sourcing Allowed,false,Andhra Pradesh
524305,Sourcing Allowed,false,Andhra Pradesh
524306,Sourcing Allowed,false,Andhra Pradesh
524307,Sourcing Allowed,false,Andhra Pradesh
524308,Sourcing Allowed,false,Andhra Pradesh
524309,Sourcing Allowed,false,Andhra Pradesh
524310,Sourcing Allowed,false,Andhra Pradesh
524311,Sourcing Allowed,false,Andhra Pradesh
524312,Sourcing Allowed,false,Andhra Pradesh
524313,Sourcing Allowed,false,Andhra Pradesh
524314,Sourcing Allowed,false,Andhra Pradesh
524315,Sourcing Allowed,false,Andhra Pradesh
524316,Sourcing Allowed,false,Andhra Pradesh
524317,Sourcing Allowed,false,Andhra Pradesh
524318,Sourcing Allowed,false,Andhra Pradesh
524319,Sourcing Allowed,false,Andhra Pradesh
524320,Sourcing Allowed,false,Andhra Pradesh
524321,Sourcing Allowed,false,Andhra Pradesh
524322,Sourcing Allowed,false,Andhra Pradesh
524323,Sourcing Allowed,false,Andhra Pradesh
524324,Sourcing Allowed,false,Andhra Pradesh
524341,Sourcing Allowed,false,Andhra Pradesh
524342,Sourcing Allowed,false,Andhra Pradesh
524343,Sourcing Allowed,false,Andhra Pradesh
524344,Sourcing Allowed,false,Andhra Pradesh
524345,Sourcing Allowed,false,Andhra Pradesh
524346,Sourcing Allowed,false,Andhra Pradesh
524347,Sourcing Allowed,false,Andhra Pradesh
524366,Sourcing Allowed,false,Andhra Pradesh
524401,Sourcing Allowed,false,Andhra Pradesh
524402,Sourcing Allowed,false,Andhra Pradesh
524403,Sourcing Allowed,false,Andhra Pradesh
524404,Sourcing Allowed,false,Andhra Pradesh
524405,Sourcing Allowed,false,Andhra Pradesh
524406,Sourcing Allowed,false,Andhra Pradesh
524407,Sourcing Allowed,false,Andhra Pradesh
524408,Sourcing Allowed,false,Andhra Pradesh
524409,Sourcing Allowed,false,Andhra Pradesh
524410,Sourcing Allowed,false,Andhra Pradesh
524411,Sourcing Allowed,false,Andhra Pradesh
524412,Sourcing Allowed,false,Andhra Pradesh
524413,Sourcing Allowed,false,Andhra Pradesh
524414,Sourcing Allowed,false,Andhra Pradesh
524415,Sourcing Allowed,false,Andhra Pradesh
524421,Sourcing Allowed,false,Andhra Pradesh
530001,Sourcing Allowed,false,Andhra Pradesh
530002,Sourcing Allowed,false,Andhra Pradesh
530003,Sourcing Allowed,false,Andhra Pradesh
530004,Sourcing Allowed,false,Andhra Pradesh
530005,Sourcing Allowed,false,Andhra Pradesh
530007,Sourcing Allowed,false,Andhra Pradesh
530008,Sourcing Allowed,false,Andhra Pradesh
530009,Sourcing Allowed,false,Andhra Pradesh
530011,Sourcing Allowed,false,Andhra Pradesh
530012,Sourcing Allowed,false,Andhra Pradesh
530013,Sourcing Allowed,false,Andhra Pradesh
530014,Sourcing Allowed,false,Andhra Pradesh
530015,Sourcing Allowed,false,Andhra Pradesh
530016,Sourcing Allowed,false,Andhra Pradesh
530017,Sourcing Allowed,false,Andhra Pradesh
530018,Sourcing Allowed,false,Andhra Pradesh
530020,Sourcing Allowed,false,Andhra Pradesh
530022,Sourcing Allowed,false,Andhra Pradesh
530024,Sourcing Allowed,false,Andhra Pradesh
530026,Sourcing Allowed,false,Andhra Pradesh
530027,Sourcing Allowed,false,Andhra Pradesh
530028,Sourcing Allowed,false,Andhra Pradesh
530029,Sourcing Allowed,false,Andhra Pradesh
530031,Sourcing Allowed,false,Andhra Pradesh
530032,Sourcing Allowed,false,Andhra Pradesh
530035,Sourcing Allowed,false,Andhra Pradesh
530040,Sourcing Allowed,false,Andhra Pradesh
530041,Sourcing Allowed,false,Andhra Pradesh
530043,Sourcing Allowed,false,Andhra Pradesh
530044,Sourcing Allowed,false,Andhra Pradesh
530045,Sourcing Allowed,false,Andhra Pradesh
530046,Sourcing Allowed,false,Andhra Pradesh
530047,Sourcing Allowed,false,Andhra Pradesh
530048,Sourcing Allowed,false,Andhra Pradesh
530049,Sourcing Allowed,false,Andhra Pradesh
530051,Sourcing Allowed,false,Andhra Pradesh
530052,Sourcing Allowed,false,Andhra Pradesh
530053,Sourcing Allowed,false,Andhra Pradesh
531001,Sourcing Allowed,false,Andhra Pradesh
531002,Sourcing Allowed,false,Andhra Pradesh
531011,Sourcing Allowed,false,Andhra Pradesh
531019,Sourcing Allowed,false,Andhra Pradesh
531020,Sourcing Allowed,false,Andhra Pradesh
531021,Sourcing Allowed,false,Andhra Pradesh
531022,Sourcing Allowed,false,Andhra Pradesh
531023,Sourcing Allowed,false,Andhra Pradesh
531025,Sourcing Allowed,false,Andhra Pradesh
531026,Sourcing Allowed,false,Andhra Pradesh
531027,Sourcing Allowed,false,Andhra Pradesh
531028,Sourcing Allowed,false,Andhra Pradesh
531029,Sourcing Allowed,false,Andhra Pradesh
531030,Sourcing Allowed,false,Andhra Pradesh
531031,Sourcing Allowed,false,Andhra Pradesh
531032,Sourcing Allowed,false,Andhra Pradesh
531033,Sourcing Allowed,false,Andhra Pradesh
531034,Sourcing Allowed,false,Andhra Pradesh
531035,Sourcing Allowed,false,Andhra Pradesh
531036,Sourcing Allowed,false,Andhra Pradesh
531040,Sourcing Allowed,false,Andhra Pradesh
531055,Sourcing Allowed,false,Andhra Pradesh
531060,Sourcing Allowed,false,Andhra Pradesh
531061,Sourcing Allowed,false,Andhra Pradesh
531075,Sourcing Allowed,false,Andhra Pradesh
531077,Sourcing Allowed,false,Andhra Pradesh
531082,Sourcing Allowed,false,Andhra Pradesh
531083,Sourcing Allowed,false,Andhra Pradesh
531105,Sourcing Allowed,false,Andhra Pradesh
531110,Sourcing Allowed,false,Andhra Pradesh
531111,Sourcing Allowed,false,Andhra Pradesh
531113,Sourcing Allowed,false,Andhra Pradesh
531117,Sourcing Allowed,false,Andhra Pradesh
531118,Sourcing Allowed,false,Andhra Pradesh
531126,Sourcing Allowed,false,Andhra Pradesh
531127,Sourcing Allowed,false,Andhra Pradesh
531133,Sourcing Allowed,false,Andhra Pradesh
531149,Sourcing Allowed,false,Andhra Pradesh
531151,Sourcing Allowed,false,Andhra Pradesh
531162,Sourcing Allowed,false,Andhra Pradesh
531163,Sourcing Allowed,false,Andhra Pradesh
531173,Sourcing Allowed,false,Andhra Pradesh
532001,Sourcing Allowed,false,Andhra Pradesh
532005,Sourcing Allowed,false,Andhra Pradesh
532168,Sourcing Allowed,false,Andhra Pradesh
532185,Sourcing Allowed,false,Andhra Pradesh
532195,Sourcing Allowed,false,Andhra Pradesh
532201,Sourcing Allowed,false,Andhra Pradesh
532401,Sourcing Allowed,false,Andhra Pradesh
532403,Sourcing Allowed,false,Andhra Pradesh
532407,Sourcing Allowed,false,Andhra Pradesh
532421,Sourcing Allowed,false,Andhra Pradesh
532484,Sourcing Allowed,false,Andhra Pradesh
533001,Sourcing Allowed,false,Andhra Pradesh
533002,Sourcing Allowed,false,Andhra Pradesh
533003,Sourcing Allowed,false,Andhra Pradesh
533004,Sourcing Allowed,false,Andhra Pradesh
533005,Sourcing Allowed,false,Andhra Pradesh
533006,Sourcing Allowed,false,Andhra Pradesh
533007,Sourcing Allowed,false,Andhra Pradesh
533008,Sourcing Allowed,false,Andhra Pradesh
533016,Sourcing Allowed,false,Andhra Pradesh
533101,Sourcing Allowed,false,Andhra Pradesh
533102,Sourcing Allowed,false,Andhra Pradesh
533103,Sourcing Allowed,false,Andhra Pradesh
533104,Sourcing Allowed,false,Andhra Pradesh
533105,Sourcing Allowed,false,Andhra Pradesh
533106,Sourcing Allowed,false,Andhra Pradesh
533107,Sourcing Allowed,false,Andhra Pradesh
533124,Sourcing Allowed,false,Andhra Pradesh
533126,Sourcing Allowed,false,Andhra Pradesh
533201,Sourcing Allowed,false,Andhra Pradesh
533210,Sourcing Allowed,false,Andhra Pradesh
533211,Sourcing Allowed,false,Andhra Pradesh
533212,Sourcing Allowed,false,Andhra Pradesh
533213,Sourcing Allowed,false,Andhra Pradesh
533214,Sourcing Allowed,false,Andhra Pradesh
533215,Sourcing Allowed,false,Andhra Pradesh
533216,Sourcing Allowed,false,Andhra Pradesh
533217,Sourcing Allowed,false,Andhra Pradesh
533218,Sourcing Allowed,false,Andhra Pradesh
533220,Sourcing Allowed,false,Andhra Pradesh
533221,Sourcing Allowed,false,Andhra Pradesh
533222,Sourcing Allowed,false,Andhra Pradesh
533223,Sourcing Allowed,false,Andhra Pradesh
533228,Sourcing Allowed,false,Andhra Pradesh
533229,Sourcing Allowed,false,Andhra Pradesh
533232,Sourcing Allowed,false,Andhra Pradesh
533233,Sourcing Allowed,false,Andhra Pradesh
533234,Sourcing Allowed,false,Andhra Pradesh
533235,Sourcing Allowed,false,Andhra Pradesh
533236,Sourcing Allowed,false,Andhra Pradesh
533237,Sourcing Allowed,false,Andhra Pradesh
533238,Sourcing Allowed,false,Andhra Pradesh
533239,Sourcing Allowed,false,Andhra Pradesh
533240,Sourcing Allowed,false,Andhra Pradesh
533241,Sourcing Allowed,false,Andhra Pradesh
533242,Sourcing Allowed,false,Andhra Pradesh
533244,Sourcing Allowed,false,Andhra Pradesh
533247,Sourcing Allowed,false,Andhra Pradesh
533248,Sourcing Allowed,false,Andhra Pradesh
533249,Sourcing Allowed,false,Andhra Pradesh
533250,Sourcing Allowed,false,Andhra Pradesh
533251,Sourcing Allowed,false,Andhra Pradesh
533252,Sourcing Allowed,false,Andhra Pradesh
533253,Sourcing Allowed,false,Andhra Pradesh
533254,Sourcing Allowed,false,Andhra Pradesh
533255,Sourcing Allowed,false,Andhra Pradesh
533256,Sourcing Allowed,false,Andhra Pradesh
533260,Sourcing Allowed,false,Andhra Pradesh
533261,Sourcing Allowed,false,Andhra Pradesh
533262,Sourcing Allowed,false,Andhra Pradesh
533263,Sourcing Allowed,false,Andhra Pradesh
533264,Sourcing Allowed,false,Andhra Pradesh
533274,Sourcing Allowed,false,Andhra Pradesh
533284,Sourcing Allowed,false,Andhra Pradesh
533285,Sourcing Allowed,false,Andhra Pradesh
533286,Sourcing Allowed,false,Andhra Pradesh
533287,Sourcing Allowed,false,Andhra Pradesh
533288,Sourcing Allowed,false,Andhra Pradesh
533289,Sourcing Allowed,false,Andhra Pradesh
533290,Sourcing Allowed,false,Andhra Pradesh
533291,Sourcing Allowed,false,Andhra Pradesh
533292,Sourcing Allowed,false,Andhra Pradesh
533293,Sourcing Allowed,false,Andhra Pradesh
533294,Sourcing Allowed,false,Andhra Pradesh
533295,Sourcing Allowed,false,Andhra Pradesh
533296,Sourcing Allowed,false,Andhra Pradesh
533297,Sourcing Allowed,false,Andhra Pradesh
533305,Sourcing Allowed,false,Andhra Pradesh
533306,Sourcing Allowed,false,Andhra Pradesh
533307,Sourcing Allowed,false,Andhra Pradesh
533308,Sourcing Allowed,false,Andhra Pradesh
533309,Sourcing Allowed,false,Andhra Pradesh
533339,Sourcing Allowed,false,Andhra Pradesh
533340,Sourcing Allowed,false,Andhra Pradesh
533341,Sourcing Allowed,false,Andhra Pradesh
533342,Sourcing Allowed,false,Andhra Pradesh
533343,Sourcing Allowed,false,Andhra Pradesh
533344,Sourcing Allowed,false,Andhra Pradesh
533345,Sourcing Allowed,false,Andhra Pradesh
533346,Sourcing Allowed,false,Andhra Pradesh
533347,Sourcing Allowed,false,Andhra Pradesh
533348,Sourcing Allowed,false,Andhra Pradesh
533349,Sourcing Allowed,false,Andhra Pradesh
533350,Sourcing Allowed,false,Andhra Pradesh
533351,Sourcing Allowed,false,Andhra Pradesh
533352,Sourcing Allowed,false,Andhra Pradesh
533353,Sourcing Allowed,false,Andhra Pradesh
533354,Sourcing Allowed,false,Andhra Pradesh
533355,Sourcing Allowed,false,Andhra Pradesh
533401,Sourcing Allowed,false,Andhra Pradesh
533406,Sourcing Allowed,false,Andhra Pradesh
533407,Sourcing Allowed,false,Andhra Pradesh
533408,Sourcing Allowed,false,Andhra Pradesh
533428,Sourcing Allowed,false,Andhra Pradesh
533429,Sourcing Allowed,false,Andhra Pradesh
533430,Sourcing Allowed,false,Andhra Pradesh
533431,Sourcing Allowed,false,Andhra Pradesh
533432,Sourcing Allowed,false,Andhra Pradesh
533433,Sourcing Allowed,false,Andhra Pradesh
533434,Sourcing Allowed,false,Andhra Pradesh
533435,Sourcing Allowed,false,Andhra Pradesh
533436,Sourcing Allowed,false,Andhra Pradesh
533437,Sourcing Allowed,false,Andhra Pradesh
533440,Sourcing Allowed,false,Andhra Pradesh
533444,Sourcing Allowed,false,Andhra Pradesh
533445,Sourcing Allowed,false,Andhra Pradesh
533446,Sourcing Allowed,false,Andhra Pradesh
533447,Sourcing Allowed,false,Andhra Pradesh
533448,Sourcing Allowed,false,Andhra Pradesh
533449,Sourcing Allowed,false,Andhra Pradesh
533450,Sourcing Allowed,false,Andhra Pradesh
533451,Sourcing Allowed,false,Andhra Pradesh
533461,Sourcing Allowed,false,Andhra Pradesh
533462,Sourcing Allowed,false,Andhra Pradesh
533463,Sourcing Allowed,false,Andhra Pradesh
533464,Sourcing Allowed,false,Andhra Pradesh
533468,Sourcing Allowed,false,Andhra Pradesh
533483,Sourcing Allowed,false,Andhra Pradesh
533577,Sourcing Allowed,false,Andhra Pradesh
534211,Sourcing Allowed,false,Andhra Pradesh
534225,Sourcing Allowed,false,Andhra Pradesh
534239,Sourcing Allowed,false,Andhra Pradesh
534240,Sourcing Allowed,false,Andhra Pradesh
534244,Sourcing Allowed,false,Andhra Pradesh
534302,Sourcing Allowed,false,Andhra Pradesh
534313,Sourcing Allowed,false,Andhra Pradesh
534340,Sourcing Allowed,false,Andhra Pradesh
534341,Sourcing Allowed,false,Andhra Pradesh
534350,Sourcing Allowed,false,Andhra Pradesh
534447,Sourcing Allowed,false,Andhra Pradesh
534448,Sourcing Allowed,false,Andhra Pradesh
535002,Sourcing Allowed,false,Andhra Pradesh
535003,Sourcing Allowed,false,Andhra Pradesh
535004,Sourcing Allowed,false,Andhra Pradesh
535101,Sourcing Allowed,false,Andhra Pradesh
535204,Sourcing Allowed,false,Andhra Pradesh
535216,Sourcing Allowed,false,Andhra Pradesh
535217,Sourcing Allowed,false,Andhra Pradesh
535270,Sourcing Allowed,false,Andhra Pradesh
560001,Sourcing Allowed - Prime,true,Karnataka
560002,Sourcing Allowed - Prime,true,Karnataka
560003,Sourcing Allowed - Prime,true,Karnataka
560004,Sourcing Allowed - Prime,true,Karnataka
560005,Sourcing Allowed - Prime,true,Karnataka
560006,Sourcing Allowed - Prime,true,Karnataka
560007,Sourcing Allowed - Prime,true,Karnataka
560008,Sourcing Allowed - Prime,true,Karnataka
560009,Sourcing Allowed - Prime,true,Karnataka
560010,Sourcing Allowed - Prime,true,Karnataka
560011,Sourcing Allowed - Prime,true,Karnataka
560012,Sourcing Allowed - Prime,true,Karnataka
560013,Sourcing Allowed - Prime,true,Karnataka
560014,Sourcing Allowed - Prime,true,Karnataka
560015,Sourcing Allowed - Prime,true,Karnataka
560016,Sourcing Allowed - Prime,true,Karnataka
560017,Sourcing Allowed - Prime,true,Karnataka
560018,Sourcing Allowed - Prime,true,Karnataka
560019,Sourcing Allowed - Prime,true,Karnataka
560020,Sourcing Allowed - Prime,true,Karnataka
560021,Sourcing Allowed - Prime,true,Karnataka
560022,Sourcing Allowed - Prime,true,Karnataka
560023,Sourcing Allowed - Prime,true,Karnataka
560024,Sourcing Allowed - Prime,true,Karnataka
560025,Sourcing Allowed - Prime,true,Karnataka
560026,Sourcing Allowed - Prime,true,Karnataka
560027,Sourcing Allowed - Prime,true,Karnataka
560028,Sourcing Allowed - Prime,true,Karnataka
560029,Sourcing Allowed - Prime,true,Karnataka
560030,Sourcing Allowed - Prime,true,Karnataka
560031,Sourcing Allowed - Prime,true,Karnataka
560032,Sourcing Allowed - Prime,true,Karnataka
560033,Sourcing Allowed - Prime,true,Karnataka
560034,Sourcing Allowed - Prime,true,Karnataka
560035,Sourcing Allowed - Prime,true,Karnataka
560036,Sourcing Allowed - Prime,true,Karnataka
560037,Sourcing Allowed - Prime,true,Karnataka
560038,Sourcing Allowed - Prime,true,Karnataka
560039,Sourcing Allowed - Prime,true,Karnataka
560040,Sourcing Allowed - Prime,true,Karnataka
560041,Sourcing Allowed - Prime,true,Karnataka
560042,Sourcing Allowed - Prime,true,Karnataka
560043,Sourcing Allowed - Prime,true,Karnataka
560044,Sourcing Allowed - Prime,true,Karnataka
560045,Sourcing Allowed - Prime,true,Karnataka
560046,Sourcing Allowed - Prime,true,Karnataka
560047,Sourcing Allowed - Prime,true,Karnataka
560048,Sourcing Allowed - Prime,true,Karnataka
560049,Sourcing Allowed - Prime,true,Karnataka
560050,Sourcing Allowed - Prime,true,Karnataka
560051,Sourcing Allowed - Prime,true,Karnataka
560052,Sourcing Allowed - Prime,true,Karnataka
560053,Sourcing Allowed - Prime,true,Karnataka
560054,Sourcing Allowed - Prime,true,Karnataka
560055,Sourcing Allowed - Prime,true,Karnataka
560056,Sourcing Allowed - Prime,true,Karnataka
560057,Sourcing Allowed - Prime,true,Karnataka
560058,Sourcing Allowed - Prime,true,Karnataka
560059,Sourcing Allowed - Prime,true,Karnataka
560060,Sourcing Allowed - Prime,true,Karnataka
560061,Sourcing Allowed - Prime,true,Karnataka
560062,Sourcing Allowed - Prime,true,Karnataka
560063,Sourcing Allowed - Prime,true,Karnataka
560064,Sourcing Allowed - Prime,true,Karnataka
560065,Sourcing Allowed - Prime,true,Karnataka
560066,Sourcing Allowed - Prime,true,Karnataka
560067,Sourcing Allowed - Prime,true,Karnataka
560068,Sourcing Allowed - Prime,true,Karnataka
560069,Sourcing Allowed - Prime,true,Karnataka
560070,Sourcing Allowed - Prime,true,Karnataka
560071,Sourcing Allowed - Prime,true,Karnataka
560072,Sourcing Allowed - Prime,true,Karnataka
560073,Sourcing Allowed - Prime,true,Karnataka
560074,Sourcing Allowed - Prime,true,Karnataka
560075,Sourcing Allowed - Prime,true,Karnataka
560076,Sourcing Allowed - Prime,true,Karnataka
560077,Sourcing Allowed - Prime,true,Karnataka
560078,Sourcing Allowed - Prime,true,Karnataka
560079,Sourcing Allowed - Prime,true,Karnataka
560080,Sourcing Allowed - Prime,true,Karnataka
560081,Sourcing Allowed - Prime,true,Karnataka
560082,Sourcing Allowed - Prime,true,Karnataka
560083,Sourcing Allowed - Prime,true,Karnataka
560084,Sourcing Allowed - Prime,true,Karnataka
560085,Sourcing Allowed - Prime,true,Karnataka
560086,Sourcing Allowed - Prime,true,Karnataka
560087,Sourcing Allowed - Prime,true,Karnataka
560088,Sourcing Allowed - Prime,true,Karnataka
560089,Sourcing Allowed - Prime,true,Karnataka
560090,Sourcing Allowed - Prime,true,Karnataka
560091,Sourcing Allowed - Prime,true,Karnataka
560092,Sourcing Allowed - Prime,true,Karnataka
560093,Sourcing Allowed - Prime,true,Karnataka
560094,Sourcing Allowed - Prime,true,Karnataka
560095,Sourcing Allowed - Prime,true,Karnataka
560096,Sourcing Allowed - Prime,true,Karnataka
560097,Sourcing Allowed - Prime,true,Karnataka
560098,Sourcing Allowed - Prime,true,Karnataka
560099,Sourcing Allowed - Prime,true,Karnataka
560100,Sourcing Allowed - Prime,true,Karnataka
560102,Sourcing Allowed - Prime,true,Karnataka
560103,Sourcing Allowed - Prime,true,Karnataka
560104,Sourcing Allowed - Prime,true,Karnataka
560105,Sourcing Allowed - Prime,true,Karnataka
560106,Sourcing Allowed - Prime,true,Karnataka
560107,Sourcing Allowed - Prime,true,Karnataka
560108,Sourcing Allowed - Prime,true,Karnataka
560109,Sourcing Allowed - Prime,true,Karnataka
560110,Sourcing Allowed - Prime,true,Karnataka
560111,Sourcing Allowed - Prime,true,Karnataka
560112,Sourcing Allowed - Prime,true,Karnataka
560113,Sourcing Allowed,false,Karnataka
560114,Sourcing Allowed,false,Karnataka
560115,Sourcing Allowed,false,Karnataka
560116,Sourcing Allowed,false,Karnataka
560117,Sourcing Allowed,false,Karnataka
560300,Sourcing Allowed - Prime,true,Karnataka
560500,Sourcing Allowed,false,Karnataka
561101,Sourcing Allowed - Prime,true,Karnataka
561201,Sourcing Allowed - Prime,true,Karnataka
561202,Sourcing Allowed,false,Karnataka
561203,Sourcing Allowed - Prime,true,Karnataka
561204,Sourcing Allowed - Prime,true,Karnataka
561205,Sourcing Allowed - Prime,true,Karnataka
561207,Sourcing Allowed,false,Karnataka
562101,Sourcing Allowed - Prime,true,Karnataka
562105,Sourcing Allowed,false,Karnataka
562106,Sourcing Allowed - Prime,true,Karnataka
562107,Sourcing Allowed - Prime,true,Karnataka
562108,Sourcing Allowed - Prime,true,Karnataka
562109,Sourcing Allowed - Prime,true,Karnataka
562110,Sourcing Allowed - Prime,true,Karnataka
562111,Sourcing Allowed - Prime,true,Karnataka
562112,Sourcing Allowed - Prime,true,Karnataka
562114,Sourcing Allowed - Prime,true,Karnataka
562117,Sourcing Allowed - Prime,true,Karnataka
562119,Sourcing Allowed - Prime,true,Karnataka
562120,Sourcing Allowed - Prime,true,Karnataka
562121,Sourcing Allowed - Prime,true,Karnataka
562122,Sourcing Allowed - Prime,true,Karnataka
562123,Sourcing Allowed - Prime,true,Karnataka
562125,Sourcing Allowed - Prime,true,Karnataka
562126,Sourcing Allowed - Prime,true,Karnataka
562127,Sourcing Allowed - Prime,true,Karnataka
562128,Sourcing Allowed - Prime,true,Karnataka
562129,Sourcing Allowed - Prime,true,Karnataka
562130,Sourcing Allowed - Prime,true,Karnataka
562131,Sourcing Allowed - Prime,true,Karnataka
562132,Sourcing Allowed - Prime,true,Karnataka
562135,Sourcing Allowed - Prime,true,Karnataka
562138,Sourcing Allowed - Prime,true,Karnataka
562149,Sourcing Allowed - Prime,true,Karnataka
562157,Sourcing Allowed - Prime,true,Karnataka
562162,Sourcing Allowed - Prime,true,Karnataka
562163,Sourcing Allowed - Prime,true,Karnataka
562164,Sourcing Allowed - Prime,true,Karnataka
562165,Sourcing Allowed,false,Karnataka
563101,Sourcing Allowed,false,Karnataka
563114,Sourcing Allowed,false,Karnataka
570001,Sourcing Allowed,false,Karnataka
570002,Sourcing Allowed,false,Karnataka
570003,Sourcing Allowed,false,Karnataka
570004,Sourcing Allowed,false,Karnataka
570005,Sourcing Allowed,false,Karnataka
570006,Sourcing Allowed,false,Karnataka
570007,Sourcing Allowed,false,Karnataka
570008,Sourcing Allowed,false,Karnataka
570009,Sourcing Allowed,false,Karnataka
570010,Sourcing Allowed,false,Karnataka
570011,Sourcing Allowed,false,Karnataka
570012,Sourcing Allowed,false,Karnataka
570014,Sourcing Allowed,false,Karnataka
570015,Sourcing Allowed,false,Karnataka
570016,Sourcing Allowed,false,Karnataka
570017,Sourcing Allowed,false,Karnataka
570018,Sourcing Allowed,false,Karnataka
570019,Sourcing Allowed,false,Karnataka
570020,Sourcing Allowed,false,Karnataka
570021,Sourcing Allowed,false,Karnataka
570022,Sourcing Allowed,false,Karnataka
570023,Sourcing Allowed,false,Karnataka
570024,Sourcing Allowed,false,Karnataka
570025,Sourcing Allowed,false,Karnataka
570026,Sourcing Allowed,false,Karnataka
570027,Sourcing Allowed,false,Karnataka
570028,Sourcing Allowed,false,Karnataka
570029,Sourcing Allowed,false,Karnataka
570030,Sourcing Allowed,false,Karnataka
570031,Sourcing Allowed,false,Karnataka
570032,Sourcing Allowed,false,Karnataka
570033,Sourcing Allowed,false,Karnataka
570034,Sourcing Allowed,false,Karnataka
571101,Sourcing Allowed,false,Karnataka
571102,Sourcing Allowed,false,Karnataka
571103,Sourcing Allowed,false,Karnataka
571104,Sourcing Allowed,false,Karnataka
571105,Sourcing Allowed,false,Karnataka
571106,Sourcing Allowed,false,Karnataka
571107,Sourcing Allowed,false,Karnataka
571108,Sourcing Allowed,false,Karnataka
571109,Sourcing Allowed,false,Karnataka
571110,Sourcing Allowed,false,Karnataka
571114,Sourcing Allowed,false,Karnataka
571116,Sourcing Allowed,false,Karnataka
571117,Sourcing Allowed,false,Karnataka
571118,Sourcing Allowed,false,Karnataka
571119,Sourcing Allowed,false,Karnataka
571120,Sourcing Allowed,false,Karnataka
571121,Sourcing Allowed,false,Karnataka
571122,Sourcing Allowed,false,Karnataka
571123,Sourcing Allowed,false,Karnataka
571124,Sourcing Allowed,false,Karnataka
571125,Sourcing Allowed,false,Karnataka
571126,Sourcing Allowed,false,Karnataka
571127,Sourcing Allowed,false,Karnataka
571128,Sourcing Allowed,false,Karnataka
571129,Sourcing Allowed,false,Karnataka
571130,Sourcing Allowed,false,Karnataka
571134,Sourcing Allowed,false,Karnataka
571187,Sourcing Allowed,false,Karnataka
571189,Sourcing Allowed,false,Karnataka
571201,Sourcing Allowed,false,Karnataka
571211,Sourcing Allowed,false,Karnataka
571248,Sourcing Allowed,false,Karnataka
571301,Sourcing Allowed,false,Karnataka
571302,Sourcing Allowed,false,Karnataka
571311,Sourcing Allowed,false,Karnataka
571312,Sourcing Allowed,false,Karnataka
571314,Sourcing Allowed,false,Karnataka
571315,Sourcing Allowed,false,Karnataka
571316,Sourcing Allowed,false,Karnataka
571319,Sourcing Allowed,false,Karnataka
571320,Sourcing Allowed,false,Karnataka
571401,Sourcing Allowed,false,Karnataka
571402,Sourcing Allowed,false,Karnataka
571403,Sourcing Allowed,false,Karnataka
571404,Sourcing Allowed,false,Karnataka
571405,Sourcing Allowed,false,Karnataka
571415,Sourcing Allowed,false,Karnataka
571416,Sourcing Allowed,false,Karnataka
571417,Sourcing Allowed,false,Karnataka
571418,Sourcing Allowed,false,Karnataka
571419,Sourcing Allowed,false,Karnataka
571421,Sourcing Allowed,false,Karnataka
571422,Sourcing Allowed,false,Karnataka
571423,Sourcing Allowed,false,Karnataka
571424,Sourcing Allowed,false,Karnataka
571425,Sourcing Allowed,false,Karnataka
571426,Sourcing Allowed,false,Karnataka
571427,Sourcing Allowed,false,Karnataka
571428,Sourcing Allowed,false,Karnataka
571429,Sourcing Allowed,false,Karnataka
571430,Sourcing Allowed,false,Karnataka
571431,Sourcing Allowed,false,Karnataka
571432,Sourcing Allowed,false,Karnataka
571433,Sourcing Allowed,false,Karnataka
571434,Sourcing Allowed,false,Karnataka
571435,Sourcing Allowed,false,Karnataka
571436,Sourcing Allowed,false,Karnataka
571437,Sourcing Allowed,false,Karnataka
571438,Sourcing Allowed,false,Karnataka
571439,Sourcing Allowed,false,Karnataka
571440,Sourcing Allowed,false,Karnataka
571441,Sourcing Allowed,false,Karnataka
571443,Sourcing Allowed,false,Karnataka
571444,Sourcing Allowed,false,Karnataka
571445,Sourcing Allowed,false,Karnataka
571446,Sourcing Allowed,false,Karnataka
571450,Sourcing Allowed,false,Karnataka
571455,Sourcing Allowed,false,Karnataka
571457,Sourcing Allowed,false,Karnataka
571463,Sourcing Allowed,false,Karnataka
571475,Sourcing Allowed,false,Karnataka
571476,Sourcing Allowed,false,Karnataka
571477,Sourcing Allowed,false,Karnataka
571478,Sourcing Allowed,false,Karnataka
571490,Sourcing Allowed,false,Karnataka
571491,Sourcing Allowed,false,Karnataka
571502,Sourcing Allowed - Prime,true,Karnataka
571511,Sourcing Allowed - Prime,true,Karnataka
571601,Sourcing Allowed,false,Karnataka
571602,Sourcing Allowed,false,Karnataka
571603,Sourcing Allowed,false,Karnataka
571604,Sourcing Allowed,false,Karnataka
571605,Sourcing Allowed,false,Karnataka
571606,Sourcing Allowed,false,Karnataka
571607,Sourcing Allowed,false,Karnataka
571608,Sourcing Allowed,false,Karnataka
571610,Sourcing Allowed,false,Karnataka
571617,Sourcing Allowed,false,Karnataka
571802,Sourcing Allowed,false,Karnataka
571807,Sourcing Allowed,false,Karnataka
571810,Sourcing Allowed,false,Karnataka
571811,Sourcing Allowed,false,Karnataka
571812,Sourcing Allowed,false,Karnataka
572101,Sourcing Allowed,false,Karnataka
572102,Sourcing Allowed,false,Karnataka
572103,Sourcing Allowed,false,Karnataka
572104,Sourcing Allowed,false,Karnataka
572105,Sourcing Allowed,false,Karnataka
572106,Sourcing Allowed,false,Karnataka
572107,Sourcing Allowed,false,Karnataka
572111,Sourcing Allowed,false,Karnataka
572112,Sourcing Allowed,false,Karnataka
572113,Sourcing Allowed,false,Karnataka
572114,Sourcing Allowed,false,Karnataka
572115,Sourcing Allowed,false,Karnataka
572116,Sourcing Allowed,false,Karnataka
572117,Sourcing Allowed,false,Karnataka
572118,Sourcing Allowed,false,Karnataka
572119,Sourcing Allowed,false,Karnataka
572120,Sourcing Allowed,false,Karnataka
572121,Sourcing Allowed,false,Karnataka
572122,Sourcing Allowed,false,Karnataka
572123,Sourcing Allowed,false,Karnataka
572124,Sourcing Allowed,false,Karnataka
572125,Sourcing Allowed,false,Karnataka
572126,Sourcing Allowed,false,Karnataka
572127,Sourcing Allowed,false,Karnataka
572128,Sourcing Allowed,false,Karnataka
572129,Sourcing Allowed,false,Karnataka
572130,Sourcing Allowed,false,Karnataka
572132,Sourcing Allowed,false,Karnataka
572133,Sourcing Allowed,false,Karnataka
572134,Sourcing Allowed,false,Karnataka
572135,Sourcing Allowed,false,Karnataka
572136,Sourcing Allowed,false,Karnataka
572137,Sourcing Allowed,false,Karnataka
572138,Sourcing Allowed,false,Karnataka
572139,Sourcing Allowed,false,Karnataka
572140,Sourcing Allowed,false,Karnataka
572141,Sourcing Allowed,false,Karnataka
572142,Sourcing Allowed,false,Karnataka
572143,Sourcing Allowed,false,Karnataka
572144,Sourcing Allowed,false,Karnataka
572145,Sourcing Allowed,false,Karnataka
572163,Sourcing Allowed,false,Karnataka
572168,Sourcing Allowed,false,Karnataka
572175,Sourcing Allowed,false,Karnataka
572201,Sourcing Allowed,false,Karnataka
572202,Sourcing Allowed,false,Karnataka
572212,Sourcing Allowed,false,Karnataka
572213,Sourcing Allowed,false,Karnataka
572214,Sourcing Allowed,false,Karnataka
572215,Sourcing Allowed,false,Karnataka
572216,Sourcing Allowed,false,Karnataka
572217,Sourcing Allowed,false,Karnataka
572218,Sourcing Allowed,false,Karnataka
572219,Sourcing Allowed,false,Karnataka
572220,Sourcing Allowed,false,Karnataka
572221,Sourcing Allowed,false,Karnataka
572222,Sourcing Allowed,false,Karnataka
572223,Sourcing Allowed,false,Karnataka
572224,Sourcing Allowed,false,Karnataka
572225,Sourcing Allowed,false,Karnataka
572226,Sourcing Allowed,false,Karnataka
572227,Sourcing Allowed,false,Karnataka
572228,Sourcing Allowed,false,Karnataka
573101,Sourcing Allowed,false,Karnataka
573102,Sourcing Allowed,false,Karnataka
573103,Sourcing Allowed,false,Karnataka
573111,Sourcing Allowed,false,Karnataka
573112,Sourcing Allowed,false,Karnataka
573113,Sourcing Allowed,false,Karnataka
573114,Sourcing Allowed,false,Karnataka
573115,Sourcing Allowed,false,Karnataka
573116,Sourcing Allowed,false,Karnataka
573117,Sourcing Allowed,false,Karnataka
573118,Sourcing Allowed,false,Karnataka
573119,Sourcing Allowed,false,Karnataka
573120,Sourcing Allowed,false,Karnataka
573121,Sourcing Allowed,false,Karnataka
573122,Sourcing Allowed,false,Karnataka
573123,Sourcing Allowed,false,Karnataka
573124,Sourcing Allowed,false,Karnataka
573125,Sourcing Allowed,false,Karnataka
573126,Sourcing Allowed,false,Karnataka
573127,Sourcing Allowed,false,Karnataka
573128,Sourcing Allowed,false,Karnataka
573129,Sourcing Allowed,false,Karnataka
573130,Sourcing Allowed,false,Karnataka
573131,Sourcing Allowed,false,Karnataka
573132,Sourcing Allowed,false,Karnataka
573133,Sourcing Allowed,false,Karnataka
573134,Sourcing Allowed,false,Karnataka
573135,Sourcing Allowed,false,Karnataka
573136,Sourcing Allowed,false,Karnataka
573137,Sourcing Allowed,false,Karnataka
573139,Sourcing Allowed,false,Karnataka
573141,Sourcing Allowed,false,Karnataka
573142,Sourcing Allowed,false,Karnataka
573144,Sourcing Allowed,false,Karnataka
573150,Sourcing Allowed,false,Karnataka
573162,Sourcing Allowed,false,Karnataka
573164,Sourcing Allowed,false,Karnataka
573165,Sourcing Allowed,false,Karnataka
573201,Sourcing Allowed,false,Karnataka
573202,Sourcing Allowed,false,Karnataka
573210,Sourcing Allowed,false,Karnataka
573211,Sourcing Allowed,false,Karnataka
573212,Sourcing Allowed,false,Karnataka
573213,Sourcing Allowed,false,Karnataka
573214,Sourcing Allowed,false,Karnataka
573215,Sourcing Allowed,false,Karnataka
573216,Sourcing Allowed,false,Karnataka
573217,Sourcing Allowed,false,Karnataka
573218,Sourcing Allowed,false,Karnataka
573219,Sourcing Allowed,false,Karnataka
573220,Sourcing Allowed,false,Karnataka
573225,Sourcing Allowed,false,Karnataka
573226,Sourcing Allowed,false,Karnataka
574101,Sourcing Allowed,false,Karnataka
574102,Sourcing Allowed,false,Karnataka
574103,Sourcing Allowed,false,Karnataka
574104,Sourcing Allowed,false,Karnataka
574105,Sourcing Allowed,false,Karnataka
574106,Sourcing Allowed,false,Karnataka
574107,Sourcing Allowed,false,Karnataka
574108,Sourcing Allowed,false,Karnataka
574109,Sourcing Allowed,false,Karnataka
574110,Sourcing Allowed,false,Karnataka
574111,Sourcing Allowed,false,Karnataka
574112,Sourcing Allowed,false,Karnataka
574113,Sourcing Allowed,false,Karnataka
574114,Sourcing Allowed,false,Karnataka
574115,Sourcing Allowed,false,Karnataka
574116,Sourcing Allowed,false,Karnataka
574117,Sourcing Allowed,false,Karnataka
574118,Sourcing Allowed,false,Karnataka
574119,Sourcing Allowed,false,Karnataka
574122,Sourcing Allowed,false,Karnataka
574129,Sourcing Allowed,false,Karnataka
574138,Sourcing Allowed,false,Karnataka
574141,Sourcing Allowed,false,Karnataka
574142,Sourcing Allowed,false,Karnataka
574143,Sourcing Allowed,false,Karnataka
574144,Sourcing Allowed,false,Karnataka
574145,Sourcing Allowed,false,Karnataka
574146,Sourcing Allowed,false,Karnataka
574148,Sourcing Allowed,false,Karnataka
574150,Sourcing Allowed,false,Karnataka
574151,Sourcing Allowed,false,Karnataka
574153,Sourcing Allowed,false,Karnataka
574154,Sourcing Allowed,false,Karnataka
574160,Sourcing Allowed,false,Karnataka
574162,Sourcing Allowed,false,Karnataka
574164,Sourcing Allowed,false,Karnataka
574165,Sourcing Allowed,false,Karnataka
574166,Sourcing Allowed,false,Karnataka
574169,Sourcing Allowed,false,Karnataka
574173,Sourcing Allowed,false,Karnataka
574179,Sourcing Allowed,false,Karnataka
574180,Sourcing Allowed,false,Karnataka
574189,Sourcing Allowed,false,Karnataka
574197,Sourcing Allowed,false,Karnataka
574198,Sourcing Allowed,false,Karnataka
574199,Sourcing Allowed,false,Karnataka
574201,Sourcing Allowed,false,Karnataka
574202,Sourcing Allowed,false,Karnataka
574203,Sourcing Allowed,false,Karnataka
574210,Sourcing Allowed,false,Karnataka
574211,Sourcing Allowed,false,Karnataka
574212,Sourcing Allowed,false,Karnataka
574213,Sourcing Allowed,false,Karnataka
574214,Sourcing Allowed,false,Karnataka
574216,Sourcing Allowed,false,Karnataka
574217,Sourcing Allowed,false,Karnataka
574218,Sourcing Allowed,false,Karnataka
574219,Sourcing Allowed,false,Karnataka
574220,Sourcing Allowed,false,Karnataka
574221,Sourcing Allowed,false,Karnataka
574222,Sourcing Allowed,false,Karnataka
574223,Sourcing Allowed,false,Karnataka
574224,Sourcing Allowed,false,Karnataka
574225,Sourcing Allowed,false,Karnataka
574226,Sourcing Allowed,false,Karnataka
574227,Sourcing Allowed,false,Karnataka
574228,Sourcing Allowed,false,Karnataka
574229,Sourcing Allowed,false,Karnataka
574230,Sourcing Allowed,false,Karnataka
574231,Sourcing Allowed,false,Karnataka
574232,Sourcing Allowed,false,Karnataka
574233,Sourcing Allowed,false,Karnataka
574234,Sourcing Allowed,false,Karnataka
574235,Sourcing Allowed,false,Karnataka
574236,Sourcing Allowed,false,Karnataka
574237,Sourcing Allowed,false,Karnataka
574238,Sourcing Allowed,false,Karnataka
574239,Sourcing Allowed,false,Karnataka
574240,Sourcing Allowed,false,Karnataka
574241,Sourcing Allowed,false,Karnataka
574242,Sourcing Allowed,false,Karnataka
574243,Sourcing Allowed,false,Karnataka
574244,Sourcing Allowed,false,Karnataka
574248,Sourcing Allowed,false,Karnataka
574253,Sourcing Allowed,false,Karnataka
574258,Sourcing Allowed,false,Karnataka
574259,Sourcing Allowed,false,Karnataka
574260,Sourcing Allowed,false,Karnataka
574264,Sourcing Allowed,false,Karnataka
574265,Sourcing Allowed,false,Karnataka
574266,Sourcing Allowed,false,Karnataka
574267,Sourcing Allowed,false,Karnataka
574272,Sourcing Allowed,false,Karnataka
574274,Sourcing Allowed,false,Karnataka
574279,Sourcing Allowed,false,Karnataka
574285,Sourcing Allowed,false,Karnataka
574301,Sourcing Allowed,false,Karnataka
574313,Sourcing Allowed,false,Karnataka
574314,Sourcing Allowed,false,Karnataka
574323,Sourcing Allowed,false,Karnataka
574324,Sourcing Allowed,false,Karnataka
574325,Sourcing Allowed,false,Karnataka
574326,Sourcing Allowed,false,Karnataka
574327,Sourcing Allowed,false,Karnataka
574328,Sourcing Allowed,false,Karnataka
574504,Sourcing Allowed,false,Karnataka
574509,Sourcing Allowed,false,Karnataka
575001,Sourcing Allowed,false,Karnataka
575002,Sourcing Allowed,false,Karnataka
575003,Sourcing Allowed,false,Karnataka
575004,Sourcing Allowed,false,Karnataka
575005,Sourcing Allowed,false,Karnataka
575006,Sourcing Allowed,false,Karnataka
575007,Sourcing Allowed,false,Karnataka
575008,Sourcing Allowed,false,Karnataka
575009,Sourcing Allowed,false,Karnataka
575010,Sourcing Allowed,false,Karnataka
575011,Sourcing Allowed,false,Karnataka
575013,Sourcing Allowed,false,Karnataka
575014,Sourcing Allowed,false,Karnataka
575015,Sourcing Allowed,false,Karnataka
575016,Sourcing Allowed,false,Karnataka
575017,Sourcing Allowed,false,Karnataka
575018,Sourcing Allowed,false,Karnataka
575019,Sourcing Allowed,false,Karnataka
575020,Sourcing Allowed,false,Karnataka
575021,Sourcing Allowed,false,Karnataka
575022,Sourcing Allowed,false,Karnataka
575023,Sourcing Allowed,false,Karnataka
575025,Sourcing Allowed,false,Karnataka
575027,Sourcing Allowed,false,Karnataka
575028,Sourcing Allowed,false,Karnataka
575029,Sourcing Allowed,false,Karnataka
575030,Sourcing Allowed,false,Karnataka
575328,Sourcing Allowed,false,Karnataka
576101,Sourcing Allowed,false,Karnataka
576102,Sourcing Allowed,false,Karnataka
576103,Sourcing Allowed,false,Karnataka
576104,Sourcing Allowed,false,Karnataka
576105,Sourcing Allowed,false,Karnataka
576106,Sourcing Allowed,false,Karnataka
576107,Sourcing Allowed,false,Karnataka
576108,Sourcing Allowed,false,Karnataka
576111,Sourcing Allowed,false,Karnataka
576112,Sourcing Allowed,false,Karnataka
576113,Sourcing Allowed,false,Karnataka
576114,Sourcing Allowed,false,Karnataka
576115,Sourcing Allowed,false,Karnataka
576117,Sourcing Allowed,false,Karnataka
576120,Sourcing Allowed,false,Karnataka
576121,Sourcing Allowed,false,Karnataka
576122,Sourcing Allowed,false,Karnataka
576124,Sourcing Allowed,false,Karnataka
576128,Sourcing Allowed,false,Karnataka
576201,Sourcing Allowed,false,Karnataka
576210,Sourcing Allowed,false,Karnataka
576211,Sourcing Allowed,false,Karnataka
576212,Sourcing Allowed,false,Karnataka
576213,Sourcing Allowed,false,Karnataka
576214,Sourcing Allowed,false,Karnataka
576215,Sourcing Allowed,false,Karnataka
576216,Sourcing Allowed,false,Karnataka
576217,Sourcing Allowed,false,Karnataka
576218,Sourcing Allowed,false,Karnataka
576219,Sourcing Allowed,false,Karnataka
576220,Sourcing Allowed,false,Karnataka
576221,Sourcing Allowed,false,Karnataka
576222,Sourcing Allowed,false,Karnataka
576223,Sourcing Allowed,false,Karnataka
576224,Sourcing Allowed,false,Karnataka
576225,Sourcing Allowed,false,Karnataka
576226,Sourcing Allowed,false,Karnataka
576227,Sourcing Allowed,false,Karnataka
576228,Sourcing Allowed,false,Karnataka
576229,Sourcing Allowed,false,Karnataka
576230,Sourcing Allowed,false,Karnataka
576231,Sourcing Allowed,false,Karnataka
576232,Sourcing Allowed,false,Karnataka
576233,Sourcing Allowed,false,Karnataka
576234,Sourcing Allowed,false,Karnataka
576235,Sourcing Allowed,false,Karnataka
576247,Sourcing Allowed,false,Karnataka
576257,Sourcing Allowed,false,Karnataka
576282,Sourcing Allowed,false,Karnataka
576283,Sourcing Allowed,false,Karnataka
577001,Sourcing Allowed,false,Karnataka
577002,Sourcing Allowed,false,Karnataka
577003,Sourcing Allowed,false,Karnataka
577004,Sourcing Allowed,false,Karnataka
577005,Sourcing Allowed,false,Karnataka
577006,Sourcing Allowed,false,Karnataka
577007,Sourcing Allowed,false,Karnataka
577101,Sourcing Allowed,false,Karnataka
577102,Sourcing Allowed,false,Karnataka
577111,Sourcing Allowed,false,Karnataka
577112,Sourcing Allowed,false,Karnataka
577113,Sourcing Allowed,false,Karnataka
577114,Sourcing Allowed,false,Karnataka
577115,Sourcing Allowed,false,Karnataka
577116,Sourcing Allowed,false,Karnataka
577117,Sourcing Allowed,false,Karnataka
577118,Sourcing Allowed,false,Karnataka
577119,Sourcing Allowed,false,Karnataka
577120,Sourcing Allowed,false,Karnataka
577121,Sourcing Allowed,false,Karnataka
577122,Sourcing Allowed,false,Karnataka
577123,Sourcing Allowed,false,Karnataka
577124,Sourcing Allowed,false,Karnataka
577125,Sourcing Allowed,false,Karnataka
577126,Sourcing Allowed,false,Karnataka
577127,Sourcing Allowed,false,Karnataka
577128,Sourcing Allowed,false,Karnataka
577129,Sourcing Allowed,false,Karnataka
577130,Sourcing Allowed,false,Karnataka
577131,Sourcing Allowed,false,Karnataka
577132,Sourcing Allowed,false,Karnataka
577133,Sourcing Allowed,false,Karnataka
577134,Sourcing Allowed,false,Karnataka
577135,Sourcing Allowed,false,Karnataka
577136,Sourcing Allowed,false,Karnataka
577137,Sourcing Allowed,false,Karnataka
577138,Sourcing Allowed,false,Karnataka
577139,Sourcing Allowed,false,Karnataka
577140,Sourcing Allowed,false,Karnataka
577142,Sourcing Allowed,false,Karnataka
577144,Sourcing Allowed,false,Karnataka
577145,Sourcing Allowed,false,Karnataka
577146,Sourcing Allowed,false,Karnataka
577160,Sourcing Allowed,false,Karnataka
577168,Sourcing Allowed,false,Karnataka
577175,Sourcing Allowed,false,Karnataka
577179,Sourcing Allowed,false,Karnataka
577180,Sourcing Allowed,false,Karnataka
577181,Sourcing Allowed,false,Karnataka
577182,Sourcing Allowed,false,Karnataka
577201,Sourcing Allowed,false,Karnataka
577202,Sourcing Allowed,false,Karnataka
577203,Sourcing Allowed,false,Karnataka
577204,Sourcing Allowed,false,Karnataka
577205,Sourcing Allowed,false,Karnataka
577211,Sourcing Allowed,false,Karnataka
577213,Sourcing Allowed,false,Karnataka
577214,Sourcing Allowed,false,Karnataka
577215,Sourcing Allowed,false,Karnataka
577216,Sourcing Allowed,false,Karnataka
577217,Sourcing Allowed,false,Karnataka
577218,Sourcing Allowed,false,Karnataka
577219,Sourcing Allowed,false,Karnataka
577220,Sourcing Allowed,false,Karnataka
577221,Sourcing Allowed,false,Karnataka
577222,Sourcing Allowed,false,Karnataka
577223,Sourcing Allowed,false,Karnataka
577224,Sourcing Allowed,false,Karnataka
577225,Sourcing Allowed,false,Karnataka
577226,Sourcing Allowed,false,Karnataka
577227,Sourcing Allowed,false,Karnataka
577228,Sourcing Allowed,false,Karnataka
577229,Sourcing Allowed,false,Karnataka
577230,Sourcing Allowed,false,Karnataka
577231,Sourcing Allowed,false,Karnataka
577232,Sourcing Allowed,false,Karnataka
577233,Sourcing Allowed,false,Karnataka
577243,Sourcing Allowed,false,Karnataka
577245,Sourcing Allowed,false,Karnataka
577301,Sourcing Allowed,false,Karnataka
577302,Sourcing Allowed,false,Karnataka
577401,Sourcing Allowed,false,Karnataka
577411,Sourcing Allowed,false,Karnataka
577412,Sourcing Allowed,false,Karnataka
577413,Sourcing Allowed,false,Karnataka
577414,Sourcing Allowed,false,Karnataka
577415,Sourcing Allowed,false,Karnataka
577416,Sourcing Allowed,false,Karnataka
577417,Sourcing Allowed,false,Karnataka
577418,Sourcing Allowed,false,Karnataka
577419,Sourcing Allowed,false,Karnataka
577421,Sourcing Allowed,false,Karnataka
577422,Sourcing Allowed,false,Karnataka
577423,Sourcing Allowed,false,Karnataka
577424,Sourcing Allowed,false,Karnataka
577425,Sourcing Allowed,false,Karnataka
577426,Sourcing Allowed,false,Karnataka
577427,Sourcing Allowed,false,Karnataka
577428,Sourcing Allowed,false,Karnataka
577429,Sourcing Allowed,false,Karnataka
577430,Sourcing Allowed,false,Karnataka
577431,Sourcing Allowed,false,Karnataka
577432,Sourcing Allowed,false,Karnataka
577433,Sourcing Allowed,false,Karnataka
577434,Sourcing Allowed,false,Karnataka
577435,Sourcing Allowed,false,Karnataka
577436,Sourcing Allowed,false,Karnataka
577444,Sourcing Allowed,false,Karnataka
577447,Sourcing Allowed,false,Karnataka
577448,Sourcing Allowed,false,Karnataka
577450,Sourcing Allowed,false,Karnataka
577451,Sourcing Allowed,false,Karnataka
577452,Sourcing Allowed,false,Karnataka
577453,Sourcing Allowed,false,Karnataka
577501,Sourcing Allowed,false,Karnataka
577502,Sourcing Allowed,false,Karnataka
577511,Sourcing Allowed,false,Karnataka
577512,Sourcing Allowed,false,Karnataka
577513,Sourcing Allowed,false,Karnataka
577514,Sourcing Allowed,false,Karnataka
577515,Sourcing Allowed,false,Karnataka
577516,Sourcing Allowed,false,Karnataka
577517,Sourcing Allowed,false,Karnataka
577518,Sourcing Allowed,false,Karnataka
577519,Sourcing Allowed,false,Karnataka
577520,Sourcing Allowed,false,Karnataka
577521,Sourcing Allowed,false,Karnataka
577522,Sourcing Allowed,false,Karnataka
577523,Sourcing Allowed,false,Karnataka
577524,Sourcing Allowed,false,Karnataka
577525,Sourcing Allowed,false,Karnataka
577526,Sourcing Allowed,false,Karnataka
577527,Sourcing Allowed,false,Karnataka
577528,Sourcing Allowed,false,Karnataka
577529,Sourcing Allowed,false,Karnataka
577530,Sourcing Allowed,false,Karnataka
577531,Sourcing Allowed,false,Karnataka
577532,Sourcing Allowed,false,Karnataka
577533,Sourcing Allowed,false,Karnataka
577534,Sourcing Allowed,false,Karnataka
577535,Sourcing Allowed,false,Karnataka
577536,Sourcing Allowed,false,Karnataka
577537,Sourcing Allowed,false,Karnataka
577538,Sourcing Allowed,false,Karnataka
577539,Sourcing Allowed,false,Karnataka
577540,Sourcing Allowed,false,Karnataka
577541,Sourcing Allowed,false,Karnataka
577542,Sourcing Allowed,false,Karnataka
577543,Sourcing Allowed,false,Karnataka
577544,Sourcing Allowed,false,Karnataka
577545,Sourcing Allowed,false,Karnataka
577546,Sourcing Allowed,false,Karnataka
577547,Sourcing Allowed,false,Karnataka
577548,Sourcing Allowed,false,Karnataka
577549,Sourcing Allowed,false,Karnataka
577550,Sourcing Allowed,false,Karnataka
577551,Sourcing Allowed,false,Karnataka
577552,Sourcing Allowed,false,Karnataka
577553,Sourcing Allowed,false,Karnataka
577554,Sourcing Allowed,false,Karnataka
577555,Sourcing Allowed,false,Karnataka
577556,Sourcing Allowed,false,Karnataka
577557,Sourcing Allowed,false,Karnataka
577558,Sourcing Allowed,false,Karnataka
577566,Sourcing Allowed,false,Karnataka
577589,Sourcing Allowed,false,Karnataka
577596,Sourcing Allowed,false,Karnataka
577597,Sourcing Allowed,false,Karnataka
577598,Sourcing Allowed,false,Karnataka
577599,Sourcing Allowed,false,Karnataka
577601,Sourcing Allowed,false,Karnataka
580001,Sourcing Allowed,false,Karnataka
580002,Sourcing Allowed,false,Karnataka
580003,Sourcing Allowed,false,Karnataka
580004,Sourcing Allowed,false,Karnataka
580005,Sourcing Allowed,false,Karnataka
580006,Sourcing Allowed,false,Karnataka
580007,Sourcing Allowed,false,Karnataka
580008,Sourcing Allowed,false,Karnataka
580009,Sourcing Allowed,false,Karnataka
580011,Sourcing Allowed,false,Karnataka
580020,Sourcing Allowed,false,Karnataka
580021,Sourcing Allowed,false,Karnataka
580023,Sourcing Allowed,false,Karnataka
580024,Sourcing Allowed,false,Karnataka
580025,Sourcing Allowed,false,Karnataka
580026,Sourcing Allowed,false,Karnataka
580027,Sourcing Allowed,false,Karnataka
580028,Sourcing Allowed,false,Karnataka
580029,Sourcing Allowed,false,Karnataka
580030,Sourcing Allowed,false,Karnataka
580031,Sourcing Allowed,false,Karnataka
580032,Sourcing Allowed,false,Karnataka
580112,Sourcing Allowed,false,Karnataka
580114,Sourcing Allowed,false,Karnataka
580118,Sourcing Allowed,false,Karnataka
581101,Sourcing Allowed,false,Karnataka
581102,Sourcing Allowed,false,Karnataka
581103,Sourcing Allowed,false,Karnataka
581104,Sourcing Allowed,false,Karnataka
581105,Sourcing Allowed,false,Karnataka
581106,Sourcing Allowed,false,Karnataka
581107,Sourcing Allowed,false,Karnataka
581108,Sourcing Allowed,false,Karnataka
581109,Sourcing Allowed,false,Karnataka
581110,Sourcing Allowed,false,Karnataka
581111,Sourcing Allowed,false,Karnataka
581112,Sourcing Allowed,false,Karnataka
581113,Sourcing Allowed,false,Karnataka
581115,Sourcing Allowed,false,Karnataka
581116,Sourcing Allowed,false,Karnataka
581117,Sourcing Allowed,false,Karnataka
581118,Sourcing Allowed,false,Karnataka
581119,Sourcing Allowed,false,Karnataka
581120,Sourcing Allowed,false,Karnataka
581121,Sourcing Allowed,false,Karnataka
581123,Sourcing Allowed,false,Karnataka
581126,Sourcing Allowed,false,Karnataka
581128,Sourcing Allowed,false,Karnataka
581129,Sourcing Allowed,false,Karnataka
581145,Sourcing Allowed,false,Karnataka
581148,Sourcing Allowed,false,Karnataka
581186,Sourcing Allowed,false,Karnataka
581187,Sourcing Allowed,false,Karnataka
581193,Sourcing Allowed,false,Karnataka
581195,Sourcing Allowed,false,Karnataka
581196,Sourcing Allowed,false,Karnataka
581198,Sourcing Allowed,false,Karnataka
581199,Sourcing Allowed,false,Karnataka
581201,Sourcing Allowed,false,Karnataka
581202,Sourcing Allowed,false,Karnataka
581203,Sourcing Allowed,false,Karnataka
581204,Sourcing Allowed,false,Karnataka
581205,Sourcing Allowed,false,Karnataka
581206,Sourcing Allowed,false,Karnataka
581207,Sourcing Allowed,false,Karnataka
581208,Sourcing Allowed,false,Karnataka
581209,Sourcing Allowed,false,Karnataka
581210,Sourcing Allowed,false,Karnataka
581211,Sourcing Allowed,false,Karnataka
581212,Sourcing Allowed,false,Karnataka
581213,Sourcing Allowed,false,Karnataka
581237,Sourcing Allowed,false,Karnataka
581301,Sourcing Allowed,false,Karnataka
581302,Sourcing Allowed,false,Karnataka
581303,Sourcing Allowed,false,Karnataka
581304,Sourcing Allowed,false,Karnataka
581306,Sourcing Allowed,false,Karnataka
581307,Sourcing Allowed,false,Karnataka
581308,Sourcing Allowed,false,Karnataka
581314,Sourcing Allowed,false,Karnataka
581315,Sourcing Allowed,false,Karnataka
581316,Sourcing Allowed,false,Karnataka
581317,Sourcing Allowed,false,Karnataka
581318,Sourcing Allowed,false,Karnataka
581319,Sourcing Allowed,false,Karnataka
581320,Sourcing Allowed,false,Karnataka
581321,Sourcing Allowed,false,Karnataka
581322,Sourcing Allowed,false,Karnataka
581323,Sourcing Allowed,false,Karnataka
581324,Sourcing Allowed,false,Karnataka
581325,Sourcing Allowed,false,Karnataka
581326,Sourcing Allowed,false,Karnataka
581327,Sourcing Allowed,false,Karnataka
581328,Sourcing Allowed,false,Karnataka
581329,Sourcing Allowed,false,Karnataka
581330,Sourcing Allowed,false,Karnataka
581331,Sourcing Allowed,false,Karnataka
581332,Sourcing Allowed,false,Karnataka
581333,Sourcing Allowed,false,Karnataka
581334,Sourcing Allowed,false,Karnataka
581335,Sourcing Allowed,false,Karnataka
581336,Sourcing Allowed,false,Karnataka
581337,Sourcing Allowed,false,Karnataka
581338,Sourcing Allowed,false,Karnataka
581339,Sourcing Allowed,false,Karnataka
581340,Sourcing Allowed,false,Karnataka
581341,Sourcing Allowed,false,Karnataka
581342,Sourcing Allowed,false,Karnataka
581343,Sourcing Allowed,false,Karnataka
581344,Sourcing Allowed,false,Karnataka
581345,Sourcing Allowed,false,Karnataka
581346,Sourcing Allowed,false,Karnataka
581347,Sourcing Allowed,false,Karnataka
581348,Sourcing Allowed,false,Karnataka
581349,Sourcing Allowed,false,Karnataka
581350,Sourcing Allowed,false,Karnataka
581351,Sourcing Allowed,false,Karnataka
581352,Sourcing Allowed,false,Karnataka
581353,Sourcing Allowed,false,Karnataka
581354,Sourcing Allowed,false,Karnataka
581355,Sourcing Allowed,false,Karnataka
581356,Sourcing Allowed,false,Karnataka
581357,Sourcing Allowed,false,Karnataka
581358,Sourcing Allowed,false,Karnataka
581359,Sourcing Allowed,false,Karnataka
581360,Sourcing Allowed,false,Karnataka
581361,Sourcing Allowed,false,Karnataka
581362,Sourcing Allowed,false,Karnataka
581363,Sourcing Allowed,false,Karnataka
581365,Sourcing Allowed,false,Karnataka
581384,Sourcing Allowed,false,Karnataka
581401,Sourcing Allowed,false,Karnataka
581402,Sourcing Allowed,false,Karnataka
581403,Sourcing Allowed,false,Karnataka
581411,Sourcing Allowed,false,Karnataka
581412,Sourcing Allowed,false,Karnataka
581421,Sourcing Allowed,false,Karnataka
581423,Sourcing Allowed,false,Karnataka
581440,Sourcing Allowed,false,Karnataka
581450,Sourcing Allowed,false,Karnataka
582101,Sourcing Allowed,false,Karnataka
582102,Sourcing Allowed,false,Karnataka
582103,Sourcing Allowed,false,Karnataka
582104,Sourcing Allowed,false,Karnataka
582111,Sourcing Allowed,false,Karnataka
582112,Sourcing Allowed,false,Karnataka
582113,Sourcing Allowed,false,Karnataka
582114,Sourcing Allowed,false,Karnataka
582115,Sourcing Allowed,false,Karnataka
582116,Sourcing Allowed,false,Karnataka
582117,Sourcing Allowed,false,Karnataka
582118,Sourcing Allowed,false,Karnataka
582119,Sourcing Allowed,false,Karnataka
582120,Sourcing Allowed,false,Karnataka
582201,Sourcing Allowed,false,Karnataka
582202,Sourcing Allowed,false,Karnataka
582203,Sourcing Allowed,false,Karnataka
582204,Sourcing Allowed,false,Karnataka
582205,Sourcing Allowed,false,Karnataka
582206,Sourcing Allowed,false,Karnataka
582207,Sourcing Allowed,false,Karnataka
582208,Sourcing Allowed,false,Karnataka
582209,Sourcing Allowed,false,Karnataka
582210,Sourcing Allowed,false,Karnataka
582211,Sourcing Allowed,false,Karnataka
583101,Sourcing Allowed,false,Karnataka
583102,Sourcing Allowed,false,Karnataka
583103,Sourcing Allowed,false,Karnataka
583104,Sourcing Allowed,false,Karnataka
583105,Sourcing Allowed,false,Karnataka
583111,Sourcing Allowed,false,Karnataka
583112,Sourcing Allowed,false,Karnataka
583113,Sourcing Allowed,false,Karnataka
583114,Sourcing Allowed,false,Karnataka
583115,Sourcing Allowed,false,Karnataka
583116,Sourcing Allowed,false,Karnataka
583117,Sourcing Allowed,false,Karnataka
583118,Sourcing Allowed,false,Karnataka
583119,Sourcing Allowed,false,Karnataka
583120,Sourcing Allowed,false,Karnataka
583121,Sourcing Allowed,false,Karnataka
583122,Sourcing Allowed,false,Karnataka
583123,Sourcing Allowed,false,Karnataka
583124,Sourcing Allowed,false,Karnataka
583125,Sourcing Allowed,false,Karnataka
583126,Sourcing Allowed,false,Karnataka
583127,Sourcing Allowed,false,Karnataka
583128,Sourcing Allowed,false,Karnataka
583129,Sourcing Allowed,false,Karnataka
583130,Sourcing Allowed,false,Karnataka
583131,Sourcing Allowed,false,Karnataka
583132,Sourcing Allowed,false,Karnataka
583134,Sourcing Allowed,false,Karnataka
583135,Sourcing Allowed,false,Karnataka
583136,Sourcing Allowed,false,Karnataka
583137,Sourcing Allowed,false,Karnataka
583138,Sourcing Allowed,false,Karnataka
583152,Sourcing Allowed,false,Karnataka
583153,Sourcing Allowed,false,Karnataka
583154,Sourcing Allowed,false,Karnataka
583155,Sourcing Allowed,false,Karnataka
583201,Sourcing Allowed,false,Karnataka
583203,Sourcing Allowed,false,Karnataka
583211,Sourcing Allowed,false,Karnataka
583212,Sourcing Allowed,false,Karnataka
583213,Sourcing Allowed,false,Karnataka
583214,Sourcing Allowed,false,Karnataka
583215,Sourcing Allowed,false,Karnataka
583216,Sourcing Allowed,false,Karnataka
583217,Sourcing Allowed,false,Karnataka
583218,Sourcing Allowed,false,Karnataka
583219,Sourcing Allowed,false,Karnataka
583220,Sourcing Allowed,false,Karnataka
583221,Sourcing Allowed,false,Karnataka
583222,Sourcing Allowed,false,Karnataka
583223,Sourcing Allowed,false,Karnataka
583224,Sourcing Allowed,false,Karnataka
583225,Sourcing Allowed,false,Karnataka
583226,Sourcing Allowed,false,Karnataka
583227,Sourcing Allowed,false,Karnataka
583228,Sourcing Allowed,false,Karnataka
583229,Sourcing Allowed,false,Karnataka
583230,Sourcing Allowed,false,Karnataka
583231,Sourcing Allowed,false,Karnataka
583232,Sourcing Allowed,false,Karnataka
583233,Sourcing Allowed,false,Karnataka
583234,Sourcing Allowed,false,Karnataka
583235,Sourcing Allowed,false,Karnataka
583236,Sourcing Allowed,false,Karnataka
583237,Sourcing Allowed,false,Karnataka
583238,Sourcing Allowed,false,Karnataka
583239,Sourcing Allowed,false,Karnataka
583268,Sourcing Allowed,false,Karnataka
583273,Sourcing Allowed,false,Karnataka
583275,Sourcing Allowed,false,Karnataka
583276,Sourcing Allowed,false,Karnataka
583286,Sourcing Allowed,false,Karnataka
584101,Sourcing Allowed,false,Karnataka
584102,Sourcing Allowed,false,Karnataka
584103,Sourcing Allowed,false,Karnataka
584104,Sourcing Allowed,false,Karnataka
584111,Sourcing Allowed,false,Karnataka
584113,Sourcing Allowed,false,Karnataka
584114,Sourcing Allowed,false,Karnataka
584115,Sourcing Allowed,false,Karnataka
584116,Sourcing Allowed,false,Karnataka
584118,Sourcing Allowed,false,Karnataka
584120,Sourcing Allowed,false,Karnataka
584122,Sourcing Allowed,false,Karnataka
584123,Sourcing Allowed,false,Karnataka
584124,Sourcing Allowed,false,Karnataka
584125,Sourcing Allowed,false,Karnataka
584126,Sourcing Allowed,false,Karnataka
584127,Sourcing Allowed,false,Karnataka
584128,Sourcing Allowed,false,Karnataka
584129,Sourcing Allowed,false,Karnataka
584132,Sourcing Allowed,false,Karnataka
584133,Sourcing Allowed,false,Karnataka
584134,Sourcing Allowed,false,Karnataka
584135,Sourcing Allowed,false,Karnataka
584136,Sourcing Allowed,false,Karnataka
584138,Sourcing Allowed,false,Karnataka
584139,Sourcing Allowed,false,Karnataka
584140,Sourcing Allowed,false,Karnataka
584143,Sourcing Allowed,false,Karnataka
584167,Sourcing Allowed,false,Karnataka
584170,Sourcing Allowed,false,Karnataka
584202,Sourcing Allowed,false,Karnataka
584203,Sourcing Allowed,false,Karnataka
585101,Sourcing Allowed,false,Karnataka
585102,Sourcing Allowed,false,Karnataka
585103,Sourcing Allowed,false,Karnataka
585104,Sourcing Allowed,false,Karnataka
585105,Sourcing Allowed,false,Karnataka
585106,Sourcing Allowed,false,Karnataka
585201,Sourcing Allowed,false,Karnataka
585202,Sourcing Allowed,false,Karnataka
585210,Sourcing Allowed,false,Karnataka
585211,Sourcing Allowed,false,Karnataka
585212,Sourcing Allowed,false,Karnataka
585213,Sourcing Allowed,false,Karnataka
585214,Sourcing Allowed,false,Karnataka
585215,Sourcing Allowed,false,Karnataka
585216,Sourcing Allowed,false,Karnataka
585217,Sourcing Allowed,false,Karnataka
585218,Sourcing Allowed,false,Karnataka
585219,Sourcing Allowed,false,Karnataka
585220,Sourcing Allowed,false,Karnataka
585221,Sourcing Allowed,false,Karnataka
585222,Sourcing Allowed,false,Karnataka
585223,Sourcing Allowed,false,Karnataka
585224,Sourcing Allowed,false,Karnataka
585225,Sourcing Allowed,false,Karnataka
585226,Sourcing Allowed,false,Karnataka
585227,Sourcing Allowed,false,Karnataka
585228,Sourcing Allowed,false,Karnataka
585229,Sourcing Allowed,false,Karnataka
585236,Sourcing Allowed,false,Karnataka
585237,Sourcing Allowed,false,Karnataka
585265,Sourcing Allowed,false,Karnataka
585287,Sourcing Allowed,false,Karnataka
585290,Sourcing Allowed,false,Karnataka
585291,Sourcing Allowed,false,Karnataka
585292,Sourcing Allowed,false,Karnataka
585301,Sourcing Allowed,false,Karnataka
585302,Sourcing Allowed,false,Karnataka
585303,Sourcing Allowed,false,Karnataka
585304,Sourcing Allowed,false,Karnataka
585305,Sourcing Allowed,false,Karnataka
585306,Sourcing Allowed,false,Karnataka
585307,Sourcing Allowed,false,Karnataka
585308,Sourcing Allowed,false,Karnataka
585309,Sourcing Allowed,false,Karnataka
585310,Sourcing Allowed,false,Karnataka
585311,Sourcing Allowed,false,Karnataka
585312,Sourcing Allowed,false,Karnataka
585313,Sourcing Allowed,false,Karnataka
585314,Sourcing Allowed,false,Karnataka
585315,Sourcing Allowed,false,Karnataka
585316,Sourcing Allowed,false,Karnataka
585317,Sourcing Allowed,false,Karnataka
585318,Sourcing Allowed,false,Karnataka
585319,Sourcing Allowed,false,Karnataka
585320,Sourcing Allowed,false,Karnataka
585321,Sourcing Allowed,false,Karnataka
585322,Sourcing Allowed,false,Karnataka
585323,Sourcing Allowed,false,Karnataka
585324,Sourcing Allowed,false,Karnataka
585325,Sourcing Allowed,false,Karnataka
585326,Sourcing Allowed,false,Karnataka
585327,Sourcing Allowed,false,Karnataka
585328,Sourcing Allowed,false,Karnataka
585329,Sourcing Allowed,false,Karnataka
585330,Sourcing Allowed,false,Karnataka
585331,Sourcing Allowed,false,Karnataka
585353,Sourcing Allowed,false,Karnataka
585355,Sourcing Allowed,false,Karnataka
585401,Sourcing Allowed,false,Karnataka
585402,Sourcing Allowed,false,Karnataka
585403,Sourcing Allowed,false,Karnataka
585411,Sourcing Allowed,false,Karnataka
585412,Sourcing Allowed,false,Karnataka
585413,Sourcing Allowed,false,Karnataka
585414,Sourcing Allowed,false,Karnataka
585415,Sourcing Allowed,false,Karnataka
585416,Sourcing Allowed,false,Karnataka
585417,Sourcing Allowed,false,Karnataka
585418,Sourcing Allowed,false,Karnataka
585419,Sourcing Allowed,false,Karnataka
585421,Sourcing Allowed,false,Karnataka
585436,Sourcing Allowed,false,Karnataka
585437,Sourcing Allowed,false,Karnataka
585443,Sourcing Allowed,false,Karnataka
585444,Sourcing Allowed,false,Karnataka
585445,Sourcing Allowed,false,Karnataka
585447,Sourcing Allowed,false,Karnataka
586101,Sourcing Allowed,false,Karnataka
586102,Sourcing Allowed,false,Karnataka
586103,Sourcing Allowed,false,Karnataka
586104,Sourcing Allowed,false,Karnataka
586108,Sourcing Allowed,false,Karnataka
586109,Sourcing Allowed,false,Karnataka
586111,Sourcing Allowed,false,Karnataka
586112,Sourcing Allowed,false,Karnataka
586113,Sourcing Allowed,false,Karnataka
586114,Sourcing Allowed,false,Karnataka
586115,Sourcing Allowed,false,Karnataka
586116,Sourcing Allowed,false,Karnataka
586117,Sourcing Allowed,false,Karnataka
586118,Sourcing Allowed,false,Karnataka
586119,Sourcing Allowed,false,Karnataka
586120,Sourcing Allowed,false,Karnataka
586121,Sourcing Allowed,false,Karnataka
586122,Sourcing Allowed,false,Karnataka
586123,Sourcing Allowed,false,Karnataka
586124,Sourcing Allowed,false,Karnataka
586125,Sourcing Allowed,false,Karnataka
586126,Sourcing Allowed,false,Karnataka
586127,Sourcing Allowed,false,Karnataka
586128,Sourcing Allowed,false,Karnataka
586129,Sourcing Allowed,false,Karnataka
586130,Sourcing Allowed,false,Karnataka
586201,Sourcing Allowed,false,Karnataka
586202,Sourcing Allowed,false,Karnataka
586203,Sourcing Allowed,false,Karnataka
586204,Sourcing Allowed,false,Karnataka
586205,Sourcing Allowed,false,Karnataka
586206,Sourcing Allowed,false,Karnataka
586207,Sourcing Allowed,false,Karnataka
586208,Sourcing Allowed,false,Karnataka
586209,Sourcing Allowed,false,Karnataka
586210,Sourcing Allowed,false,Karnataka
586211,Sourcing Allowed,false,Karnataka
586212,Sourcing Allowed,false,Karnataka
586213,Sourcing Allowed,false,Karnataka
586214,Sourcing Allowed,false,Karnataka
586215,Sourcing Allowed,false,Karnataka
586216,Sourcing Allowed,false,Karnataka
586217,Sourcing Allowed,false,Karnataka
587101,Sourcing Allowed,false,Karnataka
587102,Sourcing Allowed,false,Karnataka
587103,Sourcing Allowed,false,Karnataka
587104,Sourcing Allowed,false,Karnataka
587111,Sourcing Allowed,false,Karnataka
587112,Sourcing Allowed,false,Karnataka
587113,Sourcing Allowed,false,Karnataka
587114,Sourcing Allowed,false,Karnataka
587115,Sourcing Allowed,false,Karnataka
587116,Sourcing Allowed,false,Karnataka
587117,Sourcing Allowed,false,Karnataka
587118,Sourcing Allowed,false,Karnataka
587119,Sourcing Allowed,false,Karnataka
587120,Sourcing Allowed,false,Karnataka
587121,Sourcing Allowed,false,Karnataka
587122,Sourcing Allowed,false,Karnataka
587124,Sourcing Allowed,false,Karnataka
587125,Sourcing Allowed,false,Karnataka
587154,Sourcing Allowed,false,Karnataka
587155,Sourcing Allowed,false,Karnataka
587156,Sourcing Allowed,false,Karnataka
587201,Sourcing Allowed,false,Karnataka
587202,Sourcing Allowed,false,Karnataka
587203,Sourcing Allowed,false,Karnataka
587204,Sourcing Allowed,false,Karnataka
587205,Sourcing Allowed,false,Karnataka
587206,Sourcing Allowed,false,Karnataka
587207,Sourcing Allowed,false,Karnataka
587301,Sourcing Allowed,false,Karnataka
587311,Sourcing Allowed,false,Karnataka
587312,Sourcing Allowed,false,Karnataka
587313,Sourcing Allowed,false,Karnataka
587314,Sourcing Allowed,false,Karnataka
587315,Sourcing Allowed,false,Karnataka
587316,Sourcing Allowed,false,Karnataka
587330,Sourcing Allowed,false,Karnataka
587331,Sourcing Allowed,false,Karnataka
590001,Sourcing Allowed,false,Karnataka
590003,Sourcing Allowed,false,Karnataka
590005,Sourcing Allowed,false,Karnataka
590006,Sourcing Allowed,false,Karnataka
590008,Sourcing Allowed,false,Karnataka
590009,Sourcing Allowed,false,Karnataka
590010,Sourcing Allowed,false,Karnataka
590011,Sourcing Allowed,false,Karnataka
590014,Sourcing Allowed,false,Karnataka
590015,Sourcing Allowed,false,Karnataka
590016,Sourcing Allowed,false,Karnataka
590017,Sourcing Allowed,false,Karnataka
590018,Sourcing Allowed,false,Karnataka
590019,Sourcing Allowed,false,Karnataka
590020,Sourcing Allowed,false,Karnataka
591101,Sourcing Allowed,false,Karnataka
591102,Sourcing Allowed,false,Karnataka
591103,Sourcing Allowed,false,Karnataka
591104,Sourcing Allowed,false,Karnataka
591106,Sourcing Allowed,false,Karnataka
591107,Sourcing Allowed,false,Karnataka
591108,Sourcing Allowed,false,Karnataka
591109,Sourcing Allowed,false,Karnataka
591110,Sourcing Allowed,false,Karnataka
591111,Sourcing Allowed,false,Karnataka
591112,Sourcing Allowed,false,Karnataka
591113,Sourcing Allowed,false,Karnataka
591114,Sourcing Allowed,false,Karnataka
591115,Sourcing Allowed,false,Karnataka
591116,Sourcing Allowed,false,Karnataka
591117,Sourcing Allowed,false,Karnataka
591118,Sourcing Allowed,false,Karnataka
591119,Sourcing Allowed,false,Karnataka
591120,Sourcing Allowed,false,Karnataka
591121,Sourcing Allowed,false,Karnataka
591122,Sourcing Allowed,false,Karnataka
591123,Sourcing Allowed,false,Karnataka
591124,Sourcing Allowed,false,Karnataka
591125,Sourcing Allowed,false,Karnataka
591126,Sourcing Allowed,false,Karnataka
591127,Sourcing Allowed,false,Karnataka
591128,Sourcing Allowed,false,Karnataka
591129,Sourcing Allowed,false,Karnataka
591130,Sourcing Allowed,false,Karnataka
591131,Sourcing Allowed,false,Karnataka
591136,Sourcing Allowed,false,Karnataka
591143,Sourcing Allowed,false,Karnataka
591147,Sourcing Allowed,false,Karnataka
591153,Sourcing Allowed,false,Karnataka
591156,Sourcing Allowed,false,Karnataka
591173,Sourcing Allowed,false,Karnataka
591201,Sourcing Allowed,false,Karnataka
591211,Sourcing Allowed,false,Karnataka
591212,Sourcing Allowed,false,Karnataka
591213,Sourcing Allowed,false,Karnataka
591214,Sourcing Allowed,false,Karnataka
591215,Sourcing Allowed,false,Karnataka
591216,Sourcing Allowed,false,Karnataka
591217,Sourcing Allowed,false,Karnataka
591218,Sourcing Allowed,false,Karnataka
591219,Sourcing Allowed,false,Karnataka
591220,Sourcing Allowed,false,Karnataka
591221,Sourcing Allowed,false,Karnataka
591222,Sourcing Allowed,false,Karnataka
591223,Sourcing Allowed,false,Karnataka
591224,Sourcing Allowed,false,Karnataka
591225,Sourcing Allowed,false,Karnataka
591226,Sourcing Allowed,false,Karnataka
591227,Sourcing Allowed,false,Karnataka
591229,Sourcing Allowed,false,Karnataka
591230,Sourcing Allowed,false,Karnataka
591231,Sourcing Allowed,false,Karnataka
591232,Sourcing Allowed,false,Karnataka
591233,Sourcing Allowed,false,Karnataka
591234,Sourcing Allowed,false,Karnataka
591235,Sourcing Allowed,false,Karnataka
591236,Sourcing Allowed,false,Karnataka
591237,Sourcing Allowed,false,Karnataka
591238,Sourcing Allowed,false,Karnataka
591239,Sourcing Allowed,false,Karnataka
591240,Sourcing Allowed,false,Karnataka
591241,Sourcing Allowed,false,Karnataka
591242,Sourcing Allowed,false,Karnataka
591243,Sourcing Allowed,false,Karnataka
591244,Sourcing Allowed,false,Karnataka
591246,Sourcing Allowed,false,Karnataka
591247,Sourcing Allowed,false,Karnataka
591248,Sourcing Allowed,false,Karnataka
591254,Sourcing Allowed,false,Karnataka
591263,Sourcing Allowed,false,Karnataka
591265,Sourcing Allowed,false,Karnataka
591287,Sourcing Allowed,false,Karnataka
591301,Sourcing Allowed,false,Karnataka
591302,Sourcing Allowed,false,Karnataka
591303,Sourcing Allowed,false,Karnataka
591304,Sourcing Allowed,false,Karnataka
591305,Sourcing Allowed,false,Karnataka
591306,Sourcing Allowed,false,Karnataka
591307,Sourcing Allowed,false,Karnataka
591308,Sourcing Allowed,false,Karnataka
591309,Sourcing Allowed,false,Karnataka
591310,Sourcing Allowed,false,Karnataka
591311,Sourcing Allowed,false,Karnataka
591312,Sourcing Allowed,false,Karnataka
591313,Sourcing Allowed,false,Karnataka
591314,Sourcing Allowed,false,Karnataka
591315,Sourcing Allowed,false,Karnataka
591316,Sourcing Allowed,false,Karnataka
591317,Sourcing Allowed,false,Karnataka
591340,Sourcing Allowed,false,Karnataka
591344,Sourcing Allowed,false,Karnataka
591345,Sourcing Allowed,false,Karnataka
591346,Sourcing Allowed,false,Karnataka
600001,Sourcing Allowed - Prime,true,Tamil Nadu
600002,Sourcing Allowed - Prime,true,Tamil Nadu
600003,Sourcing Allowed - Prime,true,Tamil Nadu
600004,Sourcing Allowed - Prime,true,Tamil Nadu
600005,Sourcing Allowed - Prime,true,Tamil Nadu
600006,Sourcing Allowed - Prime,true,Tamil Nadu
600007,Sourcing Allowed - Prime,true,Tamil Nadu
600008,Sourcing Allowed - Prime,true,Tamil Nadu
600009,Sourcing Allowed - Prime,true,Tamil Nadu
600010,Sourcing Allowed - Prime,true,Tamil Nadu
600011,Sourcing Allowed - Prime,true,Tamil Nadu
600012,Sourcing Allowed - Prime,true,Tamil Nadu
600013,Sourcing Allowed - Prime,true,Tamil Nadu
600014,Sourcing Allowed - Prime,true,Tamil Nadu
600015,Sourcing Allowed - Prime,true,Tamil Nadu
600016,Sourcing Allowed,false,Tamil Nadu
600017,Sourcing Allowed - Prime,true,Tamil Nadu
600018,Sourcing Allowed - Prime,true,Tamil Nadu
600019,Sourcing Allowed,false,Tamil Nadu
600020,Sourcing Allowed - Prime,true,Tamil Nadu
600021,Sourcing Allowed - Prime,true,Tamil Nadu
600022,Sourcing Allowed - Prime,true,Tamil Nadu
600023,Sourcing Allowed - Prime,true,Tamil Nadu
600024,Sourcing Allowed - Prime,true,Tamil Nadu
600025,Sourcing Allowed - Prime,true,Tamil Nadu
600026,Sourcing Allowed - Prime,true,Tamil Nadu
600027,Sourcing Allowed,false,Tamil Nadu
600028,Sourcing Allowed - Prime,true,Tamil Nadu
600029,Sourcing Allowed - Prime,true,Tamil Nadu
600030,Sourcing Allowed - Prime,true,Tamil Nadu
600031,Sourcing Allowed - Prime,true,Tamil Nadu
600032,Sourcing Allowed,false,Tamil Nadu
600033,Sourcing Allowed - Prime,true,Tamil Nadu
600034,Sourcing Allowed - Prime,true,Tamil Nadu
600035,Sourcing Allowed - Prime,true,Tamil Nadu
600036,Sourcing Allowed - Prime,true,Tamil Nadu
600037,Sourcing Allowed - Prime,true,Tamil Nadu
600038,Sourcing Allowed - Prime,true,Tamil Nadu
600039,Sourcing Allowed,false,Tamil Nadu
600040,Sourcing Allowed - Prime,true,Tamil Nadu
600041,Sourcing Allowed - Prime,true,Tamil Nadu
600042,Sourcing Allowed - Prime,true,Tamil Nadu
600043,Sourcing Allowed - Prime,true,Tamil Nadu
600044,Sourcing Allowed,false,Tamil Nadu
600045,Sourcing Allowed,false,Tamil Nadu
600046,Sourcing Allowed,false,Tamil Nadu
600047,Sourcing Allowed,false,Tamil Nadu
600048,Sourcing Allowed,false,Tamil Nadu
600049,Sourcing Allowed,false,Tamil Nadu
600050,Sourcing Allowed,false,Tamil Nadu
600051,Sourcing Allowed,false,Tamil Nadu
600052,Sourcing Allowed,false,Tamil Nadu
600053,Sourcing Allowed,false,Tamil Nadu
600054,Sourcing Allowed,false,Tamil Nadu
600055,Sourcing Allowed,false,Tamil Nadu
600056,Sourcing Allowed,false,Tamil Nadu
600057,Sourcing Allowed - Prime,true,Tamil Nadu
600058,Sourcing Allowed,false,Tamil Nadu
600059,Sourcing Allowed,false,Tamil Nadu
600060,Sourcing Allowed,false,Tamil Nadu
600061,Sourcing Allowed,false,Tamil Nadu
600062,Sourcing Allowed,false,Tamil Nadu
600063,Sourcing Allowed,false,Tamil Nadu
600064,Sourcing Allowed,false,Tamil Nadu
600066,Sourcing Allowed,false,Tamil Nadu
600067,Sourcing Allowed,false,Tamil Nadu
600068,Sourcing Allowed,false,Tamil Nadu
600069,Sourcing Allowed,false,Tamil Nadu
600070,Sourcing Allowed,false,Tamil Nadu
600071,Sourcing Allowed,false,Tamil Nadu
600072,Sourcing Allowed,false,Tamil Nadu
600073,Sourcing Allowed,false,Tamil Nadu
600074,Sourcing Allowed,false,Tamil Nadu
600075,Sourcing Allowed,false,Tamil Nadu
600076,Sourcing Allowed,false,Tamil Nadu
600077,Sourcing Allowed,false,Tamil Nadu
600078,Sourcing Allowed,false,Tamil Nadu
600079,Sourcing Allowed - Prime,true,Tamil Nadu
600080,Sourcing Allowed,false,Tamil Nadu
600081,Sourcing Allowed - Prime,true,Tamil Nadu
600082,Sourcing Allowed - Prime,true,Tamil Nadu
600083,Sourcing Allowed - Prime,true,Tamil Nadu
600084,Sourcing Allowed - Prime,true,Tamil Nadu
600085,Sourcing Allowed - Prime,true,Tamil Nadu
600086,Sourcing Allowed - Prime,true,Tamil Nadu
600087,Sourcing Allowed,false,Tamil Nadu
600088,Sourcing Allowed,false,Tamil Nadu
600089,Sourcing Allowed,false,Tamil Nadu
600090,Sourcing Allowed - Prime,true,Tamil Nadu
600091,Sourcing Allowed,false,Tamil Nadu
600092,Sourcing Allowed,false,Tamil Nadu
600093,Sourcing Allowed - Prime,true,Tamil Nadu
600094,Sourcing Allowed - Prime,true,Tamil Nadu
600095,Sourcing Allowed,false,Tamil Nadu
600096,Sourcing Allowed - Prime,true,Tamil Nadu
600097,Sourcing Allowed - Prime,true,Tamil Nadu
600099,Sourcing Allowed,false,Tamil Nadu
600100,Sourcing Allowed - Prime,true,Tamil Nadu
600101,Sourcing Allowed - Prime,true,Tamil Nadu
600102,Sourcing Allowed - Prime,true,Tamil Nadu
600103,Sourcing Allowed,false,Tamil Nadu
600104,Sourcing Allowed - Prime,true,Tamil Nadu
600105,Sourcing Allowed - Prime,true,Tamil Nadu
600106,Sourcing Allowed,false,Tamil Nadu
600107,Sourcing Allowed - Prime,true,Tamil Nadu
600108,Sourcing Allowed - Prime,true,Tamil Nadu
600110,Sourcing Allowed - Prime,true,Tamil Nadu
600111,Sourcing Allowed - Prime,true,Tamil Nadu
600112,Sourcing Allowed - Prime,true,Tamil Nadu
600113,Sourcing Allowed - Prime,true,Tamil Nadu
600115,Sourcing Allowed - Prime,true,Tamil Nadu
600116,Sourcing Allowed,false,Tamil Nadu
600117,Sourcing Allowed - Prime,true,Tamil Nadu
600118,Sourcing Allowed - Prime,true,Tamil Nadu
600119,Sourcing Allowed,false,Tamil Nadu
600120,Sourcing Allowed,false,Tamil Nadu
600122,Sourcing Allowed - Prime,true,Tamil Nadu
600123,Sourcing Allowed - Prime,true,Tamil Nadu
600124,Sourcing Allowed,false,Tamil Nadu
600125,Sourcing Allowed,false,Tamil Nadu
600126,Sourcing Allowed,false,Tamil Nadu
600127,Sourcing Allowed,false,Tamil Nadu
600128,Sourcing Allowed,false,Tamil Nadu
600129,Sourcing Allowed,false,Tamil Nadu
600130,Sourcing Allowed,false,Tamil Nadu
600131,Sourcing Allowed,false,Tamil Nadu
600132,Sourcing Allowed,false,Tamil Nadu
601101,Sourcing Allowed,false,Tamil Nadu
601102,Sourcing Allowed,false,Tamil Nadu
601103,Sourcing Allowed,false,Tamil Nadu
601201,Sourcing Allowed,false,Tamil Nadu
601202,Sourcing Allowed,false,Tamil Nadu
601203,Sourcing Allowed,false,Tamil Nadu
601204,Sourcing Allowed,false,Tamil Nadu
601205,Sourcing Allowed,false,Tamil Nadu
601206,Sourcing Allowed,false,Tamil Nadu
601301,Sourcing Allowed,false,Tamil Nadu
602001,Sourcing Allowed,false,Tamil Nadu
602002,Sourcing Allowed,false,Tamil Nadu
602003,Sourcing Allowed,false,Tamil Nadu
602021,Sourcing Allowed,false,Tamil Nadu
602022,Sourcing Allowed,false,Tamil Nadu
602023,Sourcing Allowed,false,Tamil Nadu
602024,Sourcing Allowed,false,Tamil Nadu
602025,Sourcing Allowed,false,Tamil Nadu
602026,Sourcing Allowed,false,Tamil Nadu
602105,Sourcing Allowed,false,Tamil Nadu
602106,Sourcing Allowed,false,Tamil Nadu
602108,Sourcing Allowed,false,Tamil Nadu
602117,Sourcing Allowed,false,Tamil Nadu
603001,Sourcing Allowed,false,Tamil Nadu
603002,Sourcing Allowed,false,Tamil Nadu
603003,Sourcing Allowed,false,Tamil Nadu
603004,Sourcing Allowed,false,Tamil Nadu
603101,Sourcing Allowed,false,Tamil Nadu
603103,Sourcing Allowed,false,Tamil Nadu
603104,Sourcing Allowed,false,Tamil Nadu
603105,Sourcing Allowed,false,Tamil Nadu
603106,Sourcing Allowed,false,Tamil Nadu
603107,Sourcing Allowed,false,Tamil Nadu
603108,Sourcing Allowed,false,Tamil Nadu
603109,Sourcing Allowed,false,Tamil Nadu
603110,Sourcing Allowed,false,Tamil Nadu
603111,Sourcing Allowed,false,Tamil Nadu
603112,Sourcing Allowed,false,Tamil Nadu
603127,Sourcing Allowed,false,Tamil Nadu
603201,Sourcing Allowed,false,Tamil Nadu
603202,Sourcing Allowed,false,Tamil Nadu
603203,Sourcing Allowed,false,Tamil Nadu
603204,Sourcing Allowed,false,Tamil Nadu
603209,Sourcing Allowed,false,Tamil Nadu
603210,Sourcing Allowed,false,Tamil Nadu
603211,Sourcing Allowed,false,Tamil Nadu
603301,Sourcing Allowed,false,Tamil Nadu
603303,Sourcing Allowed,false,Tamil Nadu
603305,Sourcing Allowed,false,Tamil Nadu
603306,Sourcing Allowed,false,Tamil Nadu
603307,Sourcing Allowed,false,Tamil Nadu
603308,Sourcing Allowed,false,Tamil Nadu
603401,Sourcing Allowed,false,Tamil Nadu
603402,Sourcing Allowed,false,Tamil Nadu
603403,Sourcing Allowed,false,Tamil Nadu
603405,Sourcing Allowed,false,Tamil Nadu
604001,Sourcing Allowed,false,Tamil Nadu
604102,Sourcing Allowed,false,Tamil Nadu
604151,Sourcing Allowed,false,Tamil Nadu
604202,Sourcing Allowed,false,Tamil Nadu
604203,Sourcing Allowed,false,Tamil Nadu
604205,Sourcing Allowed,false,Tamil Nadu
604206,Sourcing Allowed,false,Tamil Nadu
604207,Sourcing Allowed,false,Tamil Nadu
604301,Sourcing Allowed,false,Tamil Nadu
604302,Sourcing Allowed,false,Tamil Nadu
604304,Sourcing Allowed,false,Tamil Nadu
604407,Sourcing Allowed,false,Tamil Nadu
604503,Sourcing Allowed,false,Tamil Nadu
605001,Sourcing Allowed,false,Puducherry
605002,Sourcing Allowed,false,Puducherry
605003,Sourcing Allowed,false,Puducherry
605004,Sourcing Allowed,false,Puducherry
605005,Sourcing Allowed,false,Puducherry
605006,Sourcing Allowed,false,Puducherry
605007,Sourcing Allowed,false,Puducherry
605008,Sourcing Allowed,false,Puducherry
605009,Sourcing Allowed,false,Puducherry
605010,Sourcing Allowed,false,Puducherry
605011,Sourcing Allowed,false,Puducherry
605012,Sourcing Allowed,false,Puducherry
605013,Sourcing Allowed,false,Puducherry
605014,Sourcing Allowed,false,Puducherry
605102,Sourcing Allowed,false,Tamil Nadu
605103,Sourcing Allowed,false,Tamil Nadu
605104,Sourcing Allowed,false,Tamil Nadu
605105,Sourcing Allowed,false,Tamil Nadu
605106,Sourcing Allowed,false,Puducherry
605107,Sourcing Allowed,false,Puducherry
605110,Sourcing Allowed,false,Puducherry
605111,Sourcing Allowed,false,Puducherry
605201,Sourcing Allowed,false,Tamil Nadu
605301,Sourcing Allowed,false,Tamil Nadu
605401,Sourcing Allowed,false,Tamil Nadu
605402,Sourcing Allowed,false,Tamil Nadu
605501,Sourcing Allowed,false,Puducherry
605502,Sourcing Allowed,false,Tamil Nadu
605601,Sourcing Allowed,false,Tamil Nadu
605602,Sourcing Allowed,false,Tamil Nadu
605652,Sourcing Allowed,false,Tamil Nadu
605701,Sourcing Allowed,false,Tamil Nadu
605758,Sourcing Allowed,false,Tamil Nadu
605801,Sourcing Allowed,false,Tamil Nadu
606003,Sourcing Allowed,false,Tamil Nadu
606102,Sourcing Allowed,false,Tamil Nadu
606104,Sourcing Allowed,false,Tamil Nadu
606105,Sourcing Allowed,false,Tamil Nadu
606108,Sourcing Allowed,false,Tamil Nadu
606109,Sourcing Allowed,false,Tamil Nadu
606110,Sourcing Allowed,false,Tamil Nadu
606115,Sourcing Allowed,false,Tamil Nadu
606202,Sourcing Allowed,false,Tamil Nadu
606203,Sourcing Allowed,false,Tamil Nadu
606204,Sourcing Allowed,false,Tamil Nadu
606206,Sourcing Allowed,false,Tamil Nadu
606208,Sourcing Allowed,false,Tamil Nadu
606213,Sourcing Allowed,false,Tamil Nadu
606401,Sourcing Allowed,false,Tamil Nadu
606402,Sourcing Allowed,false,Tamil Nadu
606601,Sourcing Allowed,false,Tamil Nadu
606603,Sourcing Allowed,false,Tamil Nadu
606604,Sourcing Allowed,false,Tamil Nadu
606701,Sourcing Allowed,false,Tamil Nadu
606704,Sourcing Allowed,false,Tamil Nadu
606708,Sourcing Allowed,false,Tamil Nadu
606709,Sourcing Allowed,false,Tamil Nadu
606753,Sourcing Allowed,false,Tamil Nadu
606801,Sourcing Allowed,false,Tamil Nadu
606802,Sourcing Allowed,false,Tamil Nadu
606806,Sourcing Allowed,false,Tamil Nadu
606904,Sourcing Allowed,false,Tamil Nadu
606907,Sourcing Allowed,false,Tamil Nadu
606908,Sourcing Allowed,false,Tamil Nadu
607001,Sourcing Allowed,false,Tamil Nadu
607002,Sourcing Allowed,false,Tamil Nadu
607003,Sourcing Allowed,false,Tamil Nadu
607004,Sourcing Allowed,false,Tamil Nadu
607005,Sourcing Allowed,false,Tamil Nadu
607006,Sourcing Allowed,false,Tamil Nadu
607101,Sourcing Allowed,false,Tamil Nadu
607102,Sourcing Allowed,false,Tamil Nadu
607103,Sourcing Allowed,false,Tamil Nadu
607104,Sourcing Allowed,false,Tamil Nadu
607105,Sourcing Allowed,false,Tamil Nadu
607106,Sourcing Allowed,false,Tamil Nadu
607108,Sourcing Allowed,false,Tamil Nadu
607109,Sourcing Allowed,false,Tamil Nadu
607111,Sourcing Allowed,false,Tamil Nadu
607112,Sourcing Allowed,false,Tamil Nadu
607116,Sourcing Allowed,false,Tamil Nadu
607203,Sourcing Allowed,false,Tamil Nadu
607205,Sourcing Allowed,false,Tamil Nadu
607301,Sourcing Allowed,false,Tamil Nadu
607302,Sourcing Allowed,false,Tamil Nadu
607303,Sourcing Allowed,false,Tamil Nadu
607307,Sourcing Allowed,false,Tamil Nadu
607308,Sourcing Allowed,false,Tamil Nadu
607401,Sourcing Allowed,false,Tamil Nadu
607402,Sourcing Allowed,false,Puducherry
607801,Sourcing Allowed,false,Tamil Nadu
607802,Sourcing Allowed,false,Tamil Nadu
607804,Sourcing Allowed,false,Tamil Nadu
607805,Sourcing Allowed,false,Tamil Nadu
608001,Sourcing Allowed,false,Tamil Nadu
608002,Sourcing Allowed,false,Tamil Nadu
608303,Sourcing Allowed,false,Tamil Nadu
608401,Sourcing Allowed,false,Tamil Nadu
608701,Sourcing Allowed,false,Tamil Nadu
608704,Sourcing Allowed,false,Tamil Nadu
608801,Sourcing Allowed,false,Tamil Nadu
608803,Sourcing Allowed,false,Tamil Nadu
609103,Sourcing Allowed,false,Tamil Nadu
609110,Sourcing Allowed,false,Tamil Nadu
609204,Sourcing Allowed,false,Tamil Nadu
609301,Sourcing Allowed,false,Tamil Nadu
609307,Sourcing Allowed,false,Tamil Nadu
609308,Sourcing Allowed,false,Tamil Nadu
609309,Sourcing Allowed,false,Tamil Nadu
609403,Sourcing Allowed,false,Tamil Nadu
609501,Sourcing Allowed,false,Tamil Nadu
609602,Sourcing Allowed,false,Puducherry
609603,Sourcing Allowed,false,Puducherry
609605,Sourcing Allowed,false,Puducherry
609801,Sourcing Allowed,false,Tamil Nadu
609806,Sourcing Allowed,false,Tamil Nadu
610001,Sourcing Allowed,false,Tamil Nadu
610109,Sourcing Allowed,false,Tamil Nadu
610206,Sourcing Allowed,false,Tamil Nadu
610207,Sourcing Allowed,false,Tamil Nadu
611001,Sourcing Allowed,false,Tamil Nadu
611002,Sourcing Allowed,false,Tamil Nadu
611102,Sourcing Allowed,false,Tamil Nadu
612001,Sourcing Allowed,false,Tamil Nadu
612002,Sourcing Allowed,false,Tamil Nadu
612103,Sourcing Allowed,false,Tamil Nadu
612202,Sourcing Allowed,false,Tamil Nadu
612204,Sourcing Allowed,false,Tamil Nadu
612205,Sourcing Allowed,false,Tamil Nadu
612206,Sourcing Allowed,false,Tamil Nadu
612301,Sourcing Allowed,false,Tamil Nadu
612302,Sourcing Allowed,false,Tamil Nadu
612303,Sourcing Allowed,false,Tamil Nadu
612401,Sourcing Allowed,false,Tamil Nadu
612501,Sourcing Allowed,false,Tamil Nadu
612503,Sourcing Allowed,false,Tamil Nadu
612602,Sourcing Allowed,false,Tamil Nadu
612702,Sourcing Allowed,false,Tamil Nadu
612703,Sourcing Allowed,false,Tamil Nadu
612804,Sourcing Allowed,false,Tamil Nadu
612901,Sourcing Allowed,false,Tamil Nadu
612902,Sourcing Allowed,false,Tamil Nadu
612903,Sourcing Allowed,false,Tamil Nadu
612905,Sourcing Allowed,false,Tamil Nadu
613001,Sourcing Allowed,false,Tamil Nadu
613002,Sourcing Allowed,false,Tamil Nadu
613003,Sourcing Allowed,false,Tamil Nadu
613004,Sourcing Allowed,false,Tamil Nadu
613005,Sourcing Allowed,false,Tamil Nadu
613006,Sourcing Allowed,false,Tamil Nadu
613007,Sourcing Allowed,false,Tamil Nadu
613008,Sourcing Allowed,false,Tamil Nadu
613009,Sourcing Allowed,false,Tamil Nadu
613010,Sourcing Allowed,false,Tamil Nadu
613101,Sourcing Allowed,false,Tamil Nadu
613102,Sourcing Allowed,false,Tamil Nadu
613103,Sourcing Allowed,false,Tamil Nadu
613104,Sourcing Allowed,false,Tamil Nadu
613105,Sourcing Allowed,false,Tamil Nadu
613109,Sourcing Allowed,false,Tamil Nadu
613201,Sourcing Allowed,false,Tamil Nadu
613202,Sourcing Allowed,false,Tamil Nadu
613203,Sourcing Allowed,false,Tamil Nadu
613204,Sourcing Allowed,false,Tamil Nadu
613205,Sourcing Allowed,false,Tamil Nadu
613301,Sourcing Allowed,false,Tamil Nadu
613303,Sourcing Allowed,false,Tamil Nadu
613401,Sourcing Allowed,false,Tamil Nadu
613402,Sourcing Allowed,false,Tamil Nadu
613403,Sourcing Allowed,false,Tamil Nadu
613501,Sourcing Allowed,false,Tamil Nadu
613502,Sourcing Allowed,false,Tamil Nadu
613503,Sourcing Allowed,false,Tamil Nadu
613504,Sourcing Allowed,false,Tamil Nadu
613601,Sourcing Allowed,false,Tamil Nadu
613602,Sourcing Allowed,false,Tamil Nadu
613704,Sourcing Allowed,false,Tamil Nadu
614013,Sourcing Allowed,false,Tamil Nadu
614015,Sourcing Allowed,false,Tamil Nadu
614018,Sourcing Allowed,false,Tamil Nadu
614019,Sourcing Allowed,false,Tamil Nadu
614201,Sourcing Allowed,false,Tamil Nadu
614202,Sourcing Allowed,false,Tamil Nadu
614203,Sourcing Allowed,false,Tamil Nadu
614204,Sourcing Allowed,false,Tamil Nadu
614205,Sourcing Allowed,false,Tamil Nadu
614206,Sourcing Allowed,false,Tamil Nadu
614207,Sourcing Allowed,false,Tamil Nadu
614209,Sourcing Allowed,false,Tamil Nadu
614210,Sourcing Allowed,false,Tamil Nadu
614211,Sourcing Allowed,false,Tamil Nadu
614301,Sourcing Allowed,false,Tamil Nadu
614302,Sourcing Allowed,false,Tamil Nadu
614303,Sourcing Allowed,false,Tamil Nadu
614401,Sourcing Allowed,false,Tamil Nadu
614402,Sourcing Allowed,false,Tamil Nadu
614601,Sourcing Allowed,false,Tamil Nadu
614602,Sourcing Allowed,false,Tamil Nadu
614613,Sourcing Allowed,false,Tamil Nadu
614615,Sourcing Allowed,false,Tamil Nadu
614616,Sourcing Allowed,false,Tamil Nadu
614618,Sourcing Allowed,false,Tamil Nadu
614631,Sourcing Allowed,false,Tamil Nadu
614632,Sourcing Allowed,false,Tamil Nadu
614701,Sourcing Allowed,false,Tamil Nadu
614703,Sourcing Allowed,false,Tamil Nadu
614704,Sourcing Allowed,false,Tamil Nadu
614708,Sourcing Allowed,false,Tamil Nadu
614713,Sourcing Allowed,false,Tamil Nadu
614738,Sourcing Allowed,false,Tamil Nadu
614809,Sourcing Allowed,false,Tamil Nadu
614901,Sourcing Allowed,false,Tamil Nadu
614902,Sourcing Allowed,false,Tamil Nadu
614903,Sourcing Allowed,false,Tamil Nadu
614904,Sourcing Allowed,false,Tamil Nadu
614905,Sourcing Allowed,false,Tamil Nadu
614906,Sourcing Allowed,false,Tamil Nadu
620001,Sourcing Allowed,false,Tamil Nadu
620002,Sourcing Allowed,false,Tamil Nadu
620003,Sourcing Allowed,false,Tamil Nadu
620004,Sourcing Allowed,false,Tamil Nadu
620005,Sourcing Allowed,false,Tamil Nadu
620006,Sourcing Allowed,false,Tamil Nadu
620007,Sourcing Allowed,false,Tamil Nadu
620008,Sourcing Allowed,false,Tamil Nadu
620009,Sourcing Allowed,false,Tamil Nadu
620010,Sourcing Allowed,false,Tamil Nadu
620011,Sourcing Allowed,false,Tamil Nadu
620012,Sourcing Allowed,false,Tamil Nadu
620013,Sourcing Allowed,false,Tamil Nadu
620014,Sourcing Allowed,false,Tamil Nadu
620015,Sourcing Allowed,false,Tamil Nadu
620016,Sourcing Allowed,false,Tamil Nadu
620017,Sourcing Allowed,false,Tamil Nadu
620018,Sourcing Allowed,false,Tamil Nadu
620019,Sourcing Allowed,false,Tamil Nadu
620020,Sourcing Allowed,false,Tamil Nadu
620021,Sourcing Allowed,false,Tamil Nadu
620022,Sourcing Allowed,false,Tamil Nadu
620023,Sourcing Allowed,false,Tamil Nadu
620024,Sourcing Allowed,false,Tamil Nadu
620025,Sourcing Allowed,false,Tamil Nadu
620026,Sourcing Allowed,false,Tamil Nadu
620027,Sourcing Allowed,false,Tamil Nadu
620051,Sourcing Allowed,false,Tamil Nadu
620101,Sourcing Allowed,false,Tamil Nadu
620102,Sourcing Allowed,false,Tamil Nadu
621001,Sourcing Allowed,false,Tamil Nadu
621002,Sourcing Allowed,false,Tamil Nadu
621003,Sourcing Allowed,false,Tamil Nadu
621004,Sourcing Allowed,false,Tamil Nadu
621005,Sourcing Allowed,false,Tamil Nadu
621006,Sourcing Allowed,false,Tamil Nadu
621007,Sourcing Allowed,false,Tamil Nadu
621008,Sourcing Allowed,false,Tamil Nadu
621009,Sourcing Allowed,false,Tamil Nadu
621010,Sourcing Allowed,false,Tamil Nadu
621011,Sourcing Allowed,false,Tamil Nadu
621012,Sourcing Allowed,false,Tamil Nadu
621014,Sourcing Allowed,false,Tamil Nadu
621015,Sourcing Allowed,false,Tamil Nadu
621016,Sourcing Allowed,false,Tamil Nadu
621017,Sourcing Allowed,false,Tamil Nadu
621018,Sourcing Allowed,false,Tamil Nadu
621021,Sourcing Allowed,false,Tamil Nadu
621022,Sourcing Allowed,false,Tamil Nadu
621105,Sourcing Allowed,false,Tamil Nadu
621109,Sourcing Allowed,false,Tamil Nadu
621111,Sourcing Allowed,false,Tamil Nadu
621112,Sourcing Allowed,false,Tamil Nadu
621113,Sourcing Allowed,false,Tamil Nadu
621127,Sourcing Allowed,false,Tamil Nadu
621128,Sourcing Allowed,false,Tamil Nadu
621132,Sourcing Allowed,false,Tamil Nadu
621201,Sourcing Allowed,false,Tamil Nadu
621202,Sourcing Allowed,false,Tamil Nadu
621203,Sourcing Allowed,false,Tamil Nadu
621204,Sourcing Allowed,false,Tamil Nadu
621205,Sourcing Allowed,false,Tamil Nadu
621206,Sourcing Allowed,false,Tamil Nadu
621208,Sourcing Allowed,false,Tamil Nadu
621210,Sourcing Allowed,false,Tamil Nadu
621211,Sourcing Allowed,false,Tamil Nadu
621212,Sourcing Allowed,false,Tamil Nadu
621214,Sourcing Allowed,false,Tamil Nadu
621215,Sourcing Allowed,false,Tamil Nadu
621216,Sourcing Allowed,false,Tamil Nadu
621217,Sourcing Allowed,false,Tamil Nadu
621218,Sourcing Allowed,false,Tamil Nadu
621221,Sourcing Allowed,false,Tamil Nadu
621224,Sourcing Allowed,false,Tamil Nadu
621229,Sourcing Allowed,false,Tamil Nadu
621306,Sourcing Allowed,false,Tamil Nadu
621307,Sourcing Allowed,false,Tamil Nadu
621601,Sourcing Allowed,false,Tamil Nadu
621701,Sourcing Allowed,false,Tamil Nadu
621703,Sourcing Allowed,false,Tamil Nadu
621704,Sourcing Allowed,false,Tamil Nadu
621707,Sourcing Allowed,false,Tamil Nadu
621713,Sourcing Allowed,false,Tamil Nadu
621802,Sourcing Allowed,false,Tamil Nadu
621803,Sourcing Allowed,false,Tamil Nadu
621853,Sourcing Allowed,false,Tamil Nadu
622001,Sourcing Allowed,false,Tamil Nadu
622003,Sourcing Allowed,false,Tamil Nadu
622201,Sourcing Allowed,false,Tamil Nadu
622204,Sourcing Allowed,false,Tamil Nadu
622302,Sourcing Allowed,false,Tamil Nadu
622303,Sourcing Allowed,false,Tamil Nadu
622407,Sourcing Allowed,false,Tamil Nadu
622502,Sourcing Allowed,false,Tamil Nadu
623501,Sourcing Allowed,false,Tamil Nadu
623503,Sourcing Allowed,false,Tamil Nadu
623515,Sourcing Allowed,false,Tamil Nadu
623517,Sourcing Allowed,false,Tamil Nadu
623521,Sourcing Allowed,false,Tamil Nadu
623522,Sourcing Allowed,false,Tamil Nadu
623525,Sourcing Allowed,false,Tamil Nadu
623528,Sourcing Allowed,false,Tamil Nadu
623533,Sourcing Allowed,false,Tamil Nadu
623537,Sourcing Allowed,false,Tamil Nadu
623555,Sourcing Allowed,false,Tamil Nadu
623701,Sourcing Allowed,false,Tamil Nadu
623706,Sourcing Allowed,false,Tamil Nadu
623712,Sourcing Allowed,false,Tamil Nadu
624001,Sourcing Allowed,false,Tamil Nadu
624002,Sourcing Allowed,false,Tamil Nadu
624003,Sourcing Allowed,false,Tamil Nadu
624005,Sourcing Allowed,false,Tamil Nadu
624201,Sourcing Allowed,false,Tamil Nadu
624202,Sourcing Allowed,false,Tamil Nadu
624208,Sourcing Allowed,false,Tamil Nadu
624210,Sourcing Allowed,false,Tamil Nadu
624211,Sourcing Allowed,false,Tamil Nadu
624215,Sourcing Allowed,false,Tamil Nadu
624301,Sourcing Allowed,false,Tamil Nadu
624302,Sourcing Allowed,false,Tamil Nadu
624306,Sourcing Allowed,false,Tamil Nadu
624307,Sourcing Allowed,false,Tamil Nadu
624401,Sourcing Allowed,false,Tamil Nadu
624402,Sourcing Allowed,false,Tamil Nadu
624403,Sourcing Allowed,false,Tamil Nadu
624614,Sourcing Allowed,false,Tamil Nadu
624615,Sourcing Allowed,false,Tamil Nadu
624617,Sourcing Allowed,false,Tamil Nadu
624701,Sourcing Allowed,false,Tamil Nadu
624703,Sourcing Allowed,false,Tamil Nadu
624709,Sourcing Allowed,false,Tamil Nadu
624710,Sourcing Allowed,false,Tamil Nadu
624802,Sourcing Allowed,false,Tamil Nadu
625001,Sourcing Allowed,false,Tamil Nadu
625002,Sourcing Allowed,false,Tamil Nadu
625003,Sourcing Allowed,false,Tamil Nadu
625004,Sourcing Allowed,false,Tamil Nadu
625005,Sourcing Allowed,false,Tamil Nadu
625006,Sourcing Allowed,false,Tamil Nadu
625007,Sourcing Allowed,false,Tamil Nadu
625008,Sourcing Allowed,false,Tamil Nadu
625009,Sourcing Allowed,false,Tamil Nadu
625010,Sourcing Allowed,false,Tamil Nadu
625011,Sourcing Allowed,false,Tamil Nadu
625012,Sourcing Allowed,false,Tamil Nadu
625014,Sourcing Allowed,false,Tamil Nadu
625015,Sourcing Allowed,false,Tamil Nadu
625016,Sourcing Allowed,false,Tamil Nadu
625017,Sourcing Allowed,false,Tamil Nadu
625018,Sourcing Allowed,false,Tamil Nadu
625019,Sourcing Allowed,false,Tamil Nadu
625020,Sourcing Allowed,false,Tamil Nadu
625021,Sourcing Allowed,false,Tamil Nadu
625022,Sourcing Allowed,false,Tamil Nadu
625023,Sourcing Allowed,false,Tamil Nadu
625051,Sourcing Allowed,false,Tamil Nadu
625052,Sourcing Allowed,false,Tamil Nadu
625101,Sourcing Allowed,false,Tamil Nadu
625102,Sourcing Allowed,false,Tamil Nadu
625103,Sourcing Allowed,false,Tamil Nadu
625104,Sourcing Allowed,false,Tamil Nadu
625105,Sourcing Allowed,false,Tamil Nadu
625106,Sourcing Allowed,false,Tamil Nadu
625107,Sourcing Allowed,false,Tamil Nadu
625108,Sourcing Allowed,false,Tamil Nadu
625109,Sourcing Allowed,false,Tamil Nadu
625110,Sourcing Allowed,false,Tamil Nadu
625111,Sourcing Allowed,false,Tamil Nadu
625112,Sourcing Allowed,false,Tamil Nadu
625113,Sourcing Allowed,false,Tamil Nadu
625114,Sourcing Allowed,false,Tamil Nadu
625115,Sourcing Allowed,false,Tamil Nadu
625116,Sourcing Allowed,false,Tamil Nadu
625118,Sourcing Allowed,false,Tamil Nadu
625119,Sourcing Allowed,false,Tamil Nadu
625120,Sourcing Allowed,false,Tamil Nadu
625121,Sourcing Allowed,false,Tamil Nadu
625122,Sourcing Allowed,false,Tamil Nadu
625123,Sourcing Allowed,false,Tamil Nadu
625124,Sourcing Allowed,false,Tamil Nadu
625125,Sourcing Allowed,false,Tamil Nadu
625126,Sourcing Allowed,false,Tamil Nadu
625127,Sourcing Allowed,false,Tamil Nadu
625201,Sourcing Allowed,false,Tamil Nadu
625203,Sourcing Allowed,false,Tamil Nadu
625205,Sourcing Allowed,false,Tamil Nadu
625206,Sourcing Allowed,false,Tamil Nadu
625207,Sourcing Allowed,false,Tamil Nadu
625209,Sourcing Allowed,false,Tamil Nadu
625214,Sourcing Allowed,false,Tamil Nadu
625217,Sourcing Allowed,false,Tamil Nadu
625218,Sourcing Allowed,false,Tamil Nadu
625221,Sourcing Allowed,false,Tamil Nadu
625234,Sourcing Allowed,false,Tamil Nadu
625301,Sourcing Allowed,false,Tamil Nadu
625302,Sourcing Allowed,false,Tamil Nadu
625303,Sourcing Allowed,false,Tamil Nadu
625304,Sourcing Allowed,false,Tamil Nadu
625305,Sourcing Allowed,false,Tamil Nadu
625401,Sourcing Allowed,false,Tamil Nadu
625402,Sourcing Allowed,false,Tamil Nadu
625403,Sourcing Allowed,false,Tamil Nadu
625501,Sourcing Allowed,false,Tamil Nadu
625502,Sourcing Allowed,false,Tamil Nadu
625504,Sourcing Allowed,false,Tamil Nadu
625512,Sourcing Allowed,false,Tamil Nadu
625513,Sourcing Allowed,false,Tamil Nadu
625514,Sourcing Allowed,false,Tamil Nadu
625515,Sourcing Allowed,false,Tamil Nadu
625516,Sourcing Allowed,false,Tamil Nadu
625517,Sourcing Allowed,false,Tamil Nadu
625518,Sourcing Allowed,false,Tamil Nadu
625519,Sourcing Allowed,false,Tamil Nadu
625520,Sourcing Allowed,false,Tamil Nadu
625521,Sourcing Allowed,false,Tamil Nadu
625522,Sourcing Allowed,false,Tamil Nadu
625523,Sourcing Allowed,false,Tamil Nadu
625524,Sourcing Allowed,false,Tamil Nadu
625525,Sourcing Allowed,false,Tamil Nadu
625526,Sourcing Allowed,false,Tamil Nadu
625527,Sourcing Allowed,false,Tamil Nadu
625528,Sourcing Allowed,false,Tamil Nadu
625529,Sourcing Allowed,false,Tamil Nadu
625530,Sourcing Allowed,false,Tamil Nadu
625531,Sourcing Allowed,false,Tamil Nadu
625532,Sourcing Allowed,false,Tamil Nadu
625533,Sourcing Allowed,false,Tamil Nadu
625534,Sourcing Allowed,false,Tamil Nadu
625535,Sourcing Allowed,false,Tamil Nadu
625536,Sourcing Allowed,false,Tamil Nadu
625537,Sourcing Allowed,false,Tamil Nadu
625538,Sourcing Allowed,false,Tamil Nadu
625540,Sourcing Allowed,false,Tamil Nadu
625547,Sourcing Allowed,false,Tamil Nadu
625552,Sourcing Allowed,false,Tamil Nadu
625556,Sourcing Allowed,false,Tamil Nadu
625562,Sourcing Allowed,false,Tamil Nadu
625566,Sourcing Allowed,false,Tamil Nadu
625572,Sourcing Allowed,false,Tamil Nadu
625577,Sourcing Allowed,false,Tamil Nadu
625579,Sourcing Allowed,false,Tamil Nadu
625582,Sourcing Allowed,false,Tamil Nadu
625601,Sourcing Allowed,false,Tamil Nadu
625602,Sourcing Allowed,false,Tamil Nadu
625603,Sourcing Allowed,false,Tamil Nadu
625604,Sourcing Allowed,false,Tamil Nadu
625605,Sourcing Allowed,false,Tamil Nadu
625701,Sourcing Allowed,false,Tamil Nadu
625702,Sourcing Allowed,false,Tamil Nadu
625703,Sourcing Allowed,false,Tamil Nadu
625704,Sourcing Allowed,false,Tamil Nadu
625705,Sourcing Allowed,false,Tamil Nadu
625706,Sourcing Allowed,false,Tamil Nadu
625707,Sourcing Allowed,false,Tamil Nadu
625708,Sourcing Allowed,false,Tamil Nadu
626001,Sourcing Allowed,false,Tamil Nadu
626002,Sourcing Allowed,false,Tamil Nadu
626003,Sourcing Allowed,false,Tamil Nadu
626101,Sourcing Allowed,false,Tamil Nadu
626102,Sourcing Allowed,false,Tamil Nadu
626106,Sourcing Allowed,false,Tamil Nadu
626117,Sourcing Allowed,false,Tamil Nadu
626123,Sourcing Allowed,false,Tamil Nadu
626124,Sourcing Allowed,false,Tamil Nadu
626125,Sourcing Allowed,false,Tamil Nadu
626130,Sourcing Allowed,false,Tamil Nadu
626177,Sourcing Allowed,false,Tamil Nadu
626189,Sourcing Allowed,false,Tamil Nadu
626203,Sourcing Allowed,false,Tamil Nadu
626501,Sourcing Allowed,false,Tamil Nadu
626512,Sourcing Allowed,false,Tamil Nadu
626513,Sourcing Allowed,false,Tamil Nadu
626514,Sourcing Allowed,false,Tamil Nadu
626516,Sourcing Allowed,false,Tamil Nadu
626517,Sourcing Allowed,false,Tamil Nadu
626518,Sourcing Allowed,false,Tamil Nadu
626520,Sourcing Allowed,false,Tamil Nadu
626523,Sourcing Allowed,false,Tamil Nadu
626525,Sourcing Allowed,false,Tamil Nadu
626526,Sourcing Allowed,false,Tamil Nadu
626527,Sourcing Allowed,false,Tamil Nadu
626528,Sourcing Allowed,false,Tamil Nadu
626529,Sourcing Allowed,false,Tamil Nadu
626530,Sourcing Allowed,false,Tamil Nadu
626531,Sourcing Allowed,false,Tamil Nadu
626532,Sourcing Allowed,false,Tamil Nadu
626533,Sourcing Allowed,false,Tamil Nadu
626535,Sourcing Allowed,false,Tamil Nadu
626536,Sourcing Allowed,false,Tamil Nadu
626537,Sourcing Allowed,false,Tamil Nadu
626540,Sourcing Allowed,false,Tamil Nadu
626547,Sourcing Allowed,false,Tamil Nadu
626553,Sourcing Allowed,false,Tamil Nadu
626562,Sourcing Allowed,false,Tamil Nadu
626566,Sourcing Allowed,false,Tamil Nadu
626569,Sourcing Allowed,false,Tamil Nadu
626571,Sourcing Allowed,false,Tamil Nadu
626582,Sourcing Allowed,false,Tamil Nadu
626607,Sourcing Allowed,false,Tamil Nadu
626701,Sourcing Allowed,false,Tamil Nadu
626702,Sourcing Allowed,false,Tamil Nadu
626703,Sourcing Allowed,false,Tamil Nadu
626705,Sourcing Allowed,false,Tamil Nadu
626706,Sourcing Allowed,false,Tamil Nadu
626709,Sourcing Allowed,false,Tamil Nadu
626717,Sourcing Allowed,false,Tamil Nadu
627001,Sourcing Allowed,false,Tamil Nadu
627002,Sourcing Allowed,false,Tamil Nadu
627004,Sourcing Allowed,false,Tamil Nadu
627005,Sourcing Allowed,false,Tamil Nadu
627006,Sourcing Allowed,false,Tamil Nadu
627007,Sourcing Allowed,false,Tamil Nadu
627011,Sourcing Allowed,false,Tamil Nadu
627101,Sourcing Allowed,false,Tamil Nadu
627106,Sourcing Allowed,false,Tamil Nadu
627109,Sourcing Allowed,false,Tamil Nadu
627117,Sourcing Allowed,false,Tamil Nadu
627118,Sourcing Allowed,false,Tamil Nadu
627151,Sourcing Allowed,false,Tamil Nadu
627351,Sourcing Allowed,false,Tamil Nadu
627355,Sourcing Allowed,false,Tamil Nadu
627357,Sourcing Allowed,false,Tamil Nadu
627358,Sourcing Allowed,false,Tamil Nadu
627401,Sourcing Allowed,false,Tamil Nadu
627414,Sourcing Allowed,false,Tamil Nadu
627415,Sourcing Allowed,false,Tamil Nadu
627416,Sourcing Allowed,false,Tamil Nadu
627423,Sourcing Allowed,false,Tamil Nadu
627751,Sourcing Allowed,false,Tamil Nadu
627756,Sourcing Allowed,false,Tamil Nadu
627757,Sourcing Allowed,false,Tamil Nadu
627806,Sourcing Allowed,false,Tamil Nadu
627808,Sourcing Allowed,false,Tamil Nadu
627809,Sourcing Allowed,false,Tamil Nadu
627811,Sourcing Allowed,false,Tamil Nadu
627814,Sourcing Allowed,false,Tamil Nadu
627854,Sourcing Allowed,false,Tamil Nadu
627855,Sourcing Allowed,false,Tamil Nadu
627859,Sourcing Allowed,false,Tamil Nadu
627862,Sourcing Allowed,false,Tamil Nadu
627951,Sourcing Allowed,false,Tamil Nadu
627953,Sourcing Allowed,false,Tamil Nadu
628001,Sourcing Allowed,false,Tamil Nadu
628002,Sourcing Allowed,false,Tamil Nadu
628003,Sourcing Allowed,false,Tamil Nadu
628005,Sourcing Allowed,false,Tamil Nadu
628008,Sourcing Allowed,false,Tamil Nadu
628101,Sourcing Allowed,false,Tamil Nadu
628213,Sourcing Allowed,false,Tamil Nadu
628215,Sourcing Allowed,false,Tamil Nadu
628304,Sourcing Allowed,false,Tamil Nadu
628601,Sourcing Allowed,false,Tamil Nadu
628703,Sourcing Allowed,false,Tamil Nadu
630201,Sourcing Allowed,false,Tamil Nadu
630413,Sourcing Allowed,false,Tamil Nadu
630551,Sourcing Allowed,false,Tamil Nadu
630561,Sourcing Allowed,false,Tamil Nadu
630565,Sourcing Allowed,false,Tamil Nadu
630606,Sourcing Allowed,false,Tamil Nadu
630611,Sourcing Allowed,false,Tamil Nadu
630702,Sourcing Allowed,false,Tamil Nadu
631001,Sourcing Allowed,false,Tamil Nadu
631002,Sourcing Allowed,false,Tamil Nadu
631003,Sourcing Allowed,false,Tamil Nadu
631004,Sourcing Allowed,false,Tamil Nadu
631005,Sourcing Allowed,false,Tamil Nadu
631006,Sourcing Allowed,false,Tamil Nadu
631051,Sourcing Allowed,false,Tamil Nadu
631052,Sourcing Allowed,false,Tamil Nadu
631053,Sourcing Allowed,false,Tamil Nadu
631057,Sourcing Allowed,false,Tamil Nadu
631060,Sourcing Allowed,false,Tamil Nadu
631101,Sourcing Allowed,false,Tamil Nadu
631102,Sourcing Allowed,false,Tamil Nadu
631104,Sourcing Allowed,false,Tamil Nadu
631151,Sourcing Allowed,false,Tamil Nadu
631152,Sourcing Allowed,false,Tamil Nadu
631201,Sourcing Allowed,false,Tamil Nadu
631202,Sourcing Allowed,false,Tamil Nadu
631203,Sourcing Allowed,false,Tamil Nadu
631204,Sourcing Allowed,false,Tamil Nadu
631205,Sourcing Allowed,false,Tamil Nadu
631206,Sourcing Allowed,false,Tamil Nadu
631207,Sourcing Allowed,false,Tamil Nadu
631208,Sourcing Allowed,false,Tamil Nadu
631209,Sourcing Allowed,false,Tamil Nadu
631210,Sourcing Allowed,false,Tamil Nadu
631211,Sourcing Allowed,false,Tamil Nadu
631212,Sourcing Allowed,false,Tamil Nadu
631213,Sourcing Allowed,false,Tamil Nadu
631301,Sourcing Allowed,false,Tamil Nadu
631302,Sourcing Allowed,false,Tamil Nadu
631303,Sourcing Allowed,false,Tamil Nadu
631304,Sourcing Allowed,false,Tamil Nadu
631402,Sourcing Allowed,false,Tamil Nadu
631501,Sourcing Allowed,false,Tamil Nadu
631502,Sourcing Allowed,false,Tamil Nadu
631551,Sourcing Allowed,false,Tamil Nadu
631552,Sourcing Allowed,false,Tamil Nadu
631553,Sourcing Allowed,false,Tamil Nadu
631561,Sourcing Allowed,false,Tamil Nadu
631601,Sourcing Allowed,false,Tamil Nadu
631603,Sourcing Allowed,false,Tamil Nadu
631604,Sourcing Allowed,false,Tamil Nadu
631605,Sourcing Allowed,false,Tamil Nadu
631606,Sourcing Allowed,false,Tamil Nadu
631701,Sourcing Allowed,false,Tamil Nadu
632001,Sourcing Allowed,false,Tamil Nadu
632002,Sourcing Allowed,false,Tamil Nadu
632003,Sourcing Allowed,false,Tamil Nadu
632004,Sourcing Allowed,false,Tamil Nadu
632005,Sourcing Allowed,false,Tamil Nadu
632006,Sourcing Allowed,false,Tamil Nadu
632007,Sourcing Allowed,false,Tamil Nadu
632008,Sourcing Allowed,false,Tamil Nadu
632009,Sourcing Allowed,false,Tamil Nadu
632010,Sourcing Allowed,false,Tamil Nadu
632011,Sourcing Allowed,false,Tamil Nadu
632012,Sourcing Allowed,false,Tamil Nadu
632013,Sourcing Allowed,false,Tamil Nadu
632014,Sourcing Allowed,false,Tamil Nadu
632051,Sourcing Allowed,false,Tamil Nadu
632052,Sourcing Allowed,false,Tamil Nadu
632053,Sourcing Allowed,false,Tamil Nadu
632054,Sourcing Allowed,false,Tamil Nadu
632055,Sourcing Allowed,false,Tamil Nadu
632057,Sourcing Allowed,false,Tamil Nadu
632058,Sourcing Allowed,false,Tamil Nadu
632059,Sourcing Allowed,false,Tamil Nadu
632101,Sourcing Allowed,false,Tamil Nadu
632102,Sourcing Allowed,false,Tamil Nadu
632103,Sourcing Allowed,false,Tamil Nadu
632104,Sourcing Allowed,false,Tamil Nadu
632105,Sourcing Allowed,false,Tamil Nadu
632106,Sourcing Allowed,false,Tamil Nadu
632107,Sourcing Allowed,false,Tamil Nadu
632108,Sourcing Allowed,false,Tamil Nadu
632109,Sourcing Allowed,false,Tamil Nadu
632110,Sourcing Allowed,false,Tamil Nadu
632112,Sourcing Allowed,false,Tamil Nadu
632113,Sourcing Allowed,false,Tamil Nadu
632114,Sourcing Allowed,false,Tamil Nadu
632115,Sourcing Allowed,false,Tamil Nadu
632201,Sourcing Allowed,false,Tamil Nadu
632202,Sourcing Allowed,false,Tamil Nadu
632203,Sourcing Allowed,false,Tamil Nadu
632204,Sourcing Allowed,false,Tamil Nadu
632205,Sourcing Allowed,false,Tamil Nadu
632206,Sourcing Allowed,false,Tamil Nadu
632207,Sourcing Allowed,false,Tamil Nadu
632208,Sourcing Allowed,false,Tamil Nadu
632209,Sourcing Allowed,false,Tamil Nadu
632211,Sourcing Allowed,false,Tamil Nadu
632301,Sourcing Allowed,false,Tamil Nadu
632312,Sourcing Allowed,false,Tamil Nadu
632318,Sourcing Allowed,false,Tamil Nadu
632319,Sourcing Allowed,false,Tamil Nadu
632320,Sourcing Allowed,false,Tamil Nadu
632322,Sourcing Allowed,false,Tamil Nadu
632323,Sourcing Allowed,false,Tamil Nadu
632324,Sourcing Allowed,false,Tamil Nadu
632325,Sourcing Allowed,false,Tamil Nadu
632401,Sourcing Allowed,false,Tamil Nadu
632402,Sourcing Allowed,false,Tamil Nadu
632403,Sourcing Allowed,false,Tamil Nadu
632404,Sourcing Allowed,false,Tamil Nadu
632405,Sourcing Allowed,false,Tamil Nadu
632406,Sourcing Allowed,false,Tamil Nadu
632501,Sourcing Allowed,false,Tamil Nadu
632502,Sourcing Allowed,false,Tamil Nadu
632503,Sourcing Allowed,false,Tamil Nadu
632504,Sourcing Allowed,false,Tamil Nadu
632505,Sourcing Allowed,false,Tamil Nadu
632506,Sourcing Allowed,false,Tamil Nadu
632507,Sourcing Allowed,false,Tamil Nadu
632508,Sourcing Allowed,false,Tamil Nadu
632509,Sourcing Allowed,false,Tamil Nadu
632510,Sourcing Allowed,false,Tamil Nadu
632511,Sourcing Allowed,false,Tamil Nadu
632512,Sourcing Allowed,false,Tamil Nadu
632513,Sourcing Allowed,false,Tamil Nadu
632514,Sourcing Allowed,false,Tamil Nadu
632515,Sourcing Allowed,false,Tamil Nadu
632516,Sourcing Allowed,false,Tamil Nadu
632517,Sourcing Allowed,false,Tamil Nadu
632518,Sourcing Allowed,false,Tamil Nadu
632519,Sourcing Allowed,false,Tamil Nadu
632520,Sourcing Allowed,false,Tamil Nadu
632521,Sourcing Allowed,false,Tamil Nadu
632522,Sourcing Allowed,false,Tamil Nadu
632524,Sourcing Allowed,false,Tamil Nadu
632525,Sourcing Allowed,false,Tamil Nadu
632526,Sourcing Allowed,false,Tamil Nadu
632528,Sourcing Allowed,false,Tamil Nadu
632529,Sourcing Allowed,false,Tamil Nadu
632530,Sourcing Allowed,false,Tamil Nadu
632531,Sourcing Allowed,false,Tamil Nadu
632601,Sourcing Allowed,false,Tamil Nadu
632602,Sourcing Allowed,false,Tamil Nadu
632603,Sourcing Allowed,false,Tamil Nadu
632604,Sourcing Allowed,false,Tamil Nadu
632605,Sourcing Allowed,false,Tamil Nadu
632606,Sourcing Allowed,false,Tamil Nadu
632607,Sourcing Allowed,false,Tamil Nadu
632608,Sourcing Allowed,false,Tamil Nadu
635001,Sourcing Allowed,false,Tamil Nadu
635109,Sourcing Allowed,false,Tamil Nadu
635114,Sourcing Allowed,false,Tamil Nadu
635124,Sourcing Allowed,false,Tamil Nadu
635129,Sourcing Allowed,false,Tamil Nadu
635130,Sourcing Allowed,false,Tamil Nadu
635135,Sourcing Allowed,false,Tamil Nadu
635210,Sourcing Allowed,false,Tamil Nadu
635307,Sourcing Allowed,false,Tamil Nadu
635601,Sourcing Allowed,false,Tamil Nadu
635602,Sourcing Allowed,false,Tamil Nadu
635651,Sourcing Allowed,false,Tamil Nadu
635652,Sourcing Allowed,false,Tamil Nadu
635653,Sourcing Allowed,false,Tamil Nadu
635657,Sourcing Allowed,false,Tamil Nadu
635701,Sourcing Allowed,false,Tamil Nadu
635751,Sourcing Allowed,false,Tamil Nadu
635753,Sourcing Allowed,false,Tamil Nadu
635756,Sourcing Allowed,false,Tamil Nadu
635802,Sourcing Allowed,false,Tamil Nadu
635803,Sourcing Allowed,false,Tamil Nadu
635804,Sourcing Allowed,false,Tamil Nadu
635805,Sourcing Allowed,false,Tamil Nadu
635806,Sourcing Allowed,false,Tamil Nadu
635807,Sourcing Allowed,false,Tamil Nadu
635808,Sourcing Allowed,false,Tamil Nadu
635809,Sourcing Allowed,false,Tamil Nadu
635810,Sourcing Allowed,false,Tamil Nadu
635811,Sourcing Allowed,false,Tamil Nadu
635813,Sourcing Allowed,false,Tamil Nadu
635814,Sourcing Allowed,false,Tamil Nadu
635819,Sourcing Allowed,false,Tamil Nadu
635854,Sourcing Allowed,false,Tamil Nadu
635901,Sourcing Allowed,false,Tamil Nadu
636001,Sourcing Allowed,false,Tamil Nadu
636002,Sourcing Allowed,false,Tamil Nadu
636003,Sourcing Allowed,false,Tamil Nadu
636004,Sourcing Allowed,false,Tamil Nadu
636005,Sourcing Allowed,false,Tamil Nadu
636006,Sourcing Allowed,false,Tamil Nadu
636007,Sourcing Allowed,false,Tamil Nadu
636008,Sourcing Allowed,false,Tamil Nadu
636009,Sourcing Allowed,false,Tamil Nadu
636010,Sourcing Allowed,false,Tamil Nadu
636011,Sourcing Allowed,false,Tamil Nadu
636012,Sourcing Allowed,false,Tamil Nadu
636013,Sourcing Allowed,false,Tamil Nadu
636014,Sourcing Allowed,false,Tamil Nadu
636015,Sourcing Allowed,false,Tamil Nadu
636016,Sourcing Allowed,false,Tamil Nadu
636017,Sourcing Allowed,false,Tamil Nadu
636030,Sourcing Allowed,false,Tamil Nadu
636101,Sourcing Allowed,false,Tamil Nadu
636102,Sourcing Allowed,false,Tamil Nadu
636103,Sourcing Allowed,false,Tamil Nadu
636104,Sourcing Allowed,false,Tamil Nadu
636105,Sourcing Allowed,false,Tamil Nadu
636106,Sourcing Allowed,false,Tamil Nadu
636107,Sourcing Allowed,false,Tamil Nadu
636108,Sourcing Allowed,false,Tamil Nadu
636109,Sourcing Allowed,false,Tamil Nadu
636110,Sourcing Allowed,false,Tamil Nadu
636111,Sourcing Allowed,false,Tamil Nadu
636112,Sourcing Allowed,false,Tamil Nadu
636113,Sourcing Allowed,false,Tamil Nadu
636114,Sourcing Allowed,false,Tamil Nadu
636115,Sourcing Allowed,false,Tamil Nadu
636116,Sourcing Allowed,false,Tamil Nadu
636117,Sourcing Allowed,false,Tamil Nadu
636118,Sourcing Allowed,false,Tamil Nadu
636119,Sourcing Allowed,false,Tamil Nadu
636121,Sourcing Allowed,false,Tamil Nadu
636122,Sourcing Allowed,false,Tamil Nadu
636130,Sourcing Allowed,false,Tamil Nadu
636137,Sourcing Allowed,false,Tamil Nadu
636138,Sourcing Allowed,false,Tamil Nadu
636139,Sourcing Allowed,false,Tamil Nadu
636140,Sourcing Allowed,false,Tamil Nadu
636141,Sourcing Allowed,false,Tamil Nadu
636142,Sourcing Allowed,false,Tamil Nadu
636201,Sourcing Allowed,false,Tamil Nadu
636202,Sourcing Allowed,false,Tamil Nadu
636203,Sourcing Allowed,false,Tamil Nadu
636204,Sourcing Allowed,false,Tamil Nadu
636301,Sourcing Allowed,false,Tamil Nadu
636302,Sourcing Allowed,false,Tamil Nadu
636303,Sourcing Allowed,false,Tamil Nadu
636304,Sourcing Allowed,false,Tamil Nadu
636305,Sourcing Allowed,false,Tamil Nadu
636306,Sourcing Allowed,false,Tamil Nadu
636307,Sourcing Allowed,false,Tamil Nadu
636308,Sourcing Allowed,false,Tamil Nadu
636309,Sourcing Allowed,false,Tamil Nadu
636318,Sourcing Allowed,false,Tamil Nadu
636351,Sourcing Allowed,false,Tamil Nadu
636352,Sourcing Allowed,false,Tamil Nadu
636354,Sourcing Allowed,false,Tamil Nadu
636401,Sourcing Allowed,false,Tamil Nadu
636402,Sourcing Allowed,false,Tamil Nadu
636403,Sourcing Allowed,false,Tamil Nadu
636404,Sourcing Allowed,false,Tamil Nadu
636406,Sourcing Allowed,false,Tamil Nadu
636407,Sourcing Allowed,false,Tamil Nadu
636451,Sourcing Allowed,false,Tamil Nadu
636452,Sourcing Allowed,false,Tamil Nadu
636453,Sourcing Allowed,false,Tamil Nadu
636454,Sourcing Allowed,false,Tamil Nadu
636455,Sourcing Allowed,false,Tamil Nadu
636456,Sourcing Allowed,false,Tamil Nadu
636457,Sourcing Allowed,false,Tamil Nadu
636458,Sourcing Allowed,false,Tamil Nadu
636462,Sourcing Allowed,false,Tamil Nadu
636463,Sourcing Allowed,false,Tamil Nadu
636501,Sourcing Allowed,false,Tamil Nadu
636502,Sourcing Allowed,false,Tamil Nadu
636503,Sourcing Allowed,false,Tamil Nadu
636601,Sourcing Allowed,false,Tamil Nadu
636602,Sourcing Allowed,false,Tamil Nadu
636604,Sourcing Allowed,false,Tamil Nadu
636807,Sourcing Allowed,false,Tamil Nadu
636808,Sourcing Allowed,false,Tamil Nadu
636815,Sourcing Allowed,false,Tamil Nadu
636902,Sourcing Allowed,false,Tamil Nadu
636906,Sourcing Allowed,false,Tamil Nadu
637001,Sourcing Allowed,false,Tamil Nadu
637002,Sourcing Allowed,false,Tamil Nadu
637003,Sourcing Allowed,false,Tamil Nadu
637013,Sourcing Allowed,false,Tamil Nadu
637014,Sourcing Allowed,false,Tamil Nadu
637015,Sourcing Allowed,false,Tamil Nadu
637017,Sourcing Allowed,false,Tamil Nadu
637018,Sourcing Allowed,false,Tamil Nadu
637019,Sourcing Allowed,false,Tamil Nadu
637020,Sourcing Allowed,false,Tamil Nadu
637021,Sourcing Allowed,false,Tamil Nadu
637023,Sourcing Allowed,false,Tamil Nadu
637024,Sourcing Allowed,false,Tamil Nadu
637026,Sourcing Allowed,false,Tamil Nadu
637101,Sourcing Allowed,false,Tamil Nadu
637102,Sourcing Allowed,false,Tamil Nadu
637103,Sourcing Allowed,false,Tamil Nadu
637104,Sourcing Allowed,false,Tamil Nadu
637105,Sourcing Allowed,false,Tamil Nadu
637107,Sourcing Allowed,false,Tamil Nadu
637109,Sourcing Allowed,false,Tamil Nadu
637201,Sourcing Allowed,false,Tamil Nadu
637202,Sourcing Allowed,false,Tamil Nadu
637203,Sourcing Allowed,false,Tamil Nadu
637204,Sourcing Allowed,false,Tamil Nadu
637205,Sourcing Allowed,false,Tamil Nadu
637206,Sourcing Allowed,false,Tamil Nadu
637207,Sourcing Allowed,false,Tamil Nadu
637208,Sourcing Allowed,false,Tamil Nadu
637209,Sourcing Allowed,false,Tamil Nadu
637210,Sourcing Allowed,false,Tamil Nadu
637211,Sourcing Allowed,false,Tamil Nadu
637212,Sourcing Allowed,false,Tamil Nadu
637213,Sourcing Allowed,false,Tamil Nadu
637214,Sourcing Allowed,false,Tamil Nadu
637215,Sourcing Allowed,false,Tamil Nadu
637217,Sourcing Allowed,false,Tamil Nadu
637301,Sourcing Allowed,false,Tamil Nadu
637302,Sourcing Allowed,false,Tamil Nadu
637303,Sourcing Allowed,false,Tamil Nadu
637304,Sourcing Allowed,false,Tamil Nadu
637401,Sourcing Allowed,false,Tamil Nadu
637402,Sourcing Allowed,false,Tamil Nadu
637403,Sourcing Allowed,false,Tamil Nadu
637404,Sourcing Allowed,false,Tamil Nadu
637405,Sourcing Allowed,false,Tamil Nadu
637406,Sourcing Allowed,false,Tamil Nadu
637407,Sourcing Allowed,false,Tamil Nadu
637408,Sourcing Allowed,false,Tamil Nadu
637409,Sourcing Allowed,false,Tamil Nadu
637410,Sourcing Allowed,false,Tamil Nadu
637411,Sourcing Allowed,false,Tamil Nadu
637412,Sourcing Allowed,false,Tamil Nadu
637413,Sourcing Allowed,false,Tamil Nadu
637415,Sourcing Allowed,false,Tamil Nadu
637416,Sourcing Allowed,false,Tamil Nadu
637418,Sourcing Allowed,false,Tamil Nadu
637420,Sourcing Allowed,false,Tamil Nadu
637501,Sourcing Allowed,false,Tamil Nadu
637502,Sourcing Allowed,false,Tamil Nadu
637503,Sourcing Allowed,false,Tamil Nadu
637504,Sourcing Allowed,false,Tamil Nadu
637505,Sourcing Allowed,false,Tamil Nadu
637508,Sourcing Allowed,false,Tamil Nadu
638001,Sourcing Allowed,false,Tamil Nadu
638002,Sourcing Allowed,false,Tamil Nadu
638003,Sourcing Allowed,false,Tamil Nadu
638004,Sourcing Allowed,false,Tamil Nadu
638005,Sourcing Allowed,false,Tamil Nadu
638006,Sourcing Allowed,false,Tamil Nadu
638007,Sourcing Allowed,false,Tamil Nadu
638008,Sourcing Allowed,false,Tamil Nadu
638009,Sourcing Allowed,false,Tamil Nadu
638010,Sourcing Allowed,false,Tamil Nadu
638011,Sourcing Allowed,false,Tamil Nadu
638051,Sourcing Allowed,false,Tamil Nadu
638052,Sourcing Allowed,false,Tamil Nadu
638053,Sourcing Allowed,false,Tamil Nadu
638054,Sourcing Allowed,false,Tamil Nadu
638055,Sourcing Allowed,false,Tamil Nadu
638056,Sourcing Allowed,false,Tamil Nadu
638057,Sourcing Allowed,false,Tamil Nadu
638059,Sourcing Allowed,false,Tamil Nadu
638102,Sourcing Allowed,false,Tamil Nadu
638103,Sourcing Allowed,false,Tamil Nadu
638104,Sourcing Allowed,false,Tamil Nadu
638106,Sourcing Allowed,false,Tamil Nadu
638107,Sourcing Allowed,false,Tamil Nadu
638109,Sourcing Allowed,false,Tamil Nadu
638111,Sourcing Allowed,false,Tamil Nadu
638112,Sourcing Allowed,false,Tamil Nadu
638115,Sourcing Allowed,false,Tamil Nadu
638116,Sourcing Allowed,false,Tamil Nadu
638117,Sourcing Allowed,false,Tamil Nadu
638151,Sourcing Allowed,false,Tamil Nadu
638152,Sourcing Allowed,false,Tamil Nadu
638153,Sourcing Allowed,false,Tamil Nadu
638154,Sourcing Allowed,false,Tamil Nadu
638181,Sourcing Allowed,false,Tamil Nadu
638182,Sourcing Allowed,false,Tamil Nadu
638183,Sourcing Allowed,false,Tamil Nadu
638201,Sourcing Allowed,false,Tamil Nadu
638202,Sourcing Allowed,false,Tamil Nadu
638205,Sourcing Allowed,false,Tamil Nadu
638206,Sourcing Allowed,false,Tamil Nadu
638207,Sourcing Allowed,false,Tamil Nadu
638211,Sourcing Allowed,false,Tamil Nadu
638301,Sourcing Allowed,false,Tamil Nadu
638302,Sourcing Allowed,false,Tamil Nadu
638311,Sourcing Allowed,false,Tamil Nadu
638312,Sourcing Allowed,false,Tamil Nadu
638313,Sourcing Allowed,false,Tamil Nadu
638314,Sourcing Allowed,false,Tamil Nadu
638315,Sourcing Allowed,false,Tamil Nadu
638316,Sourcing Allowed,false,Tamil Nadu
638319,Sourcing Allowed,false,Tamil Nadu
638328,Sourcing Allowed,false,Tamil Nadu
638401,Sourcing Allowed,false,Tamil Nadu
638402,Sourcing Allowed,false,Tamil Nadu
638403,Sourcing Allowed,false,Tamil Nadu
638404,Sourcing Allowed,false,Tamil Nadu
638406,Sourcing Allowed,false,Tamil Nadu
638453,Sourcing Allowed,false,Tamil Nadu
638454,Sourcing Allowed,false,Tamil Nadu
638455,Sourcing Allowed,false,Tamil Nadu
638457,Sourcing Allowed,false,Tamil Nadu
638458,Sourcing Allowed,false,Tamil Nadu
638460,Sourcing Allowed,false,Tamil Nadu
638461,Sourcing Allowed,false,Tamil Nadu
638462,Sourcing Allowed,false,Tamil Nadu
638469,Sourcing Allowed,false,Tamil Nadu
638470,Sourcing Allowed,false,Tamil Nadu
638476,Sourcing Allowed,false,Tamil Nadu
638501,Sourcing Allowed,false,Tamil Nadu
638502,Sourcing Allowed,false,Tamil Nadu
638504,Sourcing Allowed,false,Tamil Nadu
638505,Sourcing Allowed,false,Tamil Nadu
638506,Sourcing Allowed,false,Tamil Nadu
638511,Sourcing Allowed,false,Tamil Nadu
638601,Sourcing Allowed,false,Tamil Nadu
638602,Sourcing Allowed,false,Tamil Nadu
638603,Sourcing Allowed,false,Tamil Nadu
638606,Sourcing Allowed,false,Tamil Nadu
638607,Sourcing Allowed,false,Tamil Nadu
638652,Sourcing Allowed,false,Tamil Nadu
638653,Sourcing Allowed,false,Tamil Nadu
638654,Sourcing Allowed,false,Tamil Nadu
638655,Sourcing Allowed,false,Tamil Nadu
638657,Sourcing Allowed,false,Tamil Nadu
638658,Sourcing Allowed,false,Tamil Nadu
638660,Sourcing Allowed,false,Tamil Nadu
638662,Sourcing Allowed,false,Tamil Nadu
638663,Sourcing Allowed,false,Tamil Nadu
638665,Sourcing Allowed,false,Tamil Nadu
638666,Sourcing Allowed,false,Tamil Nadu
638667,Sourcing Allowed,false,Tamil Nadu
638668,Sourcing Allowed,false,Tamil Nadu
638669,Sourcing Allowed,false,Tamil Nadu
638670,Sourcing Allowed,false,Tamil Nadu
638671,Sourcing Allowed,false,Tamil Nadu
638675,Sourcing Allowed,false,Tamil Nadu
638683,Sourcing Allowed,false,Tamil Nadu
638687,Sourcing Allowed,false,Tamil Nadu
638696,Sourcing Allowed,false,Tamil Nadu
638697,Sourcing Allowed,false,Tamil Nadu
638701,Sourcing Allowed,false,Tamil Nadu
638702,Sourcing Allowed,false,Tamil Nadu
638706,Sourcing Allowed,false,Tamil Nadu
638710,Sourcing Allowed,false,Tamil Nadu
638751,Sourcing Allowed,false,Tamil Nadu
638752,Sourcing Allowed,false,Tamil Nadu
638802,Sourcing Allowed,false,Tamil Nadu
638806,Sourcing Allowed,false,Tamil Nadu
638812,Sourcing Allowed,false,Tamil Nadu
639004,Sourcing Allowed,false,Tamil Nadu
639006,Sourcing Allowed,false,Tamil Nadu
639101,Sourcing Allowed,false,Tamil Nadu
639103,Sourcing Allowed,false,Tamil Nadu
639107,Sourcing Allowed,false,Tamil Nadu
639111,Sourcing Allowed,false,Tamil Nadu
639112,Sourcing Allowed,false,Tamil Nadu
639114,Sourcing Allowed,false,Tamil Nadu
639115,Sourcing Allowed,false,Tamil Nadu
639121,Sourcing Allowed,false,Tamil Nadu
639136,Sourcing Allowed,false,Tamil Nadu
639144,Sourcing Allowed,false,Tamil Nadu
639147,Sourcing Allowed,false,Tamil Nadu
639205,Sourcing Allowed,false,Tamil Nadu
639212,Sourcing Allowed,false,Tamil Nadu
641001,Sourcing Allowed,false,Tamil Nadu
641002,Sourcing Allowed,false,Tamil Nadu
641003,Sourcing Allowed,false,Tamil Nadu
641004,Sourcing Allowed,false,Tamil Nadu
641005,Sourcing Allowed,false,Tamil Nadu
641006,Sourcing Allowed,false,Tamil Nadu
641007,Sourcing Allowed,false,Tamil Nadu
641008,Sourcing Allowed,false,Tamil Nadu
641009,Sourcing Allowed,false,Tamil Nadu
641010,Sourcing Allowed,false,Tamil Nadu
641011,Sourcing Allowed,false,Tamil Nadu
641012,Sourcing Allowed,false,Tamil Nadu
641013,Sourcing Allowed,false,Tamil Nadu
641014,Sourcing Allowed,false,Tamil Nadu
641015,Sourcing Allowed,false,Tamil Nadu
641016,Sourcing Allowed,false,Tamil Nadu
641017,Sourcing Allowed,false,Tamil Nadu
641018,Sourcing Allowed,false,Tamil Nadu
641019,Sourcing Allowed,false,Tamil Nadu
641020,Sourcing Allowed,false,Tamil Nadu
641021,Sourcing Allowed,false,Tamil Nadu
641022,Sourcing Allowed,false,Tamil Nadu
641023,Sourcing Allowed,false,Tamil Nadu
641024,Sourcing Allowed,false,Tamil Nadu
641025,Sourcing Allowed,false,Tamil Nadu
641026,Sourcing Allowed,false,Tamil Nadu
641027,Sourcing Allowed,false,Tamil Nadu
641028,Sourcing Allowed,false,Tamil Nadu
641029,Sourcing Allowed,false,Tamil Nadu
641030,Sourcing Allowed,false,Tamil Nadu
641031,Sourcing Allowed,false,Tamil Nadu
641032,Sourcing Allowed,false,Tamil Nadu
641033,Sourcing Allowed,false,Tamil Nadu
641034,Sourcing Allowed,false,Tamil Nadu
641035,Sourcing Allowed,false,Tamil Nadu
641036,Sourcing Allowed,false,Tamil Nadu
641037,Sourcing Allowed,false,Tamil Nadu
641038,Sourcing Allowed,false,Tamil Nadu
641039,Sourcing Allowed,false,Tamil Nadu
641040,Sourcing Allowed,false,Tamil Nadu
641041,Sourcing Allowed,false,Tamil Nadu
641042,Sourcing Allowed,false,Tamil Nadu
641043,Sourcing Allowed,false,Tamil Nadu
641044,Sourcing Allowed,false,Tamil Nadu
641045,Sourcing Allowed,false,Tamil Nadu
641046,Sourcing Allowed,false,Tamil Nadu
641047,Sourcing Allowed,false,Tamil Nadu
641048,Sourcing Allowed,false,Tamil Nadu
641049,Sourcing Allowed,false,Tamil Nadu
641050,Sourcing Allowed,false,Tamil Nadu
641062,Sourcing Allowed,false,Tamil Nadu
641064,Sourcing Allowed,false,Tamil Nadu
641065,Sourcing Allowed,false,Tamil Nadu
641101,Sourcing Allowed,false,Tamil Nadu
641102,Sourcing Allowed,false,Tamil Nadu
641103,Sourcing Allowed,false,Tamil Nadu
641105,Sourcing Allowed,false,Tamil Nadu
641106,Sourcing Allowed,false,Tamil Nadu
641107,Sourcing Allowed,false,Tamil Nadu
641108,Sourcing Allowed,false,Tamil Nadu
641109,Sourcing Allowed,false,Tamil Nadu
641110,Sourcing Allowed,false,Tamil Nadu
641111,Sourcing Allowed,false,Tamil Nadu
641112,Sourcing Allowed,false,Tamil Nadu
641114,Sourcing Allowed,false,Tamil Nadu
641115,Sourcing Allowed,false,Tamil Nadu
641116,Sourcing Allowed,false,Tamil Nadu
641118,Sourcing Allowed,false,Tamil Nadu
641120,Sourcing Allowed,false,Tamil Nadu
641201,Sourcing Allowed,false,Tamil Nadu
641202,Sourcing Allowed,false,Tamil Nadu
641301,Sourcing Allowed,false,Tamil Nadu
641302,Sourcing Allowed,false,Tamil Nadu
641303,Sourcing Allowed,false,Tamil Nadu
641304,Sourcing Allowed,false,Tamil Nadu
641401,Sourcing Allowed,false,Tamil Nadu
641402,Sourcing Allowed,false,Tamil Nadu
641404,Sourcing Allowed,false,Tamil Nadu
641407,Sourcing Allowed,false,Tamil Nadu
641408,Sourcing Allowed,false,Tamil Nadu
641601,Sourcing Allowed,false,Tamil Nadu
641602,Sourcing Allowed,false,Tamil Nadu
641603,Sourcing Allowed,false,Tamil Nadu
641604,Sourcing Allowed,false,Tamil Nadu
641605,Sourcing Allowed,false,Tamil Nadu
641606,Sourcing Allowed,false,Tamil Nadu
641607,Sourcing Allowed,false,Tamil Nadu
641608,Sourcing Allowed,false,Tamil Nadu
641652,Sourcing Allowed,false,Tamil Nadu
641653,Sourcing Allowed,false,Tamil Nadu
641654,Sourcing Allowed,false,Tamil Nadu
641655,Sourcing Allowed,false,Tamil Nadu
641658,Sourcing Allowed,false,Tamil Nadu
641659,Sourcing Allowed,false,Tamil Nadu
641662,Sourcing Allowed,false,Tamil Nadu
641663,Sourcing Allowed,false,Tamil Nadu
641664,Sourcing Allowed,false,Tamil Nadu
641665,Sourcing Allowed,false,Tamil Nadu
641666,Sourcing Allowed,false,Tamil Nadu
641667,Sourcing Allowed,false,Tamil Nadu
641668,Sourcing Allowed,false,Tamil Nadu
641669,Sourcing Allowed,false,Tamil Nadu
641670,Sourcing Allowed,false,Tamil Nadu
641671,Sourcing Allowed,false,Tamil Nadu
641687,Sourcing Allowed,false,Tamil Nadu
642001,Sourcing Allowed,false,Tamil Nadu
642002,Sourcing Allowed,false,Tamil Nadu
642003,Sourcing Allowed,false,Tamil Nadu
642004,Sourcing Allowed,false,Tamil Nadu
642005,Sourcing Allowed,false,Tamil Nadu
642006,Sourcing Allowed,false,Tamil Nadu
642007,Sourcing Allowed,false,Tamil Nadu
642051,Sourcing Allowed,false,Tamil Nadu
642052,Sourcing Allowed,false,Tamil Nadu
642053,Sourcing Allowed,false,Tamil Nadu
642054,Sourcing Allowed,false,Tamil Nadu
642055,Sourcing Allowed,false,Tamil Nadu
642101,Sourcing Allowed,false,Tamil Nadu
642102,Sourcing Allowed,false,Tamil Nadu
642103,Sourcing Allowed,false,Tamil Nadu
642104,Sourcing Allowed,false,Tamil Nadu
642107,Sourcing Allowed,false,Tamil Nadu
642108,Sourcing Allowed,false,Tamil Nadu
642109,Sourcing Allowed,false,Tamil Nadu
642110,Sourcing Allowed,false,Tamil Nadu
642111,Sourcing Allowed,false,Tamil Nadu
642112,Sourcing Allowed,false,Tamil Nadu
642113,Sourcing Allowed,false,Tamil Nadu
642114,Sourcing Allowed,false,Tamil Nadu
642115,Sourcing Allowed,false,Tamil Nadu
642116,Sourcing Allowed,false,Tamil Nadu
642118,Sourcing Allowed,false,Tamil Nadu
642119,Sourcing Allowed,false,Tamil Nadu
642120,Sourcing Allowed,false,Tamil Nadu
642122,Sourcing Allowed,false,Tamil Nadu
642123,Sourcing Allowed,false,Tamil Nadu
642124,Sourcing Allowed,false,Tamil Nadu
642126,Sourcing Allowed,false,Tamil Nadu
642127,Sourcing Allowed,false,Tamil Nadu
642128,Sourcing Allowed,false,Tamil Nadu
642129,Sourcing Allowed,false,Tamil Nadu
642131,Sourcing Allowed,false,Tamil Nadu
642132,Sourcing Allowed,false,Tamil Nadu
642133,Sourcing Allowed,false,Tamil Nadu
642134,Sourcing Allowed,false,Tamil Nadu
642135,Sourcing Allowed,false,Tamil Nadu
642136,Sourcing Allowed,false,Tamil Nadu
642137,Sourcing Allowed,false,Tamil Nadu
642138,Sourcing Allowed,false,Tamil Nadu
642139,Sourcing Allowed,false,Tamil Nadu
642140,Sourcing Allowed,false,Tamil Nadu
642141,Sourcing Allowed,false,Tamil Nadu
642142,Sourcing Allowed,false,Tamil Nadu
642143,Sourcing Allowed,false,Tamil Nadu
642144,Sourcing Allowed,false,Tamil Nadu
642145,Sourcing Allowed,false,Tamil Nadu
642147,Sourcing Allowed,false,Tamil Nadu
642148,Sourcing Allowed,false,Tamil Nadu
642149,Sourcing Allowed,false,Tamil Nadu
642152,Sourcing Allowed,false,Tamil Nadu
642153,Sourcing Allowed,false,Tamil Nadu
642154,Sourcing Allowed,false,Tamil Nadu
642201,Sourcing Allowed,false,Tamil Nadu
642202,Sourcing Allowed,false,Tamil Nadu
642203,Sourcing Allowed,false,Tamil Nadu
642204,Sourcing Allowed,false,Tamil Nadu
642205,Sourcing Allowed,false,Tamil Nadu
642206,Sourcing Allowed,false,Tamil Nadu
642207,Sourcing Allowed,false,Tamil Nadu
643001,Sourcing Allowed,false,Tamil Nadu
643005,Sourcing Allowed,false,Tamil Nadu
643007,Sourcing Allowed,false,Tamil Nadu
643102,Sourcing Allowed,false,Tamil Nadu
643104,Sourcing Allowed,false,Tamil Nadu
643202,Sourcing Allowed,false,Tamil Nadu
643205,Sourcing Allowed,false,Tamil Nadu
643206,Sourcing Allowed,false,Tamil Nadu
643211,Sourcing Allowed,false,Tamil Nadu
643212,Sourcing Allowed,false,Tamil Nadu
643213,Sourcing Allowed,false,Tamil Nadu
643214,Sourcing Allowed,false,Tamil Nadu
643217,Sourcing Allowed,false,Tamil Nadu
643219,Sourcing Allowed,false,Tamil Nadu
643226,Sourcing Allowed,false,Tamil Nadu
643239,Sourcing Allowed,false,Tamil Nadu
643243,Sourcing Allowed,false,Tamil Nadu
643253,Sourcing Allowed,false,Tamil Nadu
670001,Sourcing Allowed,false,Kerala
670002,Sourcing Allowed,false,Kerala
670003,Sourcing Allowed,false,Kerala
670004,Sourcing Allowed,false,Kerala
670005,Sourcing Allowed,false,Kerala
670006,Sourcing Allowed,false,Kerala
670007,Sourcing Allowed,false,Kerala
670008,Sourcing Allowed,false,Kerala
670009,Sourcing Allowed,false,Kerala
670010,Sourcing Allowed,false,Kerala
670011,Sourcing Allowed,false,Kerala
670012,Sourcing Allowed,false,Kerala
670013,Sourcing Allowed,false,Kerala
670014,Sourcing Allowed,false,Kerala
670015,Sourcing Allowed,false,Kerala
670016,Sourcing Allowed,false,Kerala
670017,Sourcing Allowed,false,Kerala
670018,Sourcing Allowed,false,Kerala
670051,Sourcing Allowed,false,Kerala
670101,Sourcing Allowed,false,Kerala
670102,Sourcing Allowed,false,Kerala
670103,Sourcing Allowed,false,Kerala
670104,Sourcing Allowed,false,Kerala
670105,Sourcing Allowed,false,Kerala
670106,Sourcing Allowed,false,Kerala
670107,Sourcing Allowed,false,Kerala
670109,Sourcing Allowed,false,Kerala
670110,Sourcing Allowed,false,Kerala
670141,Sourcing Allowed,false,Kerala
670142,Sourcing Allowed,false,Kerala
670143,Sourcing Allowed,false,Kerala
670144,Sourcing Allowed,false,Kerala
670301,Sourcing Allowed,false,Kerala
670302,Sourcing Allowed,false,Kerala
670303,Sourcing Allowed,false,Kerala
670304,Sourcing Allowed,false,Kerala
670305,Sourcing Allowed,false,Kerala
670306,Sourcing Allowed,false,Kerala
670307,Sourcing Allowed,false,Kerala
670308,Sourcing Allowed,false,Kerala
670309,Sourcing Allowed,false,Kerala
670325,Sourcing Allowed,false,Kerala
670327,Sourcing Allowed,false,Kerala
670330,Sourcing Allowed,false,Kerala
670331,Sourcing Allowed,false,Kerala
670332,Sourcing Allowed,false,Kerala
670333,Sourcing Allowed,false,Kerala
670334,Sourcing Allowed,false,Kerala
670337,Sourcing Allowed,false,Kerala
670339,Sourcing Allowed,false,Kerala
670343,Sourcing Allowed,false,Kerala
670346,Sourcing Allowed,false,Kerala
670354,Sourcing Allowed,false,Kerala
670358,Sourcing Allowed,false,Kerala
670501,Sourcing Allowed,false,Kerala
670502,Sourcing Allowed,false,Kerala
670503,Sourcing Allowed,false,Kerala
670504,Sourcing Allowed,false,Kerala
670511,Sourcing Allowed,false,Kerala
670521,Sourcing Allowed,false,Kerala
670522,Sourcing Allowed,false,Kerala
670561,Sourcing Allowed,false,Kerala
670562,Sourcing Allowed,false,Kerala
670563,Sourcing Allowed,false,Kerala
670564,Sourcing Allowed,false,Kerala
670565,Sourcing Allowed,false,Kerala
670566,Sourcing Allowed,false,Kerala
670567,Sourcing Allowed,false,Kerala
670571,Sourcing Allowed,false,Kerala
670581,Sourcing Allowed,false,Kerala
670582,Sourcing Allowed,false,Kerala
670591,Sourcing Allowed,false,Kerala
670592,Sourcing Allowed,false,Kerala
670593,Sourcing Allowed,false,Kerala
670594,Sourcing Allowed,false,Kerala
670595,Sourcing Allowed,false,Kerala
670597,Sourcing Allowed,false,Kerala
670601,Sourcing Allowed,false,Kerala
670602,Sourcing Allowed,false,Kerala
670603,Sourcing Allowed,false,Kerala
670604,Sourcing Allowed,false,Kerala
670611,Sourcing Allowed,false,Kerala
670612,Sourcing Allowed,false,Kerala
670613,Sourcing Allowed,false,Kerala
670614,Sourcing Allowed,false,Kerala
670621,Sourcing Allowed,false,Kerala
670622,Sourcing Allowed,false,Kerala
670631,Sourcing Allowed,false,Kerala
670632,Sourcing Allowed,false,Kerala
670633,Sourcing Allowed,false,Kerala
670641,Sourcing Allowed,false,Kerala
670642,Sourcing Allowed,false,Kerala
670643,Sourcing Allowed,false,Kerala
670644,Sourcing Allowed,false,Kerala
670645,Sourcing Allowed,false,Kerala
670646,Sourcing Allowed,false,Kerala
670647,Sourcing Allowed,false,Kerala
670649,Sourcing Allowed,false,Kerala
670650,Sourcing Allowed,false,Kerala
670651,Sourcing Allowed,false,Kerala
670661,Sourcing Allowed,false,Kerala
670662,Sourcing Allowed,false,Kerala
670663,Sourcing Allowed,false,Kerala
670671,Sourcing Allowed,false,Kerala
670672,Sourcing Allowed,false,Kerala
670673,Sourcing Allowed,false,Kerala
670674,Sourcing Allowed,false,Kerala
670675,Sourcing Allowed,false,Kerala
670676,Sourcing Allowed,false,Kerala
670677,Sourcing Allowed,false,Kerala
670678,Sourcing Allowed,false,Kerala
670679,Sourcing Allowed,false,Kerala
670691,Sourcing Allowed,false,Kerala
670692,Sourcing Allowed,false,Kerala
670693,Sourcing Allowed,false,Kerala
670694,Sourcing Allowed,false,Kerala
670701,Sourcing Allowed,false,Kerala
670702,Sourcing Allowed,false,Kerala
670703,Sourcing Allowed,false,Kerala
670704,Sourcing Allowed,false,Kerala
670705,Sourcing Allowed,false,Kerala
670706,Sourcing Allowed,false,Kerala
670708,Sourcing Allowed,false,Kerala
670721,Sourcing Allowed,false,Kerala
670731,Sourcing Allowed,false,Kerala
670732,Sourcing Allowed,false,Kerala
670741,Sourcing Allowed,false,Kerala
673001,Sourcing Allowed,false,Kerala
673002,Sourcing Allowed,false,Kerala
673003,Sourcing Allowed,false,Kerala
673004,Sourcing Allowed,false,Kerala
673005,Sourcing Allowed,false,Kerala
673006,Sourcing Allowed,false,Kerala
673007,Sourcing Allowed,false,Kerala
673008,Sourcing Allowed,false,Kerala
673009,Sourcing Allowed,false,Kerala
673010,Sourcing Allowed,false,Kerala
673011,Sourcing Allowed,false,Kerala
673012,Sourcing Allowed,false,Kerala
673013,Sourcing Allowed,false,Kerala
673014,Sourcing Allowed,false,Kerala
673015,Sourcing Allowed,false,Kerala
673016,Sourcing Allowed,false,Kerala
673017,Sourcing Allowed,false,Kerala
673018,Sourcing Allowed,false,Kerala
673019,Sourcing Allowed,false,Kerala
673020,Sourcing Allowed,false,Kerala
673021,Sourcing Allowed,false,Kerala
673023,Sourcing Allowed,false,Kerala
673024,Sourcing Allowed,false,Kerala
673025,Sourcing Allowed,false,Kerala
673026,Sourcing Allowed,false,Kerala
673027,Sourcing Allowed,false,Kerala
673028,Sourcing Allowed,false,Kerala
673029,Sourcing Allowed,false,Kerala
673032,Sourcing Allowed,false,Kerala
673051,Sourcing Allowed,false,Kerala
673101,Sourcing Allowed,false,Kerala
673102,Sourcing Allowed,false,Kerala
673103,Sourcing Allowed,false,Kerala
673104,Sourcing Allowed,false,Kerala
673105,Sourcing Allowed,false,Kerala
673106,Sourcing Allowed,false,Kerala
673107,Sourcing Allowed,false,Kerala
673108,Sourcing Allowed,false,Kerala
673109,Sourcing Allowed,false,Kerala
673110,Sourcing Allowed,false,Kerala
673111,Sourcing Allowed,false,Kerala
673112,Sourcing Allowed,false,Kerala
673121,Sourcing Allowed,false,Kerala
673122,Sourcing Allowed,false,Kerala
673123,Sourcing Allowed,false,Kerala
673124,Sourcing Allowed,false,Kerala
673301,Sourcing Allowed,false,Kerala
673302,Sourcing Allowed,false,Kerala
673303,Sourcing Allowed,false,Kerala
673304,Sourcing Allowed,false,Kerala
673305,Sourcing Allowed,false,Kerala
673306,Sourcing Allowed,false,Kerala
673307,Sourcing Allowed,false,Kerala
673308,Sourcing Allowed,false,Kerala
673309,Sourcing Allowed,false,Kerala
673311,Sourcing Allowed,false,Kerala
673312,Sourcing Allowed,false,Kerala
673313,Sourcing Allowed,false,Kerala
673314,Sourcing Allowed,false,Kerala
673315,Sourcing Allowed,false,Kerala
673316,Sourcing Allowed,false,Kerala
673317,Sourcing Allowed,false,Kerala
673318,Sourcing Allowed,false,Kerala
673321,Sourcing Allowed,false,Kerala
673323,Sourcing Allowed,false,Kerala
673325,Sourcing Allowed,false,Kerala
673326,Sourcing Allowed,false,Kerala
673327,Sourcing Allowed,false,Kerala
673328,Sourcing Allowed,false,Kerala
673501,Sourcing Allowed,false,Kerala
673502,Sourcing Allowed,false,Kerala
673503,Sourcing Allowed,false,Kerala
673504,Sourcing Allowed,false,Kerala
673505,Sourcing Allowed,false,Kerala
673506,Sourcing Allowed,false,Kerala
673507,Sourcing Allowed,false,Kerala
673508,Sourcing Allowed,false,Kerala
673509,Sourcing Allowed,false,Kerala
673510,Sourcing Allowed,false,Kerala
673511,Sourcing Allowed,false,Kerala
673512,Sourcing Allowed,false,Kerala
673513,Sourcing Allowed,false,Kerala
673514,Sourcing Allowed,false,Kerala
673515,Sourcing Allowed,false,Kerala
673516,Sourcing Allowed,false,Kerala
673517,Sourcing Allowed,false,Kerala
673518,Sourcing Allowed,false,Kerala
673519,Sourcing Allowed,false,Kerala
673520,Sourcing Allowed,false,Kerala
673521,Sourcing Allowed,false,Kerala
673522,Sourcing Allowed,false,Kerala
673523,Sourcing Allowed,false,Kerala
673524,Sourcing Allowed,false,Kerala
673525,Sourcing Allowed,false,Kerala
673526,Sourcing Allowed,false,Kerala
673527,Sourcing Allowed,false,Kerala
673528,Sourcing Allowed,false,Kerala
673529,Sourcing Allowed,false,Kerala
673530,Sourcing Allowed,false,Kerala
673532,Sourcing Allowed,false,Kerala
673534,Sourcing Allowed,false,Kerala
673541,Sourcing Allowed,false,Kerala
673542,Sourcing Allowed,false,Kerala
673544,Sourcing Allowed,false,Kerala
673570,Sourcing Allowed,false,Kerala
673571,Sourcing Allowed,false,Kerala
673572,Sourcing Allowed,false,Kerala
673573,Sourcing Allowed,false,Kerala
673574,Sourcing Allowed,false,Kerala
673575,Sourcing Allowed,false,Kerala
673576,Sourcing Allowed,false,Kerala
673577,Sourcing Allowed,false,Kerala
673578,Sourcing Allowed,false,Kerala
673579,Sourcing Allowed,false,Kerala
673580,Sourcing Allowed,false,Kerala
673581,Sourcing Allowed,false,Kerala
673582,Sourcing Allowed,false,Kerala
673583,Sourcing Allowed,false,Kerala
673585,Sourcing Allowed,false,Kerala
673586,Sourcing Allowed,false,Kerala
673589,Sourcing Allowed,false,Kerala
673591,Sourcing Allowed,false,Kerala
673592,Sourcing Allowed,false,Kerala
673593,Sourcing Allowed,false,Kerala
673595,Sourcing Allowed,false,Kerala
673596,Sourcing Allowed,false,Kerala
673601,Sourcing Allowed,false,Kerala
673602,Sourcing Allowed,false,Kerala
673603,Sourcing Allowed,false,Kerala
673604,Sourcing Allowed,false,Kerala
673611,Sourcing Allowed,false,Kerala
673612,Sourcing Allowed,false,Kerala
673613,Sourcing Allowed,false,Kerala
673614,Sourcing Allowed,false,Kerala
673615,Sourcing Allowed,false,Kerala
673616,Sourcing Allowed,false,Kerala
673617,Sourcing Allowed,false,Kerala
673618,Sourcing Allowed,false,Kerala
673619,Sourcing Allowed,false,Kerala
673620,Sourcing Allowed,false,Kerala
673621,Sourcing Allowed,false,Kerala
673623,Sourcing Allowed,false,Kerala
673624,Sourcing Allowed,false,Kerala
673631,Sourcing Allowed,false,Kerala
673632,Sourcing Allowed,false,Kerala
673633,Sourcing Allowed,false,Kerala
673634,Sourcing Allowed,false,Kerala
673635,Sourcing Allowed,false,Kerala
673636,Sourcing Allowed,false,Kerala
673637,Sourcing Allowed,false,Kerala
673638,Sourcing Allowed,false,Kerala
673639,Sourcing Allowed,false,Kerala
673640,Sourcing Allowed,false,Kerala
673641,Sourcing Allowed,false,Kerala
673642,Sourcing Allowed,false,Kerala
673643,Sourcing Allowed,false,Kerala
673644,Sourcing Allowed,false,Kerala
673645,Sourcing Allowed,false,Kerala
673647,Sourcing Allowed,false,Kerala
673648,Sourcing Allowed,false,Kerala
673649,Sourcing Allowed,false,Kerala
673651,Sourcing Allowed,false,Kerala
673652,Sourcing Allowed,false,Kerala
673653,Sourcing Allowed,false,Kerala
673655,Sourcing Allowed,false,Kerala
673661,Sourcing Allowed,false,Kerala
676101,Sourcing Allowed,false,Kerala
676102,Sourcing Allowed,false,Kerala
676103,Sourcing Allowed,false,Kerala
676104,Sourcing Allowed,false,Kerala
676105,Sourcing Allowed,false,Kerala
676106,Sourcing Allowed,false,Kerala
676107,Sourcing Allowed,false,Kerala
676108,Sourcing Allowed,false,Kerala
676109,Sourcing Allowed,false,Kerala
676110,Sourcing Allowed,false,Kerala
676111,Sourcing Allowed,false,Kerala
676121,Sourcing Allowed,false,Kerala
676122,Sourcing Allowed,false,Kerala
676123,Sourcing Allowed,false,Kerala
676126,Sourcing Allowed,false,Kerala
676127,Sourcing Allowed,false,Kerala
676301,Sourcing Allowed,false,Kerala
676302,Sourcing Allowed,false,Kerala
676303,Sourcing Allowed,false,Kerala
676304,Sourcing Allowed,false,Kerala
676305,Sourcing Allowed,false,Kerala
676306,Sourcing Allowed,false,Kerala
676307,Sourcing Allowed,false,Kerala
676308,Sourcing Allowed,false,Kerala
676309,Sourcing Allowed,false,Kerala
676310,Sourcing Allowed,false,Kerala
676311,Sourcing Allowed,false,Kerala
676312,Sourcing Allowed,false,Kerala
676313,Sourcing Allowed,false,Kerala
676315,Sourcing Allowed,false,Kerala
676317,Sourcing Allowed,false,Kerala
676318,Sourcing Allowed,false,Kerala
676319,Sourcing Allowed,false,Kerala
676320,Sourcing Allowed,false,Kerala
676511,Sourcing Allowed,false,Kerala
676513,Sourcing Allowed,false,Kerala
676514,Sourcing Allowed,false,Kerala
676515,Sourcing Allowed,false,Kerala
676517,Sourcing Allowed,false,Kerala
676519,Sourcing Allowed,false,Kerala
676521,Sourcing Allowed,false,Kerala
676522,Sourcing Allowed,false,Kerala
676554,Sourcing Allowed,false,Kerala
676556,Sourcing Allowed,false,Kerala
676557,Sourcing Allowed,false,Kerala
678001,Sourcing Allowed,false,Kerala
678002,Sourcing Allowed,false,Kerala
678003,Sourcing Allowed,false,Kerala
678004,Sourcing Allowed,false,Kerala
678005,Sourcing Allowed,false,Kerala
678006,Sourcing Allowed,false,Kerala
678007,Sourcing Allowed,false,Kerala
678008,Sourcing Allowed,false,Kerala
678009,Sourcing Allowed,false,Kerala
678010,Sourcing Allowed,false,Kerala
678011,Sourcing Allowed,false,Kerala
678012,Sourcing Allowed,false,Kerala
678013,Sourcing Allowed,false,Kerala
678014,Sourcing Allowed,false,Kerala
678015,Sourcing Allowed,false,Kerala
678017,Sourcing Allowed,false,Kerala
678018,Sourcing Allowed,false,Kerala
678019,Sourcing Allowed,false,Kerala
678020,Sourcing Allowed,false,Kerala
678051,Sourcing Allowed,false,Kerala
678101,Sourcing Allowed,false,Kerala
678102,Sourcing Allowed,false,Kerala
678103,Sourcing Allowed,false,Kerala
678104,Sourcing Allowed,false,Kerala
678501,Sourcing Allowed,false,Kerala
678502,Sourcing Allowed,false,Kerala
678503,Sourcing Allowed,false,Kerala
678504,Sourcing Allowed,false,Kerala
678505,Sourcing Allowed,false,Kerala
678506,Sourcing Allowed,false,Kerala
678507,Sourcing Allowed,false,Kerala
678508,Sourcing Allowed,false,Kerala
678510,Sourcing Allowed,false,Kerala
678512,Sourcing Allowed,false,Kerala
678531,Sourcing Allowed,false,Kerala
678532,Sourcing Allowed,false,Kerala
678533,Sourcing Allowed,false,Kerala
678534,Sourcing Allowed,false,Kerala
678541,Sourcing Allowed,false,Kerala
678542,Sourcing Allowed,false,Kerala
678543,Sourcing Allowed,false,Kerala
678544,Sourcing Allowed,false,Kerala
678545,Sourcing Allowed,false,Kerala
678546,Sourcing Allowed,false,Kerala
678547,Sourcing Allowed,false,Kerala
678548,Sourcing Allowed,false,Kerala
678551,Sourcing Allowed,false,Kerala
678552,Sourcing Allowed,false,Kerala
678553,Sourcing Allowed,false,Kerala
678554,Sourcing Allowed,false,Kerala
678555,Sourcing Allowed,false,Kerala
678556,Sourcing Allowed,false,Kerala
678557,Sourcing Allowed,false,Kerala
678558,Sourcing Allowed,false,Kerala
678559,Sourcing Allowed,false,Kerala
678571,Sourcing Allowed,false,Kerala
678572,Sourcing Allowed,false,Kerala
678573,Sourcing Allowed,false,Kerala
678574,Sourcing Allowed,false,Kerala
678575,Sourcing Allowed,false,Kerala
678581,Sourcing Allowed,false,Kerala
678582,Sourcing Allowed,false,Kerala
678583,Sourcing Allowed,false,Kerala
678589,Sourcing Allowed,false,Kerala
678591,Sourcing Allowed,false,Kerala
678592,Sourcing Allowed,false,Kerala
678593,Sourcing Allowed,false,Kerala
678594,Sourcing Allowed,false,Kerala
678595,Sourcing Allowed,false,Kerala
678596,Sourcing Allowed,false,Kerala
678597,Sourcing Allowed,false,Kerala
678598,Sourcing Allowed,false,Kerala
678600,Sourcing Allowed,false,Kerala
678601,Sourcing Allowed,false,Kerala
678605,Sourcing Allowed,false,Kerala
678609,Sourcing Allowed,false,Kerala
678611,Sourcing Allowed,false,Kerala
678612,Sourcing Allowed,false,Kerala
678613,Sourcing Allowed,false,Kerala
678614,Sourcing Allowed,false,Kerala
678615,Sourcing Allowed,false,Kerala
678616,Sourcing Allowed,false,Kerala
678621,Sourcing Allowed,false,Kerala
678622,Sourcing Allowed,false,Kerala
678623,Sourcing Allowed,false,Kerala
678624,Sourcing Allowed,false,Kerala
678631,Sourcing Allowed,false,Kerala
678632,Sourcing Allowed,false,Kerala
678633,Sourcing Allowed,false,Kerala
678634,Sourcing Allowed,false,Kerala
678635,Sourcing Allowed,false,Kerala
678637,Sourcing Allowed,false,Kerala
678641,Sourcing Allowed,false,Kerala
678642,Sourcing Allowed,false,Kerala
678651,Sourcing Allowed,false,Kerala
678661,Sourcing Allowed,false,Kerala
678671,Sourcing Allowed,false,Kerala
678681,Sourcing Allowed,false,Kerala
678682,Sourcing Allowed,false,Kerala
678683,Sourcing Allowed,false,Kerala
678684,Sourcing Allowed,false,Kerala
678685,Sourcing Allowed,false,Kerala
678686,Sourcing Allowed,false,Kerala
678687,Sourcing Allowed,false,Kerala
678688,Sourcing Allowed,false,Kerala
678689,Sourcing Allowed,false,Kerala
678701,Sourcing Allowed,false,Kerala
678702,Sourcing Allowed,false,Kerala
678703,Sourcing Allowed,false,Kerala
678704,Sourcing Allowed,false,Kerala
678705,Sourcing Allowed,false,Kerala
678706,Sourcing Allowed,false,Kerala
678707,Sourcing Allowed,false,Kerala
678709,Sourcing Allowed,false,Kerala
678721,Sourcing Allowed,false,Kerala
678722,Sourcing Allowed,false,Kerala
678731,Sourcing Allowed,false,Kerala
678732,Sourcing Allowed,false,Kerala
678733,Sourcing Allowed,false,Kerala
678752,Sourcing Allowed,false,Kerala
678761,Sourcing Allowed,false,Kerala
678762,Sourcing Allowed,false,Kerala
679101,Sourcing Allowed,false,Kerala
679102,Sourcing Allowed,false,Kerala
679103,Sourcing Allowed,false,Kerala
679104,Sourcing Allowed,false,Kerala
679105,Sourcing Allowed,false,Kerala
679106,Sourcing Allowed,false,Kerala
679121,Sourcing Allowed,false,Kerala
679122,Sourcing Allowed,false,Kerala
679123,Sourcing Allowed,false,Kerala
679124,Sourcing Allowed,false,Kerala
679125,Sourcing Allowed,false,Kerala
679301,Sourcing Allowed,false,Kerala
679302,Sourcing Allowed,false,Kerala
679303,Sourcing Allowed,false,Kerala
679304,Sourcing Allowed,false,Kerala
679305,Sourcing Allowed,false,Kerala
679306,Sourcing Allowed,false,Kerala
679307,Sourcing Allowed,false,Kerala
679308,Sourcing Allowed,false,Kerala
679309,Sourcing Allowed,false,Kerala
679310,Sourcing Allowed,false,Kerala
679311,Sourcing Allowed,false,Kerala
679312,Sourcing Allowed,false,Kerala
679313,Sourcing Allowed,false,Kerala
679314,Sourcing Allowed,false,Kerala
679321,Sourcing Allowed,false,Kerala
679322,Sourcing Allowed,false,Kerala
679323,Sourcing Allowed,false,Kerala
679324,Sourcing Allowed,false,Kerala
679325,Sourcing Allowed,false,Kerala
679326,Sourcing Allowed,false,Kerala
679327,Sourcing Allowed,false,Kerala
679328,Sourcing Allowed,false,Kerala
679329,Sourcing Allowed,false,Kerala
679330,Sourcing Allowed,false,Kerala
679331,Sourcing Allowed,false,Kerala
679332,Sourcing Allowed,false,Kerala
679333,Sourcing Allowed,false,Kerala
679334,Sourcing Allowed,false,Kerala
679335,Sourcing Allowed,false,Kerala
679336,Sourcing Allowed,false,Kerala
679337,Sourcing Allowed,false,Kerala
679338,Sourcing Allowed,false,Kerala
679339,Sourcing Allowed,false,Kerala
679340,Sourcing Allowed,false,Kerala
679341,Sourcing Allowed,false,Kerala
679342,Sourcing Allowed,false,Kerala
679343,Sourcing Allowed,false,Kerala
679344,Sourcing Allowed,false,Kerala
679348,Sourcing Allowed,false,Kerala
679350,Sourcing Allowed,false,Kerala
679351,Sourcing Allowed,false,Kerala
679352,Sourcing Allowed,false,Kerala
679354,Sourcing Allowed,false,Kerala
679355,Sourcing Allowed,false,Kerala
679357,Sourcing Allowed,false,Kerala
679501,Sourcing Allowed,false,Kerala
679502,Sourcing Allowed,false,Kerala
679503,Sourcing Allowed,false,Kerala
679504,Sourcing Allowed,false,Kerala
679505,Sourcing Allowed,false,Kerala
679506,Sourcing Allowed,false,Kerala
679511,Sourcing Allowed,false,Kerala
679512,Sourcing Allowed,false,Kerala
679513,Sourcing Allowed,false,Kerala
679514,Sourcing Allowed,false,Kerala
679515,Sourcing Allowed,false,Kerala
679516,Sourcing Allowed,false,Kerala
679517,Sourcing Allowed,false,Kerala
679518,Sourcing Allowed,false,Kerala
679521,Sourcing Allowed,false,Kerala
679522,Sourcing Allowed,false,Kerala
679523,Sourcing Allowed,false,Kerala
679531,Sourcing Allowed,false,Kerala
679532,Sourcing Allowed,false,Kerala
679533,Sourcing Allowed,false,Kerala
679534,Sourcing Allowed,false,Kerala
679535,Sourcing Allowed,false,Kerala
679536,Sourcing Allowed,false,Kerala
679537,Sourcing Allowed,false,Kerala
679538,Sourcing Allowed,false,Kerala
679551,Sourcing Allowed,false,Kerala
679552,Sourcing Allowed,false,Kerala
679553,Sourcing Allowed,false,Kerala
679554,Sourcing Allowed,false,Kerala
679561,Sourcing Allowed,false,Kerala
679562,Sourcing Allowed,false,Kerala
679563,Sourcing Allowed,false,Kerala
679564,Sourcing Allowed,false,Kerala
679571,Sourcing Allowed,false,Kerala
679572,Sourcing Allowed,false,Kerala
679573,Sourcing Allowed,false,Kerala
679574,Sourcing Allowed,false,Kerala
679575,Sourcing Allowed,false,Kerala
679576,Sourcing Allowed,false,Kerala
679577,Sourcing Allowed,false,Kerala
679578,Sourcing Allowed,false,Kerala
679579,Sourcing Allowed,false,Kerala
679580,Sourcing Allowed,false,Kerala
679581,Sourcing Allowed,false,Kerala
679582,Sourcing Allowed,false,Kerala
679583,Sourcing Allowed,false,Kerala
679584,Sourcing Allowed,false,Kerala
679585,Sourcing Allowed,false,Kerala
679586,Sourcing Allowed,false,Kerala
679587,Sourcing Allowed,false,Kerala
679588,Sourcing Allowed,false,Kerala
679589,Sourcing Allowed,false,Kerala
679591,Sourcing Allowed,false,Kerala
679592,Sourcing Allowed,false,Kerala
679594,Sourcing Allowed,false,Kerala
680001,Sourcing Allowed,false,Kerala
680002,Sourcing Allowed,false,Kerala
680003,Sourcing Allowed,false,Kerala
680004,Sourcing Allowed,false,Kerala
680005,Sourcing Allowed,false,Kerala
680006,Sourcing Allowed,false,Kerala
680007,Sourcing Allowed,false,Kerala
680008,Sourcing Allowed,false,Kerala
680009,Sourcing Allowed,false,Kerala
680010,Sourcing Allowed,false,Kerala
680011,Sourcing Allowed,false,Kerala
680012,Sourcing Allowed,false,Kerala
680013,Sourcing Allowed,false,Kerala
680014,Sourcing Allowed,false,Kerala
680015,Sourcing Allowed,false,Kerala
680016,Sourcing Allowed,false,Kerala
680017,Sourcing Allowed,false,Kerala
680018,Sourcing Allowed,false,Kerala
680020,Sourcing Allowed,false,Kerala
680021,Sourcing Allowed,false,Kerala
680022,Sourcing Allowed,false,Kerala
680026,Sourcing Allowed,false,Kerala
680027,Sourcing Allowed,false,Kerala
680028,Sourcing Allowed,false,Kerala
680101,Sourcing Allowed,false,Kerala
680102,Sourcing Allowed,false,Kerala
680103,Sourcing Allowed,false,Kerala
680104,Sourcing Allowed,false,Kerala
680121,Sourcing Allowed,false,Kerala
680122,Sourcing Allowed,false,Kerala
680123,Sourcing Allowed,false,Kerala
680124,Sourcing Allowed,false,Kerala
680125,Sourcing Allowed,false,Kerala
680301,Sourcing Allowed,false,Kerala
680302,Sourcing Allowed,false,Kerala
680303,Sourcing Allowed,false,Kerala
680304,Sourcing Allowed,false,Kerala
680305,Sourcing Allowed,false,Kerala
680306,Sourcing Allowed,false,Kerala
680307,Sourcing Allowed,false,Kerala
680308,Sourcing Allowed,false,Kerala
680309,Sourcing Allowed,false,Kerala
680310,Sourcing Allowed,false,Kerala
680311,Sourcing Allowed,false,Kerala
680312,Sourcing Allowed,false,Kerala
680313,Sourcing Allowed,false,Kerala
680314,Sourcing Allowed,false,Kerala
680316,Sourcing Allowed,false,Kerala
680317,Sourcing Allowed,false,Kerala
680319,Sourcing Allowed,false,Kerala
680321,Sourcing Allowed,false,Kerala
680322,Sourcing Allowed,false,Kerala
680323,Sourcing Allowed,false,Kerala
680325,Sourcing Allowed,false,Kerala
680501,Sourcing Allowed,false,Kerala
680502,Sourcing Allowed,false,Kerala
680503,Sourcing Allowed,false,Kerala
680504,Sourcing Allowed,false,Kerala
680505,Sourcing Allowed,false,Kerala
680506,Sourcing Allowed,false,Kerala
680507,Sourcing Allowed,false,Kerala
680508,Sourcing Allowed,false,Kerala
680509,Sourcing Allowed,false,Kerala
680510,Sourcing Allowed,false,Kerala
680511,Sourcing Allowed,false,Kerala
680512,Sourcing Allowed,false,Kerala
680513,Sourcing Allowed,false,Kerala
680514,Sourcing Allowed,false,Kerala
680515,Sourcing Allowed,false,Kerala
680516,Sourcing Allowed,false,Kerala
680517,Sourcing Allowed,false,Kerala
680518,Sourcing Allowed,false,Kerala
680519,Sourcing Allowed,false,Kerala
680520,Sourcing Allowed,false,Kerala
680521,Sourcing Allowed,false,Kerala
680522,Sourcing Allowed,false,Kerala
680523,Sourcing Allowed,false,Kerala
680524,Sourcing Allowed,false,Kerala
680541,Sourcing Allowed,false,Kerala
680542,Sourcing Allowed,false,Kerala
680543,Sourcing Allowed,false,Kerala
680544,Sourcing Allowed,false,Kerala
680545,Sourcing Allowed,false,Kerala
680546,Sourcing Allowed,false,Kerala
680547,Sourcing Allowed,false,Kerala
680549,Sourcing Allowed,false,Kerala
680551,Sourcing Allowed,false,Kerala
680552,Sourcing Allowed,false,Kerala
680553,Sourcing Allowed,false,Kerala
680554,Sourcing Allowed,false,Kerala
680555,Sourcing Allowed,false,Kerala
680561,Sourcing Allowed,false,Kerala
680562,Sourcing Allowed,false,Kerala
680563,Sourcing Allowed,false,Kerala
680564,Sourcing Allowed,false,Kerala
680565,Sourcing Allowed,false,Kerala
680566,Sourcing Allowed,false,Kerala
680567,Sourcing Allowed,false,Kerala
680568,Sourcing Allowed,false,Kerala
680569,Sourcing Allowed,false,Kerala
680570,Sourcing Allowed,false,Kerala
680571,Sourcing Allowed,false,Kerala
680573,Sourcing Allowed,false,Kerala
680574,Sourcing Allowed,false,Kerala
680575,Sourcing Allowed,false,Kerala
680581,Sourcing Allowed,false,Kerala
680582,Sourcing Allowed,false,Kerala
680583,Sourcing Allowed,false,Kerala
680584,Sourcing Allowed,false,Kerala
680585,Sourcing Allowed,false,Kerala
680586,Sourcing Allowed,false,Kerala
680587,Sourcing Allowed,false,Kerala
680588,Sourcing Allowed,false,Kerala
680589,Sourcing Allowed,false,Kerala
680590,Sourcing Allowed,false,Kerala
680591,Sourcing Allowed,false,Kerala
680592,Sourcing Allowed,false,Kerala
680593,Sourcing Allowed,false,Kerala
680594,Sourcing Allowed,false,Kerala
680595,Sourcing Allowed,false,Kerala
680596,Sourcing Allowed,false,Kerala
680597,Sourcing Allowed,false,Kerala
680600,Sourcing Allowed,false,Kerala
680601,Sourcing Allowed,false,Kerala
680602,Sourcing Allowed,false,Kerala
680603,Sourcing Allowed,false,Kerala
680604,Sourcing Allowed,false,Kerala
680608,Sourcing Allowed,false,Kerala
680610,Sourcing Allowed,false,Kerala
680611,Sourcing Allowed,false,Kerala
680612,Sourcing Allowed,false,Kerala
680613,Sourcing Allowed,false,Kerala
680614,Sourcing Allowed,false,Kerala
680615,Sourcing Allowed,false,Kerala
680616,Sourcing Allowed,false,Kerala
680617,Sourcing Allowed,false,Kerala
680618,Sourcing Allowed,false,Kerala
680619,Sourcing Allowed,false,Kerala
680620,Sourcing Allowed,false,Kerala
680621,Sourcing Allowed,false,Kerala
680623,Sourcing Allowed,false,Kerala
680631,Sourcing Allowed,false,Kerala
680641,Sourcing Allowed,false,Kerala
680642,Sourcing Allowed,false,Kerala
680651,Sourcing Allowed,false,Kerala
680652,Sourcing Allowed,false,Kerala
680653,Sourcing Allowed,false,Kerala
680654,Sourcing Allowed,false,Kerala
680655,Sourcing Allowed,false,Kerala
680656,Sourcing Allowed,false,Kerala
680657,Sourcing Allowed,false,Kerala
680661,Sourcing Allowed,false,Kerala
680662,Sourcing Allowed,false,Kerala
680663,Sourcing Allowed,false,Kerala
680664,Sourcing Allowed,false,Kerala
680665,Sourcing Allowed,false,Kerala
680666,Sourcing Allowed,false,Kerala
680667,Sourcing Allowed,false,Kerala
680668,Sourcing Allowed,false,Kerala
680669,Sourcing Allowed,false,Kerala
680670,Sourcing Allowed,false,Kerala
680671,Sourcing Allowed,false,Kerala
680672,Sourcing Allowed,false,Kerala
680673,Sourcing Allowed,false,Kerala
680681,Sourcing Allowed,false,Kerala
680682,Sourcing Allowed,false,Kerala
680683,Sourcing Allowed,false,Kerala
680684,Sourcing Allowed,false,Kerala
680685,Sourcing Allowed,false,Kerala
680686,Sourcing Allowed,false,Kerala
680687,Sourcing Allowed,false,Kerala
680688,Sourcing Allowed,false,Kerala
680689,Sourcing Allowed,false,Kerala
680691,Sourcing Allowed,false,Kerala
680693,Sourcing Allowed,false,Kerala
680695,Sourcing Allowed,false,Kerala
680697,Sourcing Allowed,false,Kerala
680699,Sourcing Allowed,false,Kerala
680701,Sourcing Allowed,false,Kerala
680702,Sourcing Allowed,false,Kerala
680703,Sourcing Allowed,false,Kerala
680711,Sourcing Allowed,false,Kerala
680712,Sourcing Allowed,false,Kerala
680721,Sourcing Allowed,false,Kerala
680722,Sourcing Allowed,false,Kerala
680724,Sourcing Allowed,false,Kerala
680731,Sourcing Allowed,false,Kerala
680732,Sourcing Allowed,false,Kerala
680733,Sourcing Allowed,false,Kerala
680734,Sourcing Allowed,false,Kerala
680735,Sourcing Allowed,false,Kerala
680741,Sourcing Allowed,false,Kerala
680751,Sourcing Allowed,false,Kerala
680752,Sourcing Allowed,false,Kerala
680771,Sourcing Allowed,false,Kerala
682001,Sourcing Allowed,false,Kerala
682002,Sourcing Allowed,false,Kerala
682003,Sourcing Allowed,false,Kerala
682004,Sourcing Allowed,false,Kerala
682005,Sourcing Allowed,false,Kerala
682006,Sourcing Allowed,false,Kerala
682007,Sourcing Allowed,false,Kerala
682008,Sourcing Allowed,false,Kerala
682009,Sourcing Allowed,false,Kerala
682010,Sourcing Allowed,false,Kerala
682011,Sourcing Allowed,false,Kerala
682012,Sourcing Allowed,false,Kerala
682013,Sourcing Allowed,false,Kerala
682015,Sourcing Allowed,false,Kerala
682016,Sourcing Allowed,false,Kerala
682017,Sourcing Allowed,false,Kerala
682018,Sourcing Allowed,false,Kerala
682019,Sourcing Allowed,false,Kerala
682020,Sourcing Allowed,false,Kerala
682021,Sourcing Allowed,false,Kerala
682022,Sourcing Allowed,false,Kerala
682023,Sourcing Allowed,false,Kerala
682024,Sourcing Allowed,false,Kerala
682025,Sourcing Allowed,false,Kerala
682026,Sourcing Allowed,false,Kerala
682027,Sourcing Allowed,false,Kerala
682028,Sourcing Allowed,false,Kerala
682029,Sourcing Allowed,false,Kerala
682030,Sourcing Allowed,false,Kerala
682031,Sourcing Allowed,false,Kerala
682032,Sourcing Allowed,false,Kerala
682033,Sourcing Allowed,false,Kerala
682034,Sourcing Allowed,false,Kerala
682035,Sourcing Allowed,false,Kerala
682036,Sourcing Allowed,false,Kerala
682037,Sourcing Allowed,false,Kerala
682038,Sourcing Allowed,false,Kerala
682039,Sourcing Allowed,false,Kerala
682040,Sourcing Allowed,false,Kerala
682041,Sourcing Allowed,false,Kerala
682042,Sourcing Allowed,false,Kerala
682050,Sourcing Allowed,false,Kerala
682051,Sourcing Allowed,false,Kerala
682052,Sourcing Allowed,false,Kerala
682301,Sourcing Allowed,false,Kerala
682302,Sourcing Allowed,false,Kerala
682303,Sourcing Allowed,false,Kerala
682304,Sourcing Allowed,false,Kerala
682305,Sourcing Allowed,false,Kerala
682306,Sourcing Allowed,false,Kerala
682307,Sourcing Allowed,false,Kerala
682308,Sourcing Allowed,false,Kerala
682309,Sourcing Allowed,false,Kerala
682310,Sourcing Allowed,false,Kerala
682311,Sourcing Allowed,false,Kerala
682312,Sourcing Allowed,false,Kerala
682313,Sourcing Allowed,false,Kerala
682314,Sourcing Allowed,false,Kerala
682315,Sourcing Allowed,false,Kerala
682316,Sourcing Allowed,false,Kerala
682317,Sourcing Allowed,false,Kerala
682319,Sourcing Allowed,false,Kerala
682320,Sourcing Allowed,false,Kerala
682501,Sourcing Allowed,false,Kerala
682502,Sourcing Allowed,false,Kerala
682503,Sourcing Allowed,false,Kerala
682504,Sourcing Allowed,false,Kerala
682505,Sourcing Allowed,false,Kerala
682506,Sourcing Allowed,false,Kerala
682507,Sourcing Allowed,false,Kerala
682508,Sourcing Allowed,false,Kerala
682509,Sourcing Allowed,false,Kerala
682510,Sourcing Allowed,false,Kerala
682511,Sourcing Allowed,false,Kerala
683101,Sourcing Allowed,false,Kerala
683102,Sourcing Allowed,false,Kerala
683104,Sourcing Allowed,false,Kerala
683105,Sourcing Allowed,false,Kerala
683106,Sourcing Allowed,false,Kerala
683107,Sourcing Allowed,false,Kerala
683108,Sourcing Allowed,false,Kerala
683109,Sourcing Allowed,false,Kerala
683110,Sourcing Allowed,false,Kerala
683111,Sourcing Allowed,false,Kerala
683112,Sourcing Allowed,false,Kerala
683501,Sourcing Allowed,false,Kerala
683502,Sourcing Allowed,false,Kerala
683503,Sourcing Allowed,false,Kerala
683511,Sourcing Allowed,false,Kerala
683512,Sourcing Allowed,false,Kerala
683513,Sourcing Allowed,false,Kerala
683514,Sourcing Allowed,false,Kerala
683515,Sourcing Allowed,false,Kerala
683516,Sourcing Allowed,false,Kerala
683517,Sourcing Allowed,false,Kerala
683518,Sourcing Allowed,false,Kerala
683519,Sourcing Allowed,false,Kerala
683520,Sourcing Allowed,false,Kerala
683521,Sourcing Allowed,false,Kerala
683522,Sourcing Allowed,false,Kerala
683524,Sourcing Allowed,false,Kerala
683541,Sourcing Allowed,false,Kerala
683542,Sourcing Allowed,false,Kerala
683543,Sourcing Allowed,false,Kerala
683544,Sourcing Allowed,false,Kerala
683545,Sourcing Allowed,false,Kerala
683546,Sourcing Allowed,false,Kerala
683547,Sourcing Allowed,false,Kerala
683548,Sourcing Allowed,false,Kerala
683549,Sourcing Allowed,false,Kerala
683550,Sourcing Allowed,false,Kerala
683553,Sourcing Allowed,false,Kerala
683554,Sourcing Allowed,false,Kerala
683556,Sourcing Allowed,false,Kerala
683557,Sourcing Allowed,false,Kerala
683561,Sourcing Allowed,false,Kerala
683562,Sourcing Allowed,false,Kerala
683563,Sourcing Allowed,false,Kerala
683564,Sourcing Allowed,false,Kerala
683565,Sourcing Allowed,false,Kerala
683571,Sourcing Allowed,false,Kerala
683572,Sourcing Allowed,false,Kerala
683573,Sourcing Allowed,false,Kerala
683574,Sourcing Allowed,false,Kerala
683575,Sourcing Allowed,false,Kerala
683576,Sourcing Allowed,false,Kerala
683577,Sourcing Allowed,false,Kerala
683578,Sourcing Allowed,false,Kerala
683579,Sourcing Allowed,false,Kerala
683580,Sourcing Allowed,false,Kerala
683581,Sourcing Allowed,false,Kerala
683582,Sourcing Allowed,false,Kerala
683583,Sourcing Allowed,false,Kerala
683584,Sourcing Allowed,false,Kerala
683585,Sourcing Allowed,false,Kerala
683586,Sourcing Allowed,false,Kerala
683587,Sourcing Allowed,false,Kerala
683589,Sourcing Allowed,false,Kerala
683593,Sourcing Allowed,false,Kerala
683594,Sourcing Allowed,false,Kerala
685501,Sourcing Allowed,false,Kerala
685502,Sourcing Allowed,false,Kerala
685503,Sourcing Allowed,false,Kerala
685505,Sourcing Allowed,false,Kerala
685506,Sourcing Allowed,false,Kerala
685507,Sourcing Allowed,false,Kerala
685508,Sourcing Allowed,false,Kerala
685509,Sourcing Allowed,false,Kerala
685510,Sourcing Allowed,false,Kerala
685511,Sourcing Allowed,false,Kerala
685512,Sourcing Allowed,false,Kerala
685514,Sourcing Allowed,false,Kerala
685515,Sourcing Allowed,false,Kerala
685531,Sourcing Allowed,false,Kerala
685532,Sourcing Allowed,false,Kerala
685533,Sourcing Allowed,false,Kerala
685535,Sourcing Allowed,false,Kerala
685536,Sourcing Allowed,false,Kerala
685537,Sourcing Allowed,false,Kerala
685538,Sourcing Allowed,false,Kerala
685539,Sourcing Allowed,false,Kerala
685551,Sourcing Allowed,false,Kerala
685552,Sourcing Allowed,false,Kerala
685553,Sourcing Allowed,false,Kerala
685554,Sourcing Allowed,false,Kerala
685556,Sourcing Allowed,false,Kerala
685561,Sourcing Allowed,false,Kerala
685562,Sourcing Allowed,false,Kerala
685563,Sourcing Allowed,false,Kerala
685564,Sourcing Allowed,false,Kerala
685565,Sourcing Allowed,false,Kerala
685566,Sourcing Allowed,false,Kerala
685569,Sourcing Allowed,false,Kerala
685571,Sourcing Allowed,false,Kerala
685581,Sourcing Allowed,false,Kerala
685582,Sourcing Allowed,false,Kerala
685583,Sourcing Allowed,false,Kerala
685584,Sourcing Allowed,false,Kerala
685585,Sourcing Allowed,false,Kerala
685586,Sourcing Allowed,false,Kerala
685587,Sourcing Allowed,false,Kerala
685588,Sourcing Allowed,false,Kerala
685589,Sourcing Allowed,false,Kerala
685590,Sourcing Allowed,false,Kerala
685591,Sourcing Allowed,false,Kerala
685592,Sourcing Allowed,false,Kerala
685595,Sourcing Allowed,false,Kerala
685601,Sourcing Allowed,false,Kerala
685602,Sourcing Allowed,false,Kerala
685603,Sourcing Allowed,false,Kerala
685604,Sourcing Allowed,false,Kerala
685605,Sourcing Allowed,false,Kerala
685606,Sourcing Allowed,false,Kerala
685607,Sourcing Allowed,false,Kerala
685608,Sourcing Allowed,false,Kerala
685609,Sourcing Allowed,false,Kerala
685611,Sourcing Allowed,false,Kerala
685612,Sourcing Allowed,false,Kerala
685613,Sourcing Allowed,false,Kerala
685614,Sourcing Allowed,false,Kerala
685615,Sourcing Allowed,false,Kerala
685616,Sourcing Allowed,false,Kerala
685617,Sourcing Allowed,false,Kerala
685618,Sourcing Allowed,false,Kerala
685619,Sourcing Allowed,false,Kerala
685620,Sourcing Allowed,false,Kerala
685621,Sourcing Allowed,false,Kerala
686001,Sourcing Allowed,false,Kerala
686002,Sourcing Allowed,false,Kerala
686003,Sourcing Allowed,false,Kerala
686004,Sourcing Allowed,false,Kerala
686005,Sourcing Allowed,false,Kerala
686006,Sourcing Allowed,false,Kerala
686007,Sourcing Allowed,false,Kerala
686008,Sourcing Allowed,false,Kerala
686009,Sourcing Allowed,false,Kerala
686010,Sourcing Allowed,false,Kerala
686011,Sourcing Allowed,false,Kerala
686012,Sourcing Allowed,false,Kerala
686013,Sourcing Allowed,false,Kerala
686014,Sourcing Allowed,false,Kerala
686015,Sourcing Allowed,false,Kerala
686016,Sourcing Allowed,false,Kerala
686017,Sourcing Allowed,false,Kerala
686018,Sourcing Allowed,false,Kerala
686019,Sourcing Allowed,false,Kerala
686020,Sourcing Allowed,false,Kerala
686021,Sourcing Allowed,false,Kerala
686022,Sourcing Allowed,false,Kerala
686023,Sourcing Allowed,false,Kerala
686024,Sourcing Allowed,false,Kerala
686025,Sourcing Allowed,false,Kerala
686026,Sourcing Allowed,false,Kerala
686027,Sourcing Allowed,false,Kerala
686029,Sourcing Allowed,false,Kerala
686030,Sourcing Allowed,false,Kerala
686032,Sourcing Allowed,false,Kerala
686033,Sourcing Allowed,false,Kerala
686034,Sourcing Allowed,false,Kerala
686035,Sourcing Allowed,false,Kerala
686036,Sourcing Allowed,false,Kerala
686037,Sourcing Allowed,false,Kerala
686038,Sourcing Allowed,false,Kerala
686039,Sourcing Allowed,false,Kerala
686041,Sourcing Allowed,false,Kerala
686101,Sourcing Allowed,false,Kerala
686102,Sourcing Allowed,false,Kerala
686103,Sourcing Allowed,false,Kerala
686104,Sourcing Allowed,false,Kerala
686105,Sourcing Allowed,false,Kerala
686106,Sourcing Allowed,false,Kerala
686107,Sourcing Allowed,false,Kerala
686121,Sourcing Allowed,false,Kerala
686122,Sourcing Allowed,false,Kerala
686123,Sourcing Allowed,false,Kerala
686124,Sourcing Allowed,false,Kerala
686141,Sourcing Allowed,false,Kerala
686142,Sourcing Allowed,false,Kerala
686143,Sourcing Allowed,false,Kerala
686144,Sourcing Allowed,false,Kerala
686145,Sourcing Allowed,false,Kerala
686146,Sourcing Allowed,false,Kerala
686501,Sourcing Allowed,false,Kerala
686502,Sourcing Allowed,false,Kerala
686503,Sourcing Allowed,false,Kerala
686504,Sourcing Allowed,false,Kerala
686505,Sourcing Allowed,false,Kerala
686506,Sourcing Allowed,false,Kerala
686507,Sourcing Allowed,false,Kerala
686508,Sourcing Allowed,false,Kerala
686509,Sourcing Allowed,false,Kerala
686510,Sourcing Allowed,false,Kerala
686511,Sourcing Allowed,false,Kerala
686512,Sourcing Allowed,false,Kerala
686513,Sourcing Allowed,false,Kerala
686514,Sourcing Allowed,false,Kerala
686515,Sourcing Allowed,false,Kerala
686516,Sourcing Allowed,false,Kerala
686517,Sourcing Allowed,false,Kerala
686518,Sourcing Allowed,false,Kerala
686519,Sourcing Allowed,false,Kerala
686520,Sourcing Allowed,false,Kerala
686521,Sourcing Allowed,false,Kerala
686522,Sourcing Allowed,false,Kerala
686523,Sourcing Allowed,false,Kerala
686531,Sourcing Allowed,false,Kerala
686532,Sourcing Allowed,false,Kerala
686533,Sourcing Allowed,false,Kerala
686534,Sourcing Allowed,false,Kerala
686535,Sourcing Allowed,false,Kerala
686536,Sourcing Allowed,false,Kerala
686537,Sourcing Allowed,false,Kerala
686538,Sourcing Allowed,false,Kerala
686539,Sourcing Allowed,false,Kerala
686540,Sourcing Allowed,false,Kerala
686541,Sourcing Allowed,false,Kerala
686542,Sourcing Allowed,false,Kerala
686543,Sourcing Allowed,false,Kerala
686544,Sourcing Allowed,false,Kerala
686545,Sourcing Allowed,false,Kerala
686546,Sourcing Allowed,false,Kerala
686548,Sourcing Allowed,false,Kerala
686549,Sourcing Allowed,false,Kerala
686550,Sourcing Allowed,false,Kerala
686552,Sourcing Allowed,false,Kerala
686553,Sourcing Allowed,false,Kerala
686555,Sourcing Allowed,false,Kerala
686560,Sourcing Allowed,false,Kerala
686561,Sourcing Allowed,false,Kerala
686562,Sourcing Allowed,false,Kerala
686563,Sourcing Allowed,false,Kerala
686564,Sourcing Allowed,false,Kerala
686566,Sourcing Allowed,false,Kerala
686568,Sourcing Allowed,false,Kerala
686571,Sourcing Allowed,false,Kerala
686572,Sourcing Allowed,false,Kerala
686573,Sourcing Allowed,false,Kerala
686574,Sourcing Allowed,false,Kerala
686575,Sourcing Allowed,false,Kerala
686576,Sourcing Allowed,false,Kerala
686577,Sourcing Allowed,false,Kerala
686578,Sourcing Allowed,false,Kerala
686579,Sourcing Allowed,false,Kerala
686580,Sourcing Allowed,false,Kerala
686581,Sourcing Allowed,false,Kerala
686582,Sourcing Allowed,false,Kerala
686583,Sourcing Allowed,false,Kerala
686584,Sourcing Allowed,false,Kerala
686585,Sourcing Allowed,false,Kerala
686586,Sourcing Allowed,false,Kerala
686587,Sourcing Allowed,false,Kerala
686588,Sourcing Allowed,false,Kerala
686589,Sourcing Allowed,false,Kerala
686591,Sourcing Allowed,false,Kerala
686592,Sourcing Allowed,false,Kerala
686594,Sourcing Allowed,false,Kerala
686595,Sourcing Allowed,false,Kerala
686596,Sourcing Allowed,false,Kerala
686597,Sourcing Allowed,false,Kerala
686600,Sourcing Allowed,false,Kerala
686601,Sourcing Allowed,false,Kerala
686602,Sourcing Allowed,false,Kerala
686603,Sourcing Allowed,false,Kerala
686604,Sourcing Allowed,false,Kerala
686605,Sourcing Allowed,false,Kerala
686606,Sourcing Allowed,false,Kerala
686607,Sourcing Allowed,false,Kerala
686608,Sourcing Allowed,false,Kerala
686609,Sourcing Allowed,false,Kerala
686610,Sourcing Allowed,false,Kerala
686611,Sourcing Allowed,false,Kerala
686612,Sourcing Allowed,false,Kerala
686613,Sourcing Allowed,false,Kerala
686614,Sourcing Allowed,false,Kerala
686615,Sourcing Allowed,false,Kerala
686616,Sourcing Allowed,false,Kerala
686617,Sourcing Allowed,false,Kerala
686620,Sourcing Allowed,false,Kerala
686630,Sourcing Allowed,false,Kerala
686631,Sourcing Allowed,false,Kerala
686632,Sourcing Allowed,false,Kerala
686633,Sourcing Allowed,false,Kerala
686634,Sourcing Allowed,false,Kerala
686635,Sourcing Allowed,false,Kerala
686636,Sourcing Allowed,false,Kerala
686637,Sourcing Allowed,false,Kerala
686638,Sourcing Allowed,false,Kerala
686640,Sourcing Allowed,false,Kerala
686641,Sourcing Allowed,false,Kerala
686642,Sourcing Allowed,false,Kerala
686651,Sourcing Allowed,false,Kerala
686652,Sourcing Allowed,false,Kerala
686653,Sourcing Allowed,false,Kerala
686655,Sourcing Allowed,false,Kerala
686661,Sourcing Allowed,false,Kerala
686662,Sourcing Allowed,false,Kerala
686663,Sourcing Allowed,false,Kerala
686664,Sourcing Allowed,false,Kerala
686665,Sourcing Allowed,false,Kerala
686666,Sourcing Allowed,false,Kerala
686667,Sourcing Allowed,false,Kerala
686668,Sourcing Allowed,false,Kerala
686669,Sourcing Allowed,false,Kerala
686670,Sourcing Allowed,false,Kerala
686671,Sourcing Allowed,false,Kerala
686672,Sourcing Allowed,false,Kerala
686673,Sourcing Allowed,false,Kerala
686674,Sourcing Allowed,false,Kerala
686676,Sourcing Allowed,false,Kerala
686677,Sourcing Allowed,false,Kerala
686679,Sourcing Allowed,false,Kerala
686681,Sourcing Allowed,false,Kerala
686686,Sourcing Allowed,false,Kerala
686687,Sourcing Allowed,false,Kerala
686689,Sourcing Allowed,false,Kerala
686691,Sourcing Allowed,false,Kerala
686692,Sourcing Allowed,false,Kerala
686693,Sourcing Allowed,false,Kerala
686695,Sourcing Allowed,false,Kerala
686698,Sourcing Allowed,false,Kerala
686721,Sourcing Allowed,false,Kerala
686723,Sourcing Allowed,false,Kerala
686726,Sourcing Allowed,false,Kerala
686730,Sourcing Allowed,false,Kerala
688001,Sourcing Allowed,false,Kerala
688002,Sourcing Allowed,false,Kerala
688003,Sourcing Allowed,false,Kerala
688004,Sourcing Allowed,false,Kerala
688005,Sourcing Allowed,false,Kerala
688006,Sourcing Allowed,false,Kerala
688007,Sourcing Allowed,false,Kerala
688008,Sourcing Allowed,false,Kerala
688009,Sourcing Allowed,false,Kerala
688011,Sourcing Allowed,false,Kerala
688012,Sourcing Allowed,false,Kerala
688013,Sourcing Allowed,false,Kerala
688014,Sourcing Allowed,false,Kerala
688501,Sourcing Allowed,false,Kerala
688502,Sourcing Allowed,false,Kerala
688503,Sourcing Allowed,false,Kerala
688504,Sourcing Allowed,false,Kerala
688505,Sourcing Allowed,false,Kerala
688506,Sourcing Allowed,false,Kerala
688508,Sourcing Allowed,false,Kerala
688521,Sourcing Allowed,false,Kerala
688522,Sourcing Allowed,false,Kerala
688523,Sourcing Allowed,false,Kerala
688524,Sourcing Allowed,false,Kerala
688525,Sourcing Allowed,false,Kerala
688526,Sourcing Allowed,false,Kerala
688527,Sourcing Allowed,false,Kerala
688528,Sourcing Allowed,false,Kerala
688529,Sourcing Allowed,false,Kerala
688530,Sourcing Allowed,false,Kerala
688531,Sourcing Allowed,false,Kerala
688532,Sourcing Allowed,false,Kerala
688533,Sourcing Allowed,false,Kerala
688534,Sourcing Allowed,false,Kerala
688535,Sourcing Allowed,false,Kerala
688536,Sourcing Allowed,false,Kerala
688537,Sourcing Allowed,false,Kerala
688538,Sourcing Allowed,false,Kerala
688539,Sourcing Allowed,false,Kerala
688540,Sourcing Allowed,false,Kerala
688541,Sourcing Allowed,false,Kerala
688542,Sourcing Allowed,false,Kerala
688543,Sourcing Allowed,false,Kerala
688544,Sourcing Allowed,false,Kerala
688545,Sourcing Allowed,false,Kerala
688546,Sourcing Allowed,false,Kerala
688547,Sourcing Allowed,false,Kerala
688548,Sourcing Allowed,false,Kerala
688549,Sourcing Allowed,false,Kerala
688550,Sourcing Allowed,false,Kerala
688552,Sourcing Allowed,false,Kerala
688554,Sourcing Allowed,false,Kerala
688555,Sourcing Allowed,false,Kerala
688556,Sourcing Allowed,false,Kerala
688557,Sourcing Allowed,false,Kerala
688558,Sourcing Allowed,false,Kerala
688559,Sourcing Allowed,false,Kerala
688561,Sourcing Allowed,false,Kerala
688562,Sourcing Allowed,false,Kerala
688563,Sourcing Allowed,false,Kerala
688564,Sourcing Allowed,false,Kerala
688565,Sourcing Allowed,false,Kerala
688566,Sourcing Allowed,false,Kerala
688567,Sourcing Allowed,false,Kerala
688570,Sourcing Allowed,false,Kerala
688581,Sourcing Allowed,false,Kerala
688582,Sourcing Allowed,false,Kerala
688583,Sourcing Allowed,false,Kerala
688584,Sourcing Allowed,false,Kerala
688587,Sourcing Allowed,false,Kerala
689109,Sourcing Allowed,false,Kerala
689121,Sourcing Allowed,false,Kerala
689122,Sourcing Allowed,false,Kerala
689123,Sourcing Allowed,false,Kerala
689124,Sourcing Allowed,false,Kerala
689125,Sourcing Allowed,false,Kerala
689126,Sourcing Allowed,false,Kerala
689504,Sourcing Allowed,false,Kerala
689505,Sourcing Allowed,false,Kerala
689506,Sourcing Allowed,false,Kerala
689508,Sourcing Allowed,false,Kerala
689509,Sourcing Allowed,false,Kerala
689510,Sourcing Allowed,false,Kerala
689511,Sourcing Allowed,false,Kerala
689512,Sourcing Allowed,false,Kerala
689520,Sourcing Allowed,false,Kerala
689521,Sourcing Allowed,false,Kerala
689571,Sourcing Allowed,false,Kerala
689572,Sourcing Allowed,false,Kerala
689573,Sourcing Allowed,false,Kerala
689574,Sourcing Allowed,false,Kerala
689575,Sourcing Allowed,false,Kerala
689576,Sourcing Allowed,false,Kerala
689577,Sourcing Allowed,false,Kerala
689579,Sourcing Allowed,false,Kerala
689585,Sourcing Allowed,false,Kerala
689590,Sourcing Allowed,false,Kerala
689595,Sourcing Allowed,false,Kerala
689598,Sourcing Allowed,false,Kerala
689620,Sourcing Allowed,false,Kerala
689622,Sourcing Allowed,false,Kerala
689623,Sourcing Allowed,false,Kerala
689624,Sourcing Allowed,false,Kerala
689627,Sourcing Allowed,false,Kerala
689629,Sourcing Allowed,false,Kerala
689630,Sourcing Allowed,false,Kerala
689695,Sourcing Allowed,false,Kerala
689696,Sourcing Allowed,false,Kerala
689706,Sourcing Allowed,false,Kerala
689721,Sourcing Allowed,false,Kerala
689722,Sourcing Allowed,false,Kerala
689723,Sourcing Allowed,false,Kerala
690101,Sourcing Allowed,false,Kerala
690102,Sourcing Allowed,false,Kerala
690103,Sourcing Allowed,false,Kerala
690104,Sourcing Allowed,false,Kerala
690105,Sourcing Allowed,false,Kerala
690106,Sourcing Allowed,false,Kerala
690107,Sourcing Allowed,false,Kerala
690108,Sourcing Allowed,false,Kerala
690109,Sourcing Allowed,false,Kerala
690110,Sourcing Allowed,false,Kerala
690501,Sourcing Allowed,false,Kerala
690502,Sourcing Allowed,false,Kerala
690503,Sourcing Allowed,false,Kerala
690504,Sourcing Allowed,false,Kerala
690505,Sourcing Allowed,false,Kerala
690506,Sourcing Allowed,false,Kerala
690507,Sourcing Allowed,false,Kerala
690508,Sourcing Allowed,false,Kerala
690509,Sourcing Allowed,false,Kerala
690510,Sourcing Allowed,false,Kerala
690511,Sourcing Allowed,false,Kerala
690512,Sourcing Allowed,false,Kerala
690513,Sourcing Allowed,false,Kerala
690514,Sourcing Allowed,false,Kerala
690515,Sourcing Allowed,false,Kerala
690516,Sourcing Allowed,false,Kerala
690517,Sourcing Allowed,false,Kerala
690518,Sourcing Allowed,false,Kerala
690519,Sourcing Allowed,false,Kerala
690520,Sourcing Allowed,false,Kerala
690521,Sourcing Allowed,false,Kerala
690523,Sourcing Allowed,false,Kerala
690524,Sourcing Allowed,false,Kerala
690525,Sourcing Allowed,false,Kerala
690526,Sourcing Allowed,false,Kerala
690527,Sourcing Allowed,false,Kerala
690528,Sourcing Allowed,false,Kerala
690529,Sourcing Allowed,false,Kerala
690530,Sourcing Allowed,false,Kerala
690531,Sourcing Allowed,false,Kerala
690532,Sourcing Allowed,false,Kerala
690533,Sourcing Allowed,false,Kerala
690534,Sourcing Allowed,false,Kerala
690535,Sourcing Allowed,false,Kerala
690536,Sourcing Allowed,false,Kerala
690537,Sourcing Allowed,false,Kerala
690538,Sourcing Allowed,false,Kerala
690539,Sourcing Allowed,false,Kerala
690540,Sourcing Allowed,false,Kerala
690541,Sourcing Allowed,false,Kerala
690542,Sourcing Allowed,false,Kerala
690543,Sourcing Allowed,false,Kerala
690544,Sourcing Allowed,false,Kerala
690546,Sourcing Allowed,false,Kerala
690547,Sourcing Allowed,false,Kerala
690548,Sourcing Allowed,false,Kerala
690549,Sourcing Allowed,false,Kerala
690550,Sourcing Allowed,false,Kerala
690551,Sourcing Allowed,false,Kerala
690552,Sourcing Allowed,false,Kerala
690553,Sourcing Allowed,false,Kerala
690555,Sourcing Allowed,false,Kerala
690556,Sourcing Allowed,false,Kerala
690558,Sourcing Allowed,false,Kerala
690559,Sourcing Allowed,false,Kerala
690560,Sourcing Allowed,false,Kerala
690561,Sourcing Allowed,false,Kerala
690563,Sourcing Allowed,false,Kerala
690564,Sourcing Allowed,false,Kerala
690565,Sourcing Allowed,false,Kerala
690566,Sourcing Allowed,false,Kerala
690567,Sourcing Allowed,false,Kerala
690568,Sourcing Allowed,false,Kerala
690569,Sourcing Allowed,false,Kerala
690570,Sourcing Allowed,false,Kerala
690571,Sourcing Allowed,false,Kerala
690572,Sourcing Allowed,false,Kerala
690573,Sourcing Allowed,false,Kerala
690574,Sourcing Allowed,false,Kerala
691001,Sourcing Allowed,false,Kerala
691002,Sourcing Allowed,false,Kerala
691003,Sourcing Allowed,false,Kerala
691004,Sourcing Allowed,false,Kerala
691005,Sourcing Allowed,false,Kerala
691006,Sourcing Allowed,false,Kerala
691007,Sourcing Allowed,false,Kerala
691008,Sourcing Allowed,false,Kerala
691009,Sourcing Allowed,false,Kerala
691010,Sourcing Allowed,false,Kerala
691011,Sourcing Allowed,false,Kerala
691012,Sourcing Allowed,false,Kerala
691013,Sourcing Allowed,false,Kerala
691014,Sourcing Allowed,false,Kerala
691015,Sourcing Allowed,false,Kerala
691016,Sourcing Allowed,false,Kerala
691017,Sourcing Allowed,false,Kerala
691018,Sourcing Allowed,false,Kerala
691019,Sourcing Allowed,false,Kerala
691020,Sourcing Allowed,false,Kerala
691021,Sourcing Allowed,false,Kerala
691301,Sourcing Allowed,false,Kerala
691302,Sourcing Allowed,false,Kerala
691303,Sourcing Allowed,false,Kerala
691304,Sourcing Allowed,false,Kerala
691305,Sourcing Allowed,false,Kerala
691306,Sourcing Allowed,false,Kerala
691307,Sourcing Allowed,false,Kerala
691308,Sourcing Allowed,false,Kerala
691309,Sourcing Allowed,false,Kerala
691310,Sourcing Allowed,false,Kerala
691311,Sourcing Allowed,false,Kerala
691312,Sourcing Allowed,false,Kerala
691315,Sourcing Allowed,false,Kerala
691317,Sourcing Allowed,false,Kerala
691318,Sourcing Allowed,false,Kerala
691319,Sourcing Allowed,false,Kerala
691321,Sourcing Allowed,false,Kerala
691322,Sourcing Allowed,false,Kerala
691324,Sourcing Allowed,false,Kerala
691326,Sourcing Allowed,false,Kerala
691329,Sourcing Allowed,false,Kerala
691331,Sourcing Allowed,false,Kerala
691332,Sourcing Allowed,false,Kerala
691333,Sourcing Allowed,false,Kerala
691334,Sourcing Allowed,false,Kerala
691500,Sourcing Allowed,false,Kerala
691501,Sourcing Allowed,false,Kerala
691502,Sourcing Allowed,false,Kerala
691503,Sourcing Allowed,false,Kerala
691504,Sourcing Allowed,false,Kerala
691505,Sourcing Allowed,false,Kerala
691506,Sourcing Allowed,false,Kerala
691507,Sourcing Allowed,false,Kerala
691508,Sourcing Allowed,false,Kerala
691509,Sourcing Allowed,false,Kerala
691510,Sourcing Allowed,false,Kerala
691511,Sourcing Allowed,false,Kerala
691512,Sourcing Allowed,false,Kerala
691513,Sourcing Allowed,false,Kerala
691515,Sourcing Allowed,false,Kerala
691516,Sourcing Allowed,false,Kerala
691517,Sourcing Allowed,false,Kerala
691518,Sourcing Allowed,false,Kerala
691519,Sourcing Allowed,false,Kerala
691520,Sourcing Allowed,false,Kerala
691521,Sourcing Allowed,false,Kerala
691522,Sourcing Allowed,false,Kerala
691530,Sourcing Allowed,false,Kerala
691531,Sourcing Allowed,false,Kerala
691532,Sourcing Allowed,false,Kerala
691533,Sourcing Allowed,false,Kerala
691534,Sourcing Allowed,false,Kerala
691535,Sourcing Allowed,false,Kerala
691536,Sourcing Allowed,false,Kerala
691537,Sourcing Allowed,false,Kerala
691538,Sourcing Allowed,false,Kerala
691539,Sourcing Allowed,false,Kerala
691540,Sourcing Allowed,false,Kerala
691541,Sourcing Allowed,false,Kerala
691542,Sourcing Allowed,false,Kerala
691543,Sourcing Allowed,false,Kerala
691544,Sourcing Allowed,false,Kerala
691545,Sourcing Allowed,false,Kerala
691546,Sourcing Allowed,false,Kerala
691547,Sourcing Allowed,false,Kerala
691548,Sourcing Allowed,false,Kerala
691550,Sourcing Allowed,false,Kerala
691557,Sourcing Allowed,false,Kerala
691559,Sourcing Allowed,false,Kerala
691560,Sourcing Allowed,false,Kerala
691562,Sourcing Allowed,false,Kerala
691566,Sourcing Allowed,false,Kerala
691571,Sourcing Allowed,false,Kerala
691572,Sourcing Allowed,false,Kerala
691573,Sourcing Allowed,false,Kerala
691574,Sourcing Allowed,false,Kerala
691576,Sourcing Allowed,false,Kerala
691577,Sourcing Allowed,false,Kerala
691578,Sourcing Allowed,false,Kerala
691579,Sourcing Allowed,false,Kerala
691580,Sourcing Allowed,false,Kerala
691581,Sourcing Allowed,false,Kerala
691582,Sourcing Allowed,false,Kerala
691583,Sourcing Allowed,false,Kerala
691584,Sourcing Allowed,false,Kerala
691585,Sourcing Allowed,false,Kerala
691587,Sourcing Allowed,false,Kerala
691588,Sourcing Allowed,false,Kerala
691589,Sourcing Allowed,false,Kerala
691590,Sourcing Allowed,false,Kerala
691601,Sourcing Allowed,false,Kerala
691602,Sourcing Allowed,false,Kerala
691604,Sourcing Allowed,false,Kerala
691623,Sourcing Allowed,false,Kerala
691625,Sourcing Allowed,false,Kerala
695001,Sourcing Allowed,false,Kerala
695002,Sourcing Allowed,false,Kerala
695003,Sourcing Allowed,false,Kerala
695004,Sourcing Allowed,false,Kerala
695005,Sourcing Allowed,false,Kerala
695006,Sourcing Allowed,false,Kerala
695007,Sourcing Allowed,false,Kerala
695008,Sourcing Allowed,false,Kerala
695009,Sourcing Allowed,false,Kerala
695010,Sourcing Allowed,false,Kerala
695011,Sourcing Allowed,false,Kerala
695012,Sourcing Allowed,false,Kerala
695013,Sourcing Allowed,false,Kerala
695014,Sourcing Allowed,false,Kerala
695015,Sourcing Allowed,false,Kerala
695016,Sourcing Allowed,false,Kerala
695017,Sourcing Allowed,false,Kerala
695018,Sourcing Allowed,false,Kerala
695019,Sourcing Allowed,false,Kerala
695020,Sourcing Allowed,false,Kerala
695021,Sourcing Allowed,false,Kerala
695022,Sourcing Allowed,false,Kerala
695023,Sourcing Allowed,false,Kerala
695024,Sourcing Allowed,false,Kerala
695025,Sourcing Allowed,false,Kerala
695026,Sourcing Allowed,false,Kerala
695027,Sourcing Allowed,false,Kerala
695028,Sourcing Allowed,false,Kerala
695029,Sourcing Allowed,false,Kerala
695030,Sourcing Allowed,false,Kerala
695031,Sourcing Allowed,false,Kerala
695032,Sourcing Allowed,false,Kerala
695033,Sourcing Allowed,false,Kerala
695034,Sourcing Allowed,false,Kerala
695035,Sourcing Allowed,false,Kerala
695036,Sourcing Allowed,false,Kerala
695038,Sourcing Allowed,false,Kerala
695039,Sourcing Allowed,false,Kerala
695040,Sourcing Allowed,false,Kerala
695042,Sourcing Allowed,false,Kerala
695043,Sourcing Allowed,false,Kerala
695051,Sourcing Allowed,false,Kerala
695099,Sourcing Allowed,false,Kerala
695101,Sourcing Allowed,false,Kerala
695102,Sourcing Allowed,false,Kerala
695103,Sourcing Allowed,false,Kerala
695104,Sourcing Allowed,false,Kerala
695120,Sourcing Allowed,false,Kerala
695121,Sourcing Allowed,false,Kerala
695122,Sourcing Allowed,false,Kerala
695123,Sourcing Allowed,false,Kerala
695124,Sourcing Allowed,false,Kerala
695125,Sourcing Allowed,false,Kerala
695126,Sourcing Allowed,false,Kerala
695127,Sourcing Allowed,false,Kerala
695130,Sourcing Allowed,false,Kerala
695131,Sourcing Allowed,false,Kerala
695132,Sourcing Allowed,false,Kerala
695133,Sourcing Allowed,false,Kerala
695134,Sourcing Allowed,false,Kerala
695141,Sourcing Allowed,false,Kerala
695142,Sourcing Allowed,false,Kerala
695143,Sourcing Allowed,false,Kerala
695144,Sourcing Allowed,false,Kerala
695145,Sourcing Allowed,false,Kerala
695146,Sourcing Allowed,false,Kerala
695301,Sourcing Allowed,false,Kerala
695302,Sourcing Allowed,false,Kerala
695303,Sourcing Allowed,false,Kerala
695304,Sourcing Allowed,false,Kerala
695305,Sourcing Allowed,false,Kerala
695306,Sourcing Allowed,false,Kerala
695307,Sourcing Allowed,false,Kerala
695308,Sourcing Allowed,false,Kerala
695309,Sourcing Allowed,false,Kerala
695310,Sourcing Allowed,false,Kerala
695311,Sourcing Allowed,false,Kerala
695312,Sourcing Allowed,false,Kerala
695313,Sourcing Allowed,false,Kerala
695314,Sourcing Allowed,false,Kerala
695315,Sourcing Allowed,false,Kerala
695316,Sourcing Allowed,false,Kerala
695317,Sourcing Allowed,false,Kerala
695318,Sourcing Allowed,false,Kerala
695501,Sourcing Allowed,false,Kerala
695502,Sourcing Allowed,false,Kerala
695503,Sourcing Allowed,false,Kerala
695504,Sourcing Allowed,false,Kerala
695505,Sourcing Allowed,false,Kerala
695506,Sourcing Allowed,false,Kerala
695507,Sourcing Allowed,false,Kerala
695508,Sourcing Allowed,false,Kerala
695509,Sourcing Allowed,false,Kerala
695510,Sourcing Allowed,false,Kerala
695512,Sourcing Allowed,false,Kerala
695513,Sourcing Allowed,false,Kerala
695521,Sourcing Allowed,false,Kerala
695522,Sourcing Allowed,false,Kerala
695523,Sourcing Allowed,false,Kerala
695524,Sourcing Allowed,false,Kerala
695525,Sourcing Allowed,false,Kerala
695526,Sourcing Allowed,false,Kerala
695527,Sourcing Allowed,false,Kerala
695528,Sourcing Allowed,false,Kerala
695541,Sourcing Allowed,false,Kerala
695542,Sourcing Allowed,false,Kerala
695543,Sourcing Allowed,false,Kerala
695544,Sourcing Allowed,false,Kerala
695547,Sourcing Allowed,false,Kerala
695551,Sourcing Allowed,false,Kerala
695557,Sourcing Allowed,false,Kerala
695560,Sourcing Allowed,false,Kerala
695561,Sourcing Allowed,false,Kerala
695562,Sourcing Allowed,false,Kerala
695563,Sourcing Allowed,false,Kerala
695564,Sourcing Allowed,false,Kerala
695568,Sourcing Allowed,false,Kerala
695570,Sourcing Allowed,false,Kerala
695571,Sourcing Allowed,false,Kerala
695572,Sourcing Allowed,false,Kerala
695573,Sourcing Allowed,false,Kerala
695574,Sourcing Allowed,false,Kerala
695575,Sourcing Allowed,false,Kerala
695581,Sourcing Allowed,false,Kerala
695582,Sourcing Allowed,false,Kerala
695583,Sourcing Allowed,false,Kerala
695584,Sourcing Allowed,false,Kerala
695585,Sourcing Allowed,false,Kerala
695586,Sourcing Allowed,false,Kerala
695587,Sourcing Allowed,false,Kerala
695588,Sourcing Allowed,false,Kerala
695589,Sourcing Allowed,false,Kerala
695601,Sourcing Allowed,false,Kerala
695602,Sourcing Allowed,false,Kerala
695603,Sourcing Allowed,false,Kerala
695604,Sourcing Allowed,false,Kerala
695605,Sourcing Allowed,false,Kerala
695606,Sourcing Allowed,false,Kerala
695607,Sourcing Allowed,false,Kerala
695608,Sourcing Allowed,false,Kerala
695609,Sourcing Allowed,false,Kerala
695610,Sourcing Allowed,false,Kerala
695611,Sourcing Allowed,false,Kerala
695612,Sourcing Allowed,false,Kerala
695614,Sourcing Allowed,false,Kerala
695615,Sourcing Allowed,false,Kerala
695616,Sourcing Allowed,false,Kerala
695618,Sourcing Allowed,false,Kerala
700001,Sourcing Allowed,false,West Bengal
700002,Sourcing Allowed,false,West Bengal
700003,Sourcing Allowed,false,West Bengal
700004,Sourcing Allowed,false,West Bengal
700005,Sourcing Allowed,false,West Bengal
700006,Sourcing Allowed,false,West Bengal
700007,Sourcing Allowed,false,West Bengal
700008,Sourcing Allowed,false,West Bengal
700009,Sourcing Allowed,false,West Bengal
700010,Sourcing Allowed,false,West Bengal
700011,Sourcing Allowed,false,West Bengal
700012,Sourcing Allowed,false,West Bengal
700013,Sourcing Allowed,false,West Bengal
700014,Sourcing Allowed,false,West Bengal
700015,Sourcing Allowed,false,West Bengal
700016,Sourcing Allowed,false,West Bengal
700017,Sourcing Allowed,false,West Bengal
700018,Sourcing Allowed,false,West Bengal
700019,Sourcing Allowed,false,West Bengal
700020,Sourcing Allowed,false,West Bengal
700021,Sourcing Allowed,false,West Bengal
700022,Sourcing Allowed,false,West Bengal
700023,Sourcing Allowed,false,West Bengal
700024,Sourcing Allowed,false,West Bengal
700025,Sourcing Allowed,false,West Bengal
700026,Sourcing Allowed,false,West Bengal
700027,Sourcing Allowed,false,West Bengal
700028,Sourcing Allowed,false,West Bengal
700029,Sourcing Allowed,false,West Bengal
700030,Sourcing Allowed,false,West Bengal
700031,Sourcing Allowed,false,West Bengal
700032,Sourcing Allowed,false,West Bengal
700033,Sourcing Allowed,false,West Bengal
700034,Sourcing Allowed,false,West Bengal
700035,Sourcing Allowed,false,West Bengal
700036,Sourcing Allowed,false,West Bengal
700037,Sourcing Allowed,false,West Bengal
700038,Sourcing Allowed,false,West Bengal
700039,Sourcing Allowed,false,West Bengal
700040,Sourcing Allowed,false,West Bengal
700041,Sourcing Allowed,false,West Bengal
700042,Sourcing Allowed,false,West Bengal
700043,Sourcing Allowed,false,West Bengal
700044,Sourcing Allowed,false,West Bengal
700045,Sourcing Allowed,false,West Bengal
700046,Sourcing Allowed,false,West Bengal
700047,Sourcing Allowed,false,West Bengal
700048,Sourcing Allowed,false,West Bengal
700049,Sourcing Allowed,false,West Bengal
700050,Sourcing Allowed,false,West Bengal
700051,Sourcing Allowed,false,West Bengal
700052,Sourcing Allowed,false,West Bengal
700053,Sourcing Allowed,false,West Bengal
700054,Sourcing Allowed,false,West Bengal
700055,Sourcing Allowed,false,West Bengal
700056,Sourcing Allowed,false,West Bengal
700057,Sourcing Allowed,false,West Bengal
700058,Sourcing Allowed,false,West Bengal
700059,Sourcing Allowed,false,West Bengal
700060,Sourcing Allowed,false,West Bengal
700061,Sourcing Allowed,false,West Bengal
700062,Sourcing Allowed,false,West Bengal
700063,Sourcing Allowed,false,West Bengal
700064,Sourcing Allowed,false,West Bengal
700065,Sourcing Allowed,false,West Bengal
700066,Sourcing Allowed,false,West Bengal
700067,Sourcing Allowed,false,West Bengal
700068,Sourcing Allowed,false,West Bengal
700069,Sourcing Allowed,false,West Bengal
700070,Sourcing Allowed,false,West Bengal
700071,Sourcing Allowed,false,West Bengal
700072,Sourcing Allowed,false,West Bengal
700073,Sourcing Allowed,false,West Bengal
700074,Sourcing Allowed,false,West Bengal
700075,Sourcing Allowed,false,West Bengal
700076,Sourcing Allowed,false,West Bengal
700077,Sourcing Allowed,false,West Bengal
700078,Sourcing Allowed,false,West Bengal
700079,Sourcing Allowed,false,West Bengal
700080,Sourcing Allowed,false,West Bengal
700081,Sourcing Allowed,false,West Bengal
700082,Sourcing Allowed,false,West Bengal
700083,Sourcing Allowed,false,West Bengal
700084,Sourcing Allowed,false,West Bengal
700085,Sourcing Allowed,false,West Bengal
700086,Sourcing Allowed,false,West Bengal
700087,Sourcing Allowed,false,West Bengal
700088,Sourcing Allowed,false,West Bengal
700089,Sourcing Allowed,false,West Bengal
700090,Sourcing Allowed,false,West Bengal
700091,Sourcing Allowed,false,West Bengal
700092,Sourcing Allowed,false,West Bengal
700093,Sourcing Allowed,false,West Bengal
700094,Sourcing Allowed,false,West Bengal
700095,Sourcing Allowed,false,West Bengal
700096,Sourcing Allowed,false,West Bengal
700097,Sourcing Allowed,false,West Bengal
700098,Sourcing Allowed,false,West Bengal
700099,Sourcing Allowed,false,West Bengal
700100,Sourcing Allowed,false,West Bengal
700101,Sourcing Allowed,false,West Bengal
700102,Sourcing Allowed,false,West Bengal
700103,Sourcing Allowed,false,West Bengal
700104,Sourcing Allowed,false,West Bengal
700105,Sourcing Allowed,false,West Bengal
700106,Sourcing Allowed,false,West Bengal
700107,Sourcing Allowed,false,West Bengal
700108,Sourcing Allowed,false,West Bengal
700109,Sourcing Allowed,false,West Bengal
700110,Sourcing Allowed,false,West Bengal
700111,Sourcing Allowed,false,West Bengal
700112,Sourcing Allowed,false,West Bengal
700113,Sourcing Allowed,false,West Bengal
700114,Sourcing Allowed,false,West Bengal
700115,Sourcing Allowed,false,West Bengal
700116,Sourcing Allowed,false,West Bengal
700117,Sourcing Allowed,false,West Bengal
700118,Sourcing Allowed,false,West Bengal
700119,Sourcing Allowed,false,West Bengal
700120,Sourcing Allowed,false,West Bengal
700121,Sourcing Allowed,false,West Bengal
700122,Sourcing Allowed,false,West Bengal
700123,Sourcing Allowed,false,West Bengal
700124,Sourcing Allowed,false,West Bengal
700125,Sourcing Allowed,false,West Bengal
700126,Sourcing Allowed,false,West Bengal
700127,Sourcing Allowed,false,West Bengal
700128,Sourcing Allowed,false,West Bengal
700129,Sourcing Allowed,false,West Bengal
700130,Sourcing Allowed,false,West Bengal
700131,Sourcing Allowed,false,West Bengal
700132,Sourcing Allowed,false,West Bengal
700133,Sourcing Allowed,false,West Bengal
700134,Sourcing Allowed,false,West Bengal
700135,Sourcing Allowed,false,West Bengal
700136,Sourcing Allowed,false,West Bengal
700137,Sourcing Allowed,false,West Bengal
700138,Sourcing Allowed,false,West Bengal
700139,Sourcing Allowed,false,West Bengal
700140,Sourcing Allowed,false,West Bengal
700141,Sourcing Allowed,false,West Bengal
700142,Sourcing Allowed,false,West Bengal
700143,Sourcing Allowed,false,West Bengal
700144,Sourcing Allowed,false,West Bengal
700145,Sourcing Allowed,false,West Bengal
700146,Sourcing Allowed,false,West Bengal
700147,Sourcing Allowed,false,West Bengal
700148,Sourcing Allowed,false,West Bengal
700149,Sourcing Allowed,false,West Bengal
700150,Sourcing Allowed,false,West Bengal
700151,Sourcing Allowed,false,West Bengal
700152,Sourcing Allowed,false,West Bengal
700153,Sourcing Allowed,false,West Bengal
700154,Sourcing Allowed,false,West Bengal
700155,Sourcing Allowed,false,West Bengal
700156,Sourcing Allowed,false,West Bengal
700157,Sourcing Allowed,false,West Bengal
700158,Sourcing Allowed,false,West Bengal
700159,Sourcing Allowed,false,West Bengal
700160,Sourcing Allowed,false,West Bengal
700161,Sourcing Allowed,false,West Bengal
700162,Sourcing Allowed,false,West Bengal
700163,Sourcing Allowed,false,West Bengal
711101,Sourcing Allowed,false,West Bengal
711102,Sourcing Allowed,false,West Bengal
711103,Sourcing Allowed,false,West Bengal
711104,Sourcing Allowed,false,West Bengal
711105,Sourcing Allowed,false,West Bengal
711106,Sourcing Allowed,false,West Bengal
711107,Sourcing Allowed,false,West Bengal
711108,Sourcing Allowed,false,West Bengal
711109,Sourcing Allowed,false,West Bengal
711110,Sourcing Allowed,false,West Bengal
711111,Sourcing Allowed,false,West Bengal
711112,Sourcing Allowed,false,West Bengal
711113,Sourcing Allowed,false,West Bengal
711114,Sourcing Allowed,false,West Bengal
711115,Sourcing Allowed,false,West Bengal
711201,Sourcing Allowed,false,West Bengal
711202,Sourcing Allowed,false,West Bengal
711203,Sourcing Allowed,false,West Bengal
711204,Sourcing Allowed,false,West Bengal
711205,Sourcing Allowed,false,West Bengal
711206,Sourcing Allowed,false,West Bengal
711225,Sourcing Allowed,false,West Bengal
711226,Sourcing Allowed,false,West Bengal
711227,Sourcing Allowed,false,West Bengal
711301,Sourcing Allowed,false,West Bengal
711302,Sourcing Allowed,false,West Bengal
711303,Sourcing Allowed,false,West Bengal
711304,Sourcing Allowed,false,West Bengal
711305,Sourcing Allowed,false,West Bengal
711306,Sourcing Allowed,false,West Bengal
711307,Sourcing Allowed,false,West Bengal
711308,Sourcing Allowed,false,West Bengal
711309,Sourcing Allowed,false,West Bengal
711310,Sourcing Allowed,false,West Bengal
711312,Sourcing Allowed,false,West Bengal
711313,Sourcing Allowed,false,West Bengal
711314,Sourcing Allowed,false,West Bengal
711315,Sourcing Allowed,false,West Bengal
711316,Sourcing Allowed,false,West Bengal
711317,Sourcing Allowed,false,West Bengal
711322,Sourcing Allowed,false,West Bengal
711324,Sourcing Allowed,false,West Bengal
711325,Sourcing Allowed,false,West Bengal
711326,Sourcing Allowed,false,West Bengal
711327,Sourcing Allowed,false,West Bengal
711328,Sourcing Allowed,false,West Bengal
711331,Sourcing Allowed,false,West Bengal
711401,Sourcing Allowed,false,West Bengal
711403,Sourcing Allowed,false,West Bengal
711404,Sourcing Allowed,false,West Bengal
711405,Sourcing Allowed,false,West Bengal
711408,Sourcing Allowed,false,West Bengal
711409,Sourcing Allowed,false,West Bengal
711410,Sourcing Allowed,false,West Bengal
711411,Sourcing Allowed,false,West Bengal
711412,Sourcing Allowed,false,West Bengal
711413,Sourcing Allowed,false,West Bengal
711414,Sourcing Allowed,false,West Bengal
711415,Sourcing Allowed,false,West Bengal
711416,Sourcing Allowed,false,West Bengal
712101,Sourcing Allowed,false,West Bengal
712102,Sourcing Allowed,false,West Bengal
712103,Sourcing Allowed,false,West Bengal
712104,Sourcing Allowed,false,West Bengal
712105,Sourcing Allowed,false,West Bengal
712121,Sourcing Allowed,false,West Bengal
712122,Sourcing Allowed,false,West Bengal
712123,Sourcing Allowed,false,West Bengal
712124,Sourcing Allowed,false,West Bengal
712125,Sourcing Allowed,false,West Bengal
712134,Sourcing Allowed,false,West Bengal
712135,Sourcing Allowed,false,West Bengal
712136,Sourcing Allowed,false,West Bengal
712137,Sourcing Allowed,false,West Bengal
712138,Sourcing Allowed,false,West Bengal
712139,Sourcing Allowed,false,West Bengal
712146,Sourcing Allowed,false,West Bengal
712147,Sourcing Allowed,false,West Bengal
712148,Sourcing Allowed,false,West Bengal
712149,Sourcing Allowed,false,West Bengal
712150,Sourcing Allowed,false,West Bengal
712152,Sourcing Allowed,false,West Bengal
712154,Sourcing Allowed,false,West Bengal
712156,Sourcing Allowed,false,West Bengal
712157,Sourcing Allowed,false,West Bengal
712158,Sourcing Allowed,false,West Bengal
712201,Sourcing Allowed,false,West Bengal
712202,Sourcing Allowed,false,West Bengal
712203,Sourcing Allowed,false,West Bengal
712204,Sourcing Allowed,false,West Bengal
712221,Sourcing Allowed,false,West Bengal
712222,Sourcing Allowed,false,West Bengal
712223,Sourcing Allowed,false,West Bengal
712232,Sourcing Allowed,false,West Bengal
712233,Sourcing Allowed,false,West Bengal
712234,Sourcing Allowed,false,West Bengal
712235,Sourcing Allowed,false,West Bengal
712245,Sourcing Allowed,false,West Bengal
712246,Sourcing Allowed,false,West Bengal
712247,Sourcing Allowed,false,West Bengal
712248,Sourcing Allowed,false,West Bengal
712249,Sourcing Allowed,false,West Bengal
712250,Sourcing Allowed,false,West Bengal
712258,Sourcing Allowed,false,West Bengal
712301,Sourcing Allowed,false,West Bengal
712302,Sourcing Allowed,false,West Bengal
712303,Sourcing Allowed,false,West Bengal
712304,Sourcing Allowed,false,West Bengal
712305,Sourcing Allowed,false,West Bengal
712306,Sourcing Allowed,false,West Bengal
712308,Sourcing Allowed,false,West Bengal
712309,Sourcing Allowed,false,West Bengal
712310,Sourcing Allowed,false,West Bengal
712311,Sourcing Allowed,false,West Bengal
712401,Sourcing Allowed,false,West Bengal
712402,Sourcing Allowed,false,West Bengal
712403,Sourcing Allowed,false,West Bengal
712404,Sourcing Allowed,false,West Bengal
712405,Sourcing Allowed,false,West Bengal
712406,Sourcing Allowed,false,West Bengal
712407,Sourcing Allowed,false,West Bengal
712408,Sourcing Allowed,false,West Bengal
712409,Sourcing Allowed,false,West Bengal
712410,Sourcing Allowed,false,West Bengal
712411,Sourcing Allowed,false,West Bengal
712412,Sourcing Allowed,false,West Bengal
712413,Sourcing Allowed,false,West Bengal
712414,Sourcing Allowed,false,West Bengal
712415,Sourcing Allowed,false,West Bengal
712416,Sourcing Allowed,false,West Bengal
712417,Sourcing Allowed,false,West Bengal
712418,Sourcing Allowed,false,West Bengal
712419,Sourcing Allowed,false,West Bengal
712420,Sourcing Allowed,false,West Bengal
712422,Sourcing Allowed,false,West Bengal
712423,Sourcing Allowed,false,West Bengal
712424,Sourcing Allowed,false,West Bengal
712426,Sourcing Allowed,false,West Bengal
712428,Sourcing Allowed,false,West Bengal
712429,Sourcing Allowed,false,West Bengal
712501,Sourcing Allowed,false,West Bengal
712502,Sourcing Allowed,false,West Bengal
712503,Sourcing Allowed,false,West Bengal
712504,Sourcing Allowed,false,West Bengal
712512,Sourcing Allowed,false,West Bengal
712513,Sourcing Allowed,false,West Bengal
712514,Sourcing Allowed,false,West Bengal
712515,Sourcing Allowed,false,West Bengal
712601,Sourcing Allowed,false,West Bengal
712602,Sourcing Allowed,false,West Bengal
712611,Sourcing Allowed,false,West Bengal
712612,Sourcing Allowed,false,West Bengal
712613,Sourcing Allowed,false,West Bengal
712614,Sourcing Allowed,false,West Bengal
712615,Sourcing Allowed,false,West Bengal
712616,Sourcing Allowed,false,West Bengal
712617,Sourcing Allowed,false,West Bengal
712701,Sourcing Allowed,false,West Bengal
712702,Sourcing Allowed,false,West Bengal
712704,Sourcing Allowed,false,West Bengal
712705,Sourcing Allowed,false,West Bengal
712706,Sourcing Allowed,false,West Bengal
712707,Sourcing Allowed,false,West Bengal
712708,Sourcing Allowed,false,West Bengal
713101,Sourcing Allowed,false,West Bengal
713102,Sourcing Allowed,false,West Bengal
713104,Sourcing Allowed,false,West Bengal
713121,Sourcing Allowed,false,West Bengal
713122,Sourcing Allowed,false,West Bengal
713123,Sourcing Allowed,false,West Bengal
713124,Sourcing Allowed,false,West Bengal
713125,Sourcing Allowed,false,West Bengal
713126,Sourcing Allowed,false,West Bengal
713127,Sourcing Allowed,false,West Bengal
713128,Sourcing Allowed,false,West Bengal
713129,Sourcing Allowed,false,West Bengal
713130,Sourcing Allowed,false,West Bengal
713140,Sourcing Allowed,false,West Bengal
713141,Sourcing Allowed,false,West Bengal
713142,Sourcing Allowed,false,West Bengal
713143,Sourcing Allowed,false,West Bengal
713144,Sourcing Allowed,false,West Bengal
713145,Sourcing Allowed,false,West Bengal
713146,Sourcing Allowed,false,West Bengal
713147,Sourcing Allowed,false,West Bengal
713148,Sourcing Allowed,false,West Bengal
713149,Sourcing Allowed,false,West Bengal
713150,Sourcing Allowed,false,West Bengal
713151,Sourcing Allowed,false,West Bengal
713152,Sourcing Allowed,false,West Bengal
713153,Sourcing Allowed,false,West Bengal
713154,Sourcing Allowed,false,West Bengal
713155,Sourcing Allowed,false,West Bengal
713156,Sourcing Allowed,false,West Bengal
713157,Sourcing Allowed,false,West Bengal
713158,Sourcing Allowed,false,West Bengal
713160,Sourcing Allowed,false,West Bengal
713162,Sourcing Allowed,false,West Bengal
713165,Sourcing Allowed,false,West Bengal
713166,Sourcing Allowed,false,West Bengal
713167,Sourcing Allowed,false,West Bengal
713168,Sourcing Allowed,false,West Bengal
713169,Sourcing Allowed,false,West Bengal
713170,Sourcing Allowed,false,West Bengal
713171,Sourcing Allowed,false,West Bengal
713172,Sourcing Allowed,false,West Bengal
713173,Sourcing Allowed,false,West Bengal
713201,Sourcing Allowed,false,West Bengal
713202,Sourcing Allowed,false,West Bengal
713203,Sourcing Allowed,false,West Bengal
713204,Sourcing Allowed,false,West Bengal
713205,Sourcing Allowed,false,West Bengal
713206,Sourcing Allowed,false,West Bengal
713207,Sourcing Allowed,false,West Bengal
713208,Sourcing Allowed,false,West Bengal
713209,Sourcing Allowed,false,West Bengal
713210,Sourcing Allowed,false,West Bengal
713212,Sourcing Allowed,false,West Bengal
713213,Sourcing Allowed,false,West Bengal
713214,Sourcing Allowed,false,West Bengal
713215,Sourcing Allowed,false,West Bengal
713301,Sourcing Allowed,false,West Bengal
713302,Sourcing Allowed,false,West Bengal
713303,Sourcing Allowed,false,West Bengal
713304,Sourcing Allowed,false,West Bengal
713321,Sourcing Allowed,false,West Bengal
713322,Sourcing Allowed,false,West Bengal
713323,Sourcing Allowed,false,West Bengal
713325,Sourcing Allowed,false,West Bengal
713326,Sourcing Allowed,false,West Bengal
713330,Sourcing Allowed,false,West Bengal
713331,Sourcing Allowed,false,West Bengal
713332,Sourcing Allowed,false,West Bengal
713333,Sourcing Allowed,false,West Bengal
713334,Sourcing Allowed,false,West Bengal
713335,Sourcing Allowed,false,West Bengal
713336,Sourcing Allowed,false,West Bengal
713337,Sourcing Allowed,false,West Bengal
713338,Sourcing Allowed,false,West Bengal
713339,Sourcing Allowed,false,West Bengal
713340,Sourcing Allowed,false,West Bengal
713341,Sourcing Allowed,false,West Bengal
713342,Sourcing Allowed,false,West Bengal
713343,Sourcing Allowed,false,West Bengal
713344,Sourcing Allowed,false,West Bengal
713346,Sourcing Allowed,false,West Bengal
713347,Sourcing Allowed,false,West Bengal
713357,Sourcing Allowed,false,West Bengal
713358,Sourcing Allowed,false,West Bengal
713359,Sourcing Allowed,false,West Bengal
713360,Sourcing Allowed,false,West Bengal
713361,Sourcing Allowed,false,West Bengal
713362,Sourcing Allowed,false,West Bengal
713363,Sourcing Allowed,false,West Bengal
713364,Sourcing Allowed,false,West Bengal
713365,Sourcing Allowed,false,West Bengal
713367,Sourcing Allowed,false,West Bengal
713368,Sourcing Allowed,false,West Bengal
713369,Sourcing Allowed,false,West Bengal
713370,Sourcing Allowed,false,West Bengal
713371,Sourcing Allowed,false,West Bengal
713372,Sourcing Allowed,false,West Bengal
713373,Sourcing Allowed,false,West Bengal
713375,Sourcing Allowed,false,West Bengal
713376,Sourcing Allowed,false,West Bengal
713377,Sourcing Allowed,false,West Bengal
713378,Sourcing Allowed,false,West Bengal
713380,Sourcing Allowed,false,West Bengal
713381,Sourcing Allowed,false,West Bengal
713383,Sourcing Allowed,false,West Bengal
713384,Sourcing Allowed,false,West Bengal
713385,Sourcing Allowed,false,West Bengal
713401,Sourcing Allowed,false,West Bengal
713402,Sourcing Allowed,false,West Bengal
713403,Sourcing Allowed,false,West Bengal
713404,Sourcing Allowed,false,West Bengal
713405,Sourcing Allowed,false,West Bengal
713406,Sourcing Allowed,false,West Bengal
713408,Sourcing Allowed,false,West Bengal
713409,Sourcing Allowed,false,West Bengal
713419,Sourcing Allowed,false,West Bengal
713420,Sourcing Allowed,false,West Bengal
713421,Sourcing Allowed,false,West Bengal
713422,Sourcing Allowed,false,West Bengal
713423,Sourcing Allowed,false,West Bengal
713424,Sourcing Allowed,false,West Bengal
713425,Sourcing Allowed,false,West Bengal
713426,Sourcing Allowed,false,West Bengal
713427,Sourcing Allowed,false,West Bengal
713428,Sourcing Allowed,false,West Bengal
713429,Sourcing Allowed,false,West Bengal
713430,Sourcing Allowed,false,West Bengal
713432,Sourcing Allowed,false,West Bengal
713433,Sourcing Allowed,false,West Bengal
713434,Sourcing Allowed,false,West Bengal
713501,Sourcing Allowed,false,West Bengal
713502,Sourcing Allowed,false,West Bengal
713512,Sourcing Allowed,false,West Bengal
713513,Sourcing Allowed,false,West Bengal
713514,Sourcing Allowed,false,West Bengal
713515,Sourcing Allowed,false,West Bengal
713516,Sourcing Allowed,false,West Bengal
713517,Sourcing Allowed,false,West Bengal
713518,Sourcing Allowed,false,West Bengal
721101,Sourcing Allowed,false,West Bengal
721102,Sourcing Allowed,false,West Bengal
721121,Sourcing Allowed,false,West Bengal
721122,Sourcing Allowed,false,West Bengal
721123,Sourcing Allowed,false,West Bengal
721124,Sourcing Allowed,false,West Bengal
721125,Sourcing Allowed,false,West Bengal
721126,Sourcing Allowed,false,West Bengal
721127,Sourcing Allowed,false,West Bengal
721128,Sourcing Allowed,false,West Bengal
721129,Sourcing Allowed,false,West Bengal
721130,Sourcing Allowed,false,West Bengal
721131,Sourcing Allowed,false,West Bengal
721132,Sourcing Allowed,false,West Bengal
721133,Sourcing Allowed,false,West Bengal
721134,Sourcing Allowed,false,West Bengal
721135,Sourcing Allowed,false,West Bengal
721136,Sourcing Allowed,false,West Bengal
721137,Sourcing Allowed,false,West Bengal
721138,Sourcing Allowed,false,West Bengal
721139,Sourcing Allowed,false,West Bengal
721140,Sourcing Allowed,false,West Bengal
721141,Sourcing Allowed,false,West Bengal
721142,Sourcing Allowed,false,West Bengal
721143,Sourcing Allowed,false,West Bengal
721144,Sourcing Allowed,false,West Bengal
721145,Sourcing Allowed,false,West Bengal
721146,Sourcing Allowed,false,West Bengal
721147,Sourcing Allowed,false,West Bengal
721148,Sourcing Allowed,false,West Bengal
721149,Sourcing Allowed,false,West Bengal
721150,Sourcing Allowed,false,West Bengal
721151,Sourcing Allowed,false,West Bengal
721152,Sourcing Allowed,false,West Bengal
721153,Sourcing Allowed,false,West Bengal
721154,Sourcing Allowed,false,West Bengal
721155,Sourcing Allowed,false,West Bengal
721156,Sourcing Allowed,false,West Bengal
721157,Sourcing Allowed,false,West Bengal
721158,Sourcing Allowed,false,West Bengal
721159,Sourcing Allowed,false,West Bengal
721160,Sourcing Allowed,false,West Bengal
721161,Sourcing Allowed,false,West Bengal
721165,Sourcing Allowed,false,West Bengal
721166,Sourcing Allowed,false,West Bengal
721167,Sourcing Allowed,false,West Bengal
721168,Sourcing Allowed,false,West Bengal
721169,Sourcing Allowed,false,West Bengal
721170,Sourcing Allowed,false,West Bengal
721171,Sourcing Allowed,false,West Bengal
721172,Sourcing Allowed,false,West Bengal
721201,Sourcing Allowed,false,West Bengal
721211,Sourcing Allowed,false,West Bengal
721212,Sourcing Allowed,false,West Bengal
721222,Sourcing Allowed,false,West Bengal
721228,Sourcing Allowed,false,West Bengal
721232,Sourcing Allowed,false,West Bengal
721242,Sourcing Allowed,false,West Bengal
721252,Sourcing Allowed,false,West Bengal
721253,Sourcing Allowed,false,West Bengal
721254,Sourcing Allowed,false,West Bengal
721256,Sourcing Allowed,false,West Bengal
721257,Sourcing Allowed,false,West Bengal
721258,Sourcing Allowed,false,West Bengal
721260,Sourcing Allowed,false,West Bengal
721301,Sourcing Allowed,false,West Bengal
721302,Sourcing Allowed,false,West Bengal
721303,Sourcing Allowed,false,West Bengal
721304,Sourcing Allowed,false,West Bengal
721305,Sourcing Allowed,false,West Bengal
721306,Sourcing Allowed,false,West Bengal
721401,Sourcing Allowed,false,West Bengal
721402,Sourcing Allowed,false,West Bengal
721403,Sourcing Allowed,false,West Bengal
721404,Sourcing Allowed,false,West Bengal
721405,Sourcing Allowed,false,West Bengal
721406,Sourcing Allowed,false,West Bengal
721420,Sourcing Allowed,false,West Bengal
721422,Sourcing Allowed,false,West Bengal
721423,Sourcing Allowed,false,West Bengal
721424,Sourcing Allowed,false,West Bengal
721425,Sourcing Allowed,false,West Bengal
721426,Sourcing Allowed,false,West Bengal
721427,Sourcing Allowed,false,West Bengal
721428,Sourcing Allowed,false,West Bengal
721429,Sourcing Allowed,false,West Bengal
721430,Sourcing Allowed,false,West Bengal
721431,Sourcing Allowed,false,West Bengal
721432,Sourcing Allowed,false,West Bengal
721433,Sourcing Allowed,false,West Bengal
721434,Sourcing Allowed,false,West Bengal
721435,Sourcing Allowed,false,West Bengal
721436,Sourcing Allowed,false,West Bengal
721437,Sourcing Allowed,false,West Bengal
721438,Sourcing Allowed,false,West Bengal
721439,Sourcing Allowed,false,West Bengal
721440,Sourcing Allowed,false,West Bengal
721441,Sourcing Allowed,false,West Bengal
721442,Sourcing Allowed,false,West Bengal
721443,Sourcing Allowed,false,West Bengal
721444,Sourcing Allowed,false,West Bengal
721445,Sourcing Allowed,false,West Bengal
721446,Sourcing Allowed,false,West Bengal
721447,Sourcing Allowed,false,West Bengal
721448,Sourcing Allowed,false,West Bengal
721449,Sourcing Allowed,false,West Bengal
721450,Sourcing Allowed,false,West Bengal
721451,Sourcing Allowed,false,West Bengal
721452,Sourcing Allowed,false,West Bengal
721453,Sourcing Allowed,false,West Bengal
721454,Sourcing Allowed,false,West Bengal
721455,Sourcing Allowed,false,West Bengal
721456,Sourcing Allowed,false,West Bengal
721457,Sourcing Allowed,false,West Bengal
721458,Sourcing Allowed,false,West Bengal
721459,Sourcing Allowed,false,West Bengal
721460,Sourcing Allowed,false,West Bengal
721461,Sourcing Allowed,false,West Bengal
721462,Sourcing Allowed,false,West Bengal
721463,Sourcing Allowed,false,West Bengal
721464,Sourcing Allowed,false,West Bengal
721465,Sourcing Allowed,false,West Bengal
721466,Sourcing Allowed,false,West Bengal
721467,Sourcing Allowed,false,West Bengal
721517,Sourcing Allowed,false,West Bengal
721603,Sourcing Allowed,false,West Bengal
721604,Sourcing Allowed,false,West Bengal
721605,Sourcing Allowed,false,West Bengal
721606,Sourcing Allowed,false,West Bengal
721607,Sourcing Allowed,false,West Bengal
721624,Sourcing Allowed,false,West Bengal
721625,Sourcing Allowed,false,West Bengal
721626,Sourcing Allowed,false,West Bengal
721627,Sourcing Allowed,false,West Bengal
721628,Sourcing Allowed,false,West Bengal
721629,Sourcing Allowed,false,West Bengal
721630,Sourcing Allowed,false,West Bengal
721631,Sourcing Allowed,false,West Bengal
721632,Sourcing Allowed,false,West Bengal
721633,Sourcing Allowed,false,West Bengal
721634,Sourcing Allowed,false,West Bengal
721635,Sourcing Allowed,false,West Bengal
721636,Sourcing Allowed,false,West Bengal
721637,Sourcing Allowed,false,West Bengal
721638,Sourcing Allowed,false,West Bengal
721641,Sourcing Allowed,false,West Bengal
721642,Sourcing Allowed,false,West Bengal
721643,Sourcing Allowed,false,West Bengal
721644,Sourcing Allowed,false,West Bengal
721645,Sourcing Allowed,false,West Bengal
721646,Sourcing Allowed,false,West Bengal
721647,Sourcing Allowed,false,West Bengal
721648,Sourcing Allowed,false,West Bengal
721649,Sourcing Allowed,false,West Bengal
721650,Sourcing Allowed,false,West Bengal
721651,Sourcing Allowed,false,West Bengal
721652,Sourcing Allowed,false,West Bengal
721653,Sourcing Allowed,false,West Bengal
721654,Sourcing Allowed,false,West Bengal
721655,Sourcing Allowed,false,West Bengal
721656,Sourcing Allowed,false,West Bengal
721657,Sourcing Allowed,false,West Bengal
721658,Sourcing Allowed,false,West Bengal
721659,Sourcing Allowed,false,West Bengal
721663,Sourcing Allowed,false,West Bengal
721664,Sourcing Allowed,false,West Bengal
721665,Sourcing Allowed,false,West Bengal
721666,Sourcing Allowed,false,West Bengal
721667,Sourcing Allowed,false,West Bengal
721668,Sourcing Allowed,false,West Bengal
721669,Sourcing Allowed,false,West Bengal
721670,Sourcing Allowed,false,West Bengal
722101,Sourcing Allowed,false,West Bengal
722107,Sourcing Allowed,false,West Bengal
722122,Sourcing Allowed,false,West Bengal
722132,Sourcing Allowed,false,West Bengal
722133,Sourcing Allowed,false,West Bengal
722134,Sourcing Allowed,false,West Bengal
722135,Sourcing Allowed,false,West Bengal
722136,Sourcing Allowed,false,West Bengal
722140,Sourcing Allowed,false,West Bengal
722141,Sourcing Allowed,false,West Bengal
722143,Sourcing Allowed,false,West Bengal
722150,Sourcing Allowed,false,West Bengal
722151,Sourcing Allowed,false,West Bengal
722152,Sourcing Allowed,false,West Bengal
722155,Sourcing Allowed,false,West Bengal
722157,Sourcing Allowed,false,West Bengal
722161,Sourcing Allowed,false,West Bengal
722175,Sourcing Allowed,false,West Bengal
722202,Sourcing Allowed,false,West Bengal
722203,Sourcing Allowed,false,West Bengal
722205,Sourcing Allowed,false,West Bengal
722206,Sourcing Allowed,false,West Bengal
723101,Sourcing Allowed,false,West Bengal
723102,Sourcing Allowed,false,West Bengal
723103,Sourcing Allowed,false,West Bengal
723104,Sourcing Allowed,false,West Bengal
723121,Sourcing Allowed,false,West Bengal
723126,Sourcing Allowed,false,West Bengal
723127,Sourcing Allowed,false,West Bengal
723128,Sourcing Allowed,false,West Bengal
723129,Sourcing Allowed,false,West Bengal
723130,Sourcing Allowed,false,West Bengal
723131,Sourcing Allowed,false,West Bengal
723132,Sourcing Allowed,false,West Bengal
723133,Sourcing Allowed,false,West Bengal
723142,Sourcing Allowed,false,West Bengal
723143,Sourcing Allowed,false,West Bengal
723145,Sourcing Allowed,false,West Bengal
723146,Sourcing Allowed,false,West Bengal
723147,Sourcing Allowed,false,West Bengal
723148,Sourcing Allowed,false,West Bengal
723149,Sourcing Allowed,false,West Bengal
723151,Sourcing Allowed,false,West Bengal
723152,Sourcing Allowed,false,West Bengal
723153,Sourcing Allowed,false,West Bengal
723154,Sourcing Allowed,false,West Bengal
723155,Sourcing Allowed,false,West Bengal
723156,Sourcing Allowed,false,West Bengal
723157,Sourcing Allowed,false,West Bengal
723158,Sourcing Allowed,false,West Bengal
723160,Sourcing Allowed,false,West Bengal
723161,Sourcing Allowed,false,West Bengal
723162,Sourcing Allowed,false,West Bengal
723163,Sourcing Allowed,false,West Bengal
723164,Sourcing Allowed,false,West Bengal
723168,Sourcing Allowed,false,West Bengal
723201,Sourcing Allowed,false,West Bengal
723202,Sourcing Allowed,false,West Bengal
723212,Sourcing Allowed,false,West Bengal
723213,Sourcing Allowed,false,West Bengal
723214,Sourcing Allowed,false,West Bengal
723215,Sourcing Allowed,false,West Bengal
723216,Sourcing Allowed,false,West Bengal
731129,Sourcing Allowed,false,West Bengal
731223,Sourcing Allowed,false,West Bengal
732101,Sourcing Allowed,false,West Bengal
732102,Sourcing Allowed,false,West Bengal
732103,Sourcing Allowed,false,West Bengal
732121,Sourcing Allowed,false,West Bengal
732122,Sourcing Allowed,false,West Bengal
732123,Sourcing Allowed,false,West Bengal
732124,Sourcing Allowed,false,West Bengal
732125,Sourcing Allowed,false,West Bengal
732126,Sourcing Allowed,false,West Bengal
732127,Sourcing Allowed,false,West Bengal
732128,Sourcing Allowed,false,West Bengal
732138,Sourcing Allowed,false,West Bengal
732139,Sourcing Allowed,false,West Bengal
732140,Sourcing Allowed,false,West Bengal
732141,Sourcing Allowed,false,West Bengal
732142,Sourcing Allowed,false,West Bengal
732143,Sourcing Allowed,false,West Bengal
732144,Sourcing Allowed,false,West Bengal
732147,Sourcing Allowed,false,West Bengal
732150,Sourcing Allowed,false,West Bengal
732201,Sourcing Allowed,false,West Bengal
732202,Sourcing Allowed,false,West Bengal
732203,Sourcing Allowed,false,West Bengal
732204,Sourcing Allowed,false,West Bengal
732205,Sourcing Allowed,false,West Bengal
732206,Sourcing Allowed,false,West Bengal
732207,Sourcing Allowed,false,West Bengal
732208,Sourcing Allowed,false,West Bengal
732209,Sourcing Allowed,false,West Bengal
732210,Sourcing Allowed,false,West Bengal
732211,Sourcing Allowed,false,West Bengal
732212,Sourcing Allowed,false,West Bengal
732213,Sourcing Allowed,false,West Bengal
732214,Sourcing Allowed,false,West Bengal
732215,Sourcing Allowed,false,West Bengal
732216,Sourcing Allowed,false,West Bengal
733134,Sourcing Allowed,false,West Bengal
733156,Sourcing Allowed,false,West Bengal
733157,Sourcing Allowed,false,West Bengal
733202,Sourcing Allowed,false,West Bengal
733211,Sourcing Allowed,false,West Bengal
733212,Sourcing Allowed,false,West Bengal
733213,Sourcing Allowed,false,West Bengal
733214,Sourcing Allowed,false,West Bengal
733215,Sourcing Allowed,false,West Bengal
733252,Sourcing Allowed,false,West Bengal
734001,Sourcing Allowed,false,West Bengal
734002,Sourcing Allowed,false,West Bengal
734003,Sourcing Allowed,false,West Bengal
734004,Sourcing Allowed,false,West Bengal
734005,Sourcing Allowed,false,West Bengal
734006,Sourcing Allowed,false,West Bengal
734007,Sourcing Allowed,false,West Bengal
734008,Sourcing Allowed,false,West Bengal
734009,Sourcing Allowed,false,West Bengal
734010,Sourcing Allowed,false,West Bengal
734011,Sourcing Allowed,false,West Bengal
734012,Sourcing Allowed,false,West Bengal
734013,Sourcing Allowed,false,West Bengal
734014,Sourcing Allowed,false,West Bengal
734015,Sourcing Allowed,false,West Bengal
734101,Sourcing Allowed,false,West Bengal
734102,Sourcing Allowed,false,West Bengal
734103,Sourcing Allowed,false,West Bengal
734104,Sourcing Allowed,false,West Bengal
734105,Sourcing Allowed,false,West Bengal
734121,Sourcing Allowed,false,West Bengal
734122,Sourcing Allowed,false,West Bengal
734123,Sourcing Allowed,false,West Bengal
734124,Sourcing Allowed,false,West Bengal
734201,Sourcing Allowed,false,West Bengal
734203,Sourcing Allowed,false,West Bengal
734204,Sourcing Allowed,false,West Bengal
734209,Sourcing Allowed,false,West Bengal
734213,Sourcing Allowed,false,West Bengal
734214,Sourcing Allowed,false,West Bengal
734215,Sourcing Allowed,false,West Bengal
734216,Sourcing Allowed,false,West Bengal
734217,Sourcing Allowed,false,West Bengal
734218,Sourcing Allowed,false,West Bengal
734219,Sourcing Allowed,false,West Bengal
734220,Sourcing Allowed,false,West Bengal
734221,Sourcing Allowed,false,West Bengal
734222,Sourcing Allowed,false,West Bengal
734223,Sourcing Allowed,false,West Bengal
734224,Sourcing Allowed,false,West Bengal
734226,Sourcing Allowed,false,West Bengal
734227,Sourcing Allowed,false,West Bengal
734301,Sourcing Allowed,false,West Bengal
734311,Sourcing Allowed,false,West Bengal
734312,Sourcing Allowed,false,West Bengal
734313,Sourcing Allowed,false,West Bengal
734314,Sourcing Allowed,false,West Bengal
734315,Sourcing Allowed,false,West Bengal
734316,Sourcing Allowed,false,West Bengal
734317,Sourcing Allowed,false,West Bengal
734319,Sourcing Allowed,false,West Bengal
734320,Sourcing Allowed,false,West Bengal
734321,Sourcing Allowed,false,West Bengal
734401,Sourcing Allowed,false,West Bengal
734421,Sourcing Allowed,false,West Bengal
734423,Sourcing Allowed,false,West Bengal
734424,Sourcing Allowed,false,West Bengal
734425,Sourcing Allowed,false,West Bengal
734426,Sourcing Allowed,false,West Bengal
734427,Sourcing Allowed,false,West Bengal
734429,Sourcing Allowed,false,West Bengal
734431,Sourcing Allowed,false,West Bengal
734434,Sourcing Allowed,false,West Bengal
734436,Sourcing Allowed,false,West Bengal
734501,Sourcing Allowed,false,West Bengal
734502,Sourcing Allowed,false,West Bengal
734503,Sourcing Allowed,false,West Bengal
735101,Sourcing Allowed,false,West Bengal
735102,Sourcing Allowed,false,West Bengal
735121,Sourcing Allowed,false,West Bengal
735122,Sourcing Allowed,false,West Bengal
735132,Sourcing Allowed,false,West Bengal
735133,Sourcing Allowed,false,West Bengal
735134,Sourcing Allowed,false,West Bengal
735135,Sourcing Allowed,false,West Bengal
735136,Sourcing Allowed,false,West Bengal
735137,Sourcing Allowed,false,West Bengal
735138,Sourcing Allowed,false,West Bengal
735139,Sourcing Allowed,false,West Bengal
735140,Sourcing Allowed,false,West Bengal
735201,Sourcing Allowed,false,West Bengal
735202,Sourcing Allowed,false,West Bengal
735203,Sourcing Allowed,false,West Bengal
735204,Sourcing Allowed,false,West Bengal
735205,Sourcing Allowed,false,West Bengal
735206,Sourcing Allowed,false,West Bengal
735207,Sourcing Allowed,false,West Bengal
735208,Sourcing Allowed,false,West Bengal
735209,Sourcing Allowed,false,West Bengal
735210,Sourcing Allowed,false,West Bengal
735211,Sourcing Allowed,false,West Bengal
735212,Sourcing Allowed,false,West Bengal
735213,Sourcing Allowed,false,West Bengal
735214,Sourcing Allowed,false,West Bengal
735215,Sourcing Allowed,false,West Bengal
735216,Sourcing Allowed,false,West Bengal
735217,Sourcing Allowed,false,West Bengal
735218,Sourcing Allowed,false,West Bengal
735219,Sourcing Allowed,false,West Bengal
735220,Sourcing Allowed,false,West Bengal
735221,Sourcing Allowed,false,West Bengal
735222,Sourcing Allowed,false,West Bengal
735223,Sourcing Allowed,false,West Bengal
735224,Sourcing Allowed,false,West Bengal
735225,Sourcing Allowed,false,West Bengal
735226,Sourcing Allowed,false,West Bengal
735227,Sourcing Allowed,false,West Bengal
735228,Sourcing Allowed,false,West Bengal
735229,Sourcing Allowed,false,West Bengal
735230,Sourcing Allowed,false,West Bengal
735231,Sourcing Allowed,false,West Bengal
735232,Sourcing Allowed,false,West Bengal
735233,Sourcing Allowed,false,West Bengal
735234,Sourcing Allowed,false,West Bengal
735235,Sourcing Allowed,false,West Bengal
735236,Sourcing Allowed,false,West Bengal
735237,Sourcing Allowed,false,West Bengal
735238,Sourcing Allowed,false,West Bengal
735251,Sourcing Allowed,false,West Bengal
735301,Sourcing Allowed,false,West Bengal
735302,Sourcing Allowed,false,West Bengal
735305,Sourcing Allowed,false,West Bengal
735306,Sourcing Allowed,false,West Bengal
735307,Sourcing Allowed,false,West Bengal
736101,Sourcing Allowed,false,West Bengal
736121,Sourcing Allowed,false,West Bengal
736122,Sourcing Allowed,false,West Bengal
736123,Sourcing Allowed,false,West Bengal
736131,Sourcing Allowed,false,West Bengal
736133,Sourcing Allowed,false,West Bengal
736134,Sourcing Allowed,false,West Bengal
736135,Sourcing Allowed,false,West Bengal
736146,Sourcing Allowed,false,West Bengal
736156,Sourcing Allowed,false,West Bengal
736157,Sourcing Allowed,false,West Bengal
736158,Sourcing Allowed,false,West Bengal
736159,Sourcing Allowed,false,West Bengal
736160,Sourcing Allowed,false,West Bengal
736169,Sourcing Allowed,false,West Bengal
736170,Sourcing Allowed,false,West Bengal
736171,Sourcing Allowed,false,West Bengal
736172,Sourcing Allowed,false,West Bengal
736176,Sourcing Allowed,false,West Bengal
736180,Sourcing Allowed,false,West Bengal
736182,Sourcing Allowed,false,West Bengal
736201,Sourcing Allowed,false,West Bengal
736202,Sourcing Allowed,false,West Bengal
736203,Sourcing Allowed,false,West Bengal
736204,Sourcing Allowed,false,West Bengal
736205,Sourcing Allowed,false,West Bengal
736206,Sourcing Allowed,false,West Bengal
736207,Sourcing Allowed,false,West Bengal
736208,Sourcing Allowed,false,West Bengal
741101,Sourcing Allowed,false,West Bengal
741102,Sourcing Allowed,false,West Bengal
741103,Sourcing Allowed,false,West Bengal
741121,Sourcing Allowed,false,West Bengal
741122,Sourcing Allowed,false,West Bengal
741123,Sourcing Allowed,false,West Bengal
741124,Sourcing Allowed,false,West Bengal
741125,Sourcing Allowed,false,West Bengal
741126,Sourcing Allowed,false,West Bengal
741127,Sourcing Allowed,false,West Bengal
741137,Sourcing Allowed,false,West Bengal
741138,Sourcing Allowed,false,West Bengal
741139,Sourcing Allowed,false,West Bengal
741140,Sourcing Allowed,false,West Bengal
741150,Sourcing Allowed,false,West Bengal
741151,Sourcing Allowed,false,West Bengal
741152,Sourcing Allowed,false,West Bengal
741153,Sourcing Allowed,false,West Bengal
741154,Sourcing Allowed,false,West Bengal
741155,Sourcing Allowed,false,West Bengal
741156,Sourcing Allowed,false,West Bengal
741157,Sourcing Allowed,false,West Bengal
741158,Sourcing Allowed,false,West Bengal
741159,Sourcing Allowed,false,West Bengal
741160,Sourcing Allowed,false,West Bengal
741161,Sourcing Allowed,false,West Bengal
741162,Sourcing Allowed,false,West Bengal
741163,Sourcing Allowed,false,West Bengal
741164,Sourcing Allowed,false,West Bengal
741165,Sourcing Allowed,false,West Bengal
741166,Sourcing Allowed,false,West Bengal
741167,Sourcing Allowed,false,West Bengal
741168,Sourcing Allowed,false,West Bengal
741169,Sourcing Allowed,false,West Bengal
741170,Sourcing Allowed,false,West Bengal
741171,Sourcing Allowed,false,West Bengal
741172,Sourcing Allowed,false,West Bengal
741173,Sourcing Allowed,false,West Bengal
741181,Sourcing Allowed,false,West Bengal
741183,Sourcing Allowed,false,West Bengal
741184,Sourcing Allowed,false,West Bengal
741185,Sourcing Allowed,false,West Bengal
741187,Sourcing Allowed,false,West Bengal
741188,Sourcing Allowed,false,West Bengal
741189,Sourcing Allowed,false,West Bengal
741191,Sourcing Allowed,false,West Bengal
741192,Sourcing Allowed,false,West Bengal
741196,Sourcing Allowed,false,West Bengal
741201,Sourcing Allowed,false,West Bengal
741202,Sourcing Allowed,false,West Bengal
741203,Sourcing Allowed,false,West Bengal
741221,Sourcing Allowed,false,West Bengal
741222,Sourcing Allowed,false,West Bengal
741223,Sourcing Allowed,false,West Bengal
741224,Sourcing Allowed,false,West Bengal
741225,Sourcing Allowed,false,West Bengal
741232,Sourcing Allowed,false,West Bengal
741234,Sourcing Allowed,false,West Bengal
741235,Sourcing Allowed,false,West Bengal
741238,Sourcing Allowed,false,West Bengal
741245,Sourcing Allowed,false,West Bengal
741246,Sourcing Allowed,false,West Bengal
741247,Sourcing Allowed,false,West Bengal
741248,Sourcing Allowed,false,West Bengal
741249,Sourcing Allowed,false,West Bengal
741250,Sourcing Allowed,false,West Bengal
741251,Sourcing Allowed,false,West Bengal
741252,Sourcing Allowed,false,West Bengal
741253,Sourcing Allowed,false,West Bengal
741254,Sourcing Allowed,false,West Bengal
741255,Sourcing Allowed,false,West Bengal
741256,Sourcing Allowed,false,West Bengal
741257,Sourcing Allowed,false,West Bengal
741258,Sourcing Allowed,false,West Bengal
741301,Sourcing Allowed,false,West Bengal
741302,Sourcing Allowed,false,West Bengal
741313,Sourcing Allowed,false,West Bengal
741315,Sourcing Allowed,false,West Bengal
741316,Sourcing Allowed,false,West Bengal
741317,Sourcing Allowed,false,West Bengal
741318,Sourcing Allowed,false,West Bengal
741319,Sourcing Allowed,false,West Bengal
741401,Sourcing Allowed,false,West Bengal
741402,Sourcing Allowed,false,West Bengal
741403,Sourcing Allowed,false,West Bengal
741404,Sourcing Allowed,false,West Bengal
741405,Sourcing Allowed,false,West Bengal
741501,Sourcing Allowed,false,West Bengal
741502,Sourcing Allowed,false,West Bengal
741503,Sourcing Allowed,false,West Bengal
741504,Sourcing Allowed,false,West Bengal
741505,Sourcing Allowed,false,West Bengal
741506,Sourcing Allowed,false,West Bengal
741507,Sourcing Allowed,false,West Bengal
741508,Sourcing Allowed,false,West Bengal
741509,Sourcing Allowed,false,West Bengal
741510,Sourcing Allowed,false,West Bengal
741511,Sourcing Allowed,false,West Bengal
741512,Sourcing Allowed,false,West Bengal
741513,Sourcing Allowed,false,West Bengal
741514,Sourcing Allowed,false,West Bengal
741515,Sourcing Allowed,false,West Bengal
741516,Sourcing Allowed,false,West Bengal
742000,Sourcing Allowed,false,West Bengal
742101,Sourcing Allowed,false,West Bengal
742102,Sourcing Allowed,false,West Bengal
742103,Sourcing Allowed,false,West Bengal
742104,Sourcing Allowed,false,West Bengal
742109,Sourcing Allowed,false,West Bengal
742113,Sourcing Allowed,false,West Bengal
742121,Sourcing Allowed,false,West Bengal
742122,Sourcing Allowed,false,West Bengal
742123,Sourcing Allowed,false,West Bengal
742131,Sourcing Allowed,false,West Bengal
742132,Sourcing Allowed,false,West Bengal
742133,Sourcing Allowed,false,West Bengal
742134,Sourcing Allowed,false,West Bengal
742135,Sourcing Allowed,false,West Bengal
742136,Sourcing Allowed,false,West Bengal
742137,Sourcing Allowed,false,West Bengal
742138,Sourcing Allowed,false,West Bengal
742139,Sourcing Allowed,false,West Bengal
742140,Sourcing Allowed,false,West Bengal
742147,Sourcing Allowed,false,West Bengal
742148,Sourcing Allowed,false,West Bengal
742149,Sourcing Allowed,false,West Bengal
742150,Sourcing Allowed,false,West Bengal
742151,Sourcing Allowed,false,West Bengal
742157,Sourcing Allowed,false,West Bengal
742159,Sourcing Allowed,false,West Bengal
742160,Sourcing Allowed,false,West Bengal
742161,Sourcing Allowed,false,West Bengal
742162,Sourcing Allowed,false,West Bengal
742163,Sourcing Allowed,false,West Bengal
742164,Sourcing Allowed,false,West Bengal
742165,Sourcing Allowed,false,West Bengal
742166,Sourcing Allowed,false,West Bengal
742168,Sourcing Allowed,false,West Bengal
742170,Sourcing Allowed,false,West Bengal
742171,Sourcing Allowed,false,West Bengal
742172,Sourcing Allowed,false,West Bengal
742173,Sourcing Allowed,false,West Bengal
742174,Sourcing Allowed,false,West Bengal
742175,Sourcing Allowed,false,West Bengal
742176,Sourcing Allowed,false,West Bengal
742177,Sourcing Allowed,false,West Bengal
742178,Sourcing Allowed,false,West Bengal
742179,Sourcing Allowed,false,West Bengal
742180,Sourcing Allowed,false,West Bengal
742181,Sourcing Allowed,false,West Bengal
742182,Sourcing Allowed,false,West Bengal
742183,Sourcing Allowed,false,West Bengal
742184,Sourcing Allowed,false,West Bengal
742185,Sourcing Allowed,false,West Bengal
742187,Sourcing Allowed,false,West Bengal
742188,Sourcing Allowed,false,West Bengal
742189,Sourcing Allowed,false,West Bengal
742190,Sourcing Allowed,false,West Bengal
742191,Sourcing Allowed,false,West Bengal
742201,Sourcing Allowed,false,West Bengal
742202,Sourcing Allowed,false,West Bengal
742212,Sourcing Allowed,false,West Bengal
742213,Sourcing Allowed,false,West Bengal
742220,Sourcing Allowed,false,West Bengal
742223,Sourcing Allowed,false,West Bengal
742224,Sourcing Allowed,false,West Bengal
742225,Sourcing Allowed,false,West Bengal
742226,Sourcing Allowed,false,West Bengal
742227,Sourcing Allowed,false,West Bengal
742229,Sourcing Allowed,false,West Bengal
742230,Sourcing Allowed,false,West Bengal
742231,Sourcing Allowed,false,West Bengal
742232,Sourcing Allowed,false,West Bengal
742234,Sourcing Allowed,false,West Bengal
742235,Sourcing Allowed,false,West Bengal
742236,Sourcing Allowed,false,West Bengal
742237,Sourcing Allowed,false,West Bengal
742238,Sourcing Allowed,false,West Bengal
742286,Sourcing Allowed,false,West Bengal
742301,Sourcing Allowed,false,West Bengal
742302,Sourcing Allowed,false,West Bengal
742303,Sourcing Allowed,false,West Bengal
742304,Sourcing Allowed,false,West Bengal
742305,Sourcing Allowed,false,West Bengal
742306,Sourcing Allowed,false,West Bengal
742307,Sourcing Allowed,false,West Bengal
742308,Sourcing Allowed,false,West Bengal
742401,Sourcing Allowed,false,West Bengal
742402,Sourcing Allowed,false,West Bengal
742403,Sourcing Allowed,false,West Bengal
742404,Sourcing Allowed,false,West Bengal
742405,Sourcing Allowed,false,West Bengal
742406,Sourcing Allowed,false,West Bengal
742407,Sourcing Allowed,false,West Bengal
742408,Sourcing Allowed,false,West Bengal
742409,Sourcing Allowed,false,West Bengal
742410,Sourcing Allowed,false,West Bengal
743122,Sourcing Allowed,false,West Bengal
743123,Sourcing Allowed,false,West Bengal
743124,Sourcing Allowed,false,West Bengal
743125,Sourcing Allowed,false,West Bengal
743126,Sourcing Allowed,false,West Bengal
743127,Sourcing Allowed,false,West Bengal
743128,Sourcing Allowed,false,West Bengal
743129,Sourcing Allowed,false,West Bengal
743130,Sourcing Allowed,false,West Bengal
743133,Sourcing Allowed,false,West Bengal
743134,Sourcing Allowed,false,West Bengal
743135,Sourcing Allowed,false,West Bengal
743136,Sourcing Allowed,false,West Bengal
743144,Sourcing Allowed,false,West Bengal
743145,Sourcing Allowed,false,West Bengal
743165,Sourcing Allowed,false,West Bengal
743166,Sourcing Allowed,false,West Bengal
743193,Sourcing Allowed,false,West Bengal
743194,Sourcing Allowed,false,West Bengal
743195,Sourcing Allowed,false,West Bengal
743221,Sourcing Allowed,false,West Bengal
743222,Sourcing Allowed,false,West Bengal
743223,Sourcing Allowed,false,West Bengal
743232,Sourcing Allowed,false,West Bengal
743233,Sourcing Allowed,false,West Bengal
743234,Sourcing Allowed,false,West Bengal
743235,Sourcing Allowed,false,West Bengal
743244,Sourcing Allowed,false,West Bengal
743245,Sourcing Allowed,false,West Bengal
743247,Sourcing Allowed,false,West Bengal
743248,Sourcing Allowed,false,West Bengal
743249,Sourcing Allowed,false,West Bengal
743251,Sourcing Allowed,false,West Bengal
743252,Sourcing Allowed,false,West Bengal
743262,Sourcing Allowed,false,West Bengal
743263,Sourcing Allowed,false,West Bengal
743268,Sourcing Allowed,false,West Bengal
743269,Sourcing Allowed,false,West Bengal
743270,Sourcing Allowed,false,West Bengal
743271,Sourcing Allowed,false,West Bengal
743272,Sourcing Allowed,false,West Bengal
743273,Sourcing Allowed,false,West Bengal
743274,Sourcing Allowed,false,West Bengal
743276,Sourcing Allowed,false,West Bengal
743286,Sourcing Allowed,false,West Bengal
743287,Sourcing Allowed,false,West Bengal
743288,Sourcing Allowed,false,West Bengal
743289,Sourcing Allowed,false,West Bengal
743290,Sourcing Allowed,false,West Bengal
743291,Sourcing Allowed,false,West Bengal
743292,Sourcing Allowed,false,West Bengal
743293,Sourcing Allowed,false,West Bengal
743294,Sourcing Allowed,false,West Bengal
743295,Sourcing Allowed,false,West Bengal
743297,Sourcing Allowed,false,West Bengal
743299,Sourcing Allowed,false,West Bengal
743304,Sourcing Allowed,false,West Bengal
743312,Sourcing Allowed,false,West Bengal
743318,Sourcing Allowed,false,West Bengal
743329,Sourcing Allowed,false,West Bengal
743330,Sourcing Allowed,false,West Bengal
743331,Sourcing Allowed,false,West Bengal
743332,Sourcing Allowed,false,West Bengal
743336,Sourcing Allowed,false,West Bengal
743337,Sourcing Allowed,false,West Bengal
743338,Sourcing Allowed,false,West Bengal
743339,Sourcing Allowed,false,West Bengal
743345,Sourcing Allowed,false,West Bengal
743347,Sourcing Allowed,false,West Bengal
743348,Sourcing Allowed,false,West Bengal
743349,Sourcing Allowed,false,West Bengal
743351,Sourcing Allowed,false,West Bengal
743352,Sourcing Allowed,false,West Bengal
743354,Sourcing Allowed,false,West Bengal
743355,Sourcing Allowed,false,West Bengal
743356,Sourcing Allowed,false,West Bengal
743357,Sourcing Allowed,false,West Bengal
743363,Sourcing Allowed,false,West Bengal
743368,Sourcing Allowed,false,West Bengal
743370,Sourcing Allowed,false,West Bengal
743371,Sourcing Allowed,false,West Bengal
743372,Sourcing Allowed,false,West Bengal
743373,Sourcing Allowed,false,West Bengal
743374,Sourcing Allowed,false,West Bengal
743375,Sourcing Allowed,false,West Bengal
743376,Sourcing Allowed,false,West Bengal
743377,Sourcing Allowed,false,West Bengal
743378,Sourcing Allowed,false,West Bengal
743383,Sourcing Allowed,false,West Bengal
743384,Sourcing Allowed,false,West Bengal
743385,Sourcing Allowed,false,West Bengal
743387,Sourcing Allowed,false,West Bengal
743389,Sourcing Allowed,false,West Bengal
743390,Sourcing Allowed,false,West Bengal
743391,Sourcing Allowed,false,West Bengal
743392,Sourcing Allowed,false,West Bengal
743395,Sourcing Allowed,false,West Bengal
743396,Sourcing Allowed,false,West Bengal
743398,Sourcing Allowed,false,West Bengal
743399,Sourcing Allowed,false,West Bengal
743401,Sourcing Allowed,false,West Bengal
743405,Sourcing Allowed,false,West Bengal
743411,Sourcing Allowed,false,West Bengal
743412,Sourcing Allowed,false,West Bengal
743413,Sourcing Allowed,false,West Bengal
743414,Sourcing Allowed,false,West Bengal
743422,Sourcing Allowed,false,West Bengal
743423,Sourcing Allowed,false,West Bengal
743424,Sourcing Allowed,false,West Bengal
743425,Sourcing Allowed,false,West Bengal
743426,Sourcing Allowed,false,West Bengal
743427,Sourcing Allowed,false,West Bengal
743428,Sourcing Allowed,false,West Bengal
743429,Sourcing Allowed,false,West Bengal
743435,Sourcing Allowed,false,West Bengal
743437,Sourcing Allowed,false,West Bengal
743438,Sourcing Allowed,false,West Bengal
743439,Sourcing Allowed,false,West Bengal
743440,Sourcing Allowed,false,West Bengal
743441,Sourcing Allowed,false,West Bengal
743442,Sourcing Allowed,false,West Bengal
743443,Sourcing Allowed,false,West Bengal
743445,Sourcing Allowed,false,West Bengal
743446,Sourcing Allowed,false,West Bengal
743456,Sourcing Allowed,false,West Bengal
743486,Sourcing Allowed,false,West Bengal
743502,Sourcing Allowed,false,West Bengal
743503,Sourcing Allowed,false,West Bengal
743504,Sourcing Allowed,false,West Bengal
743507,Sourcing Allowed,false,West Bengal
743513,Sourcing Allowed,false,West Bengal
743601,Sourcing Allowed,false,West Bengal
743603,Sourcing Allowed,false,West Bengal
743606,Sourcing Allowed,false,West Bengal
743609,Sourcing Allowed,false,West Bengal
743610,Sourcing Allowed,false,West Bengal
743611,Sourcing Allowed,false,West Bengal
743613,Sourcing Allowed,false,West Bengal
743700,Sourcing Allowed,false,West Bengal
743701,Sourcing Allowed,false,West Bengal
743702,Sourcing Allowed,false,West Bengal
743703,Sourcing Allowed,false,West Bengal
743704,Sourcing Allowed,false,West Bengal
743706,Sourcing Allowed,false,West Bengal
743708,Sourcing Allowed,false,West Bengal
743710,Sourcing Allowed,false,West Bengal
743711,Sourcing Allowed,false,West Bengal
743744,Sourcing Allowed,false,West Bengal
751001,Sourcing Allowed,false,Odisha
751002,Sourcing Allowed,false,Odisha
751003,Sourcing Allowed,false,Odisha
751004,Sourcing Allowed,false,Odisha
751005,Sourcing Allowed,false,Odisha
751006,Sourcing Allowed,false,Odisha
751007,Sourcing Allowed,false,Odisha
751008,Sourcing Allowed,false,Odisha
751009,Sourcing Allowed,false,Odisha
751010,Sourcing Allowed,false,Odisha
751011,Sourcing Allowed,false,Odisha
751012,Sourcing Allowed,false,Odisha
751013,Sourcing Allowed,false,Odisha
751014,Sourcing Allowed,false,Odisha
751015,Sourcing Allowed,false,Odisha
751016,Sourcing Allowed,false,Odisha
751017,Sourcing Allowed,false,Odisha
751018,Sourcing Allowed,false,Odisha
751019,Sourcing Allowed,false,Odisha
751020,Sourcing Allowed,false,Odisha
751021,Sourcing Allowed,false,Odisha
751022,Sourcing Allowed,false,Odisha
751023,Sourcing Allowed,false,Odisha
751024,Sourcing Allowed,false,Odisha
751025,Sourcing Allowed,false,Odisha
751026,Sourcing Allowed,false,Odisha
751027,Sourcing Allowed,false,Odisha
751028,Sourcing Allowed,false,Odisha
751029,Sourcing Allowed,false,Odisha
751030,Sourcing Allowed,false,Odisha
751031,Sourcing Allowed,false,Odisha
751032,Sourcing Allowed,false,Odisha
751033,Sourcing Allowed,false,Odisha
751034,Sourcing Allowed,false,Odisha
752001,Sourcing Allowed,false,Odisha
752002,Sourcing Allowed,false,Odisha
752003,Sourcing Allowed,false,Odisha
752004,Sourcing Allowed,false,Odisha
752010,Sourcing Allowed,false,Odisha
752011,Sourcing Allowed,false,Odisha
752012,Sourcing Allowed,false,Odisha
752013,Sourcing Allowed,false,Odisha
752014,Sourcing Allowed,false,Odisha
752015,Sourcing Allowed,false,Odisha
752016,Sourcing Allowed,false,Odisha
752017,Sourcing Allowed,false,Odisha
752018,Sourcing Allowed,false,Odisha
752019,Sourcing Allowed,false,Odisha
752020,Sourcing Allowed,false,Odisha
752021,Sourcing Allowed,false,Odisha
752022,Sourcing Allowed,false,Odisha
752023,Sourcing Allowed,false,Odisha
752024,Sourcing Allowed,false,Odisha
752025,Sourcing Allowed,false,Odisha
752026,Sourcing Allowed,false,Odisha
752027,Sourcing Allowed,false,Odisha
752028,Sourcing Allowed,false,Odisha
752030,Sourcing Allowed,false,Odisha
752031,Sourcing Allowed,false,Odisha
752032,Sourcing Allowed,false,Odisha
752033,Sourcing Allowed,false,Odisha
752034,Sourcing Allowed,false,Odisha
752035,Sourcing Allowed,false,Odisha
752037,Sourcing Allowed,false,Odisha
752038,Sourcing Allowed,false,Odisha
752045,Sourcing Allowed,false,Odisha
752046,Sourcing Allowed,false,Odisha
752050,Sourcing Allowed,false,Odisha
752054,Sourcing Allowed,false,Odisha
752055,Sourcing Allowed,false,Odisha
752056,Sourcing Allowed,false,Odisha
752057,Sourcing Allowed,false,Odisha
752060,Sourcing Allowed,false,Odisha
752061,Sourcing Allowed,false,Odisha
752062,Sourcing Allowed,false,Odisha
752063,Sourcing Allowed,false,Odisha
752064,Sourcing Allowed,false,Odisha
752065,Sourcing Allowed,false,Odisha
752066,Sourcing Allowed,false,Odisha
752068,Sourcing Allowed,false,Odisha
752069,Sourcing Allowed,false,Odisha
752070,Sourcing Allowed,false,Odisha
752077,Sourcing Allowed,false,Odisha
752078,Sourcing Allowed,false,Odisha
752079,Sourcing Allowed,false,Odisha
752080,Sourcing Allowed,false,Odisha
752081,Sourcing Allowed,false,Odisha
752082,Sourcing Allowed,false,Odisha
752083,Sourcing Allowed,false,Odisha
752084,Sourcing Allowed,false,Odisha
752085,Sourcing Allowed,false,Odisha
752087,Sourcing Allowed,false,Odisha
752089,Sourcing Allowed,false,Odisha
752090,Sourcing Allowed,false,Odisha
752091,Sourcing Allowed,false,Odisha
752092,Sourcing Allowed,false,Odisha
752093,Sourcing Allowed,false,Odisha
752094,Sourcing Allowed,false,Odisha
752100,Sourcing Allowed,false,Odisha
752101,Sourcing Allowed,false,Odisha
752102,Sourcing Allowed,false,Odisha
752103,Sourcing Allowed,false,Odisha
752104,Sourcing Allowed,false,Odisha
752105,Sourcing Allowed,false,Odisha
752106,Sourcing Allowed,false,Odisha
752107,Sourcing Allowed,false,Odisha
752108,Sourcing Allowed,false,Odisha
752109,Sourcing Allowed,false,Odisha
752110,Sourcing Allowed,false,Odisha
752111,Sourcing Allowed,false,Odisha
752112,Sourcing Allowed,false,Odisha
752113,Sourcing Allowed,false,Odisha
752114,Sourcing Allowed,false,Odisha
752115,Sourcing Allowed,false,Odisha
752116,Sourcing Allowed,false,Odisha
752118,Sourcing Allowed,false,Odisha
752119,Sourcing Allowed,false,Odisha
752120,Sourcing Allowed,false,Odisha
752121,Sourcing Allowed,false,Odisha
753001,Sourcing Allowed,false,Odisha
753002,Sourcing Allowed,false,Odisha
753003,Sourcing Allowed,false,Odisha
753004,Sourcing Allowed,false,Odisha
753005,Sourcing Allowed,false,Odisha
753006,Sourcing Allowed,false,Odisha
753007,Sourcing Allowed,false,Odisha
753008,Sourcing Allowed,false,Odisha
753009,Sourcing Allowed,false,Odisha
753010,Sourcing Allowed,false,Odisha
753011,Sourcing Allowed,false,Odisha
753012,Sourcing Allowed,false,Odisha
753013,Sourcing Allowed,false,Odisha
753014,Sourcing Allowed,false,Odisha
753015,Sourcing Allowed,false,Odisha
753016,Sourcing Allowed,false,Odisha
753051,Sourcing Allowed,false,Odisha
754001,Sourcing Allowed,false,Odisha
754002,Sourcing Allowed,false,Odisha
754003,Sourcing Allowed,false,Odisha
754004,Sourcing Allowed,false,Odisha
754005,Sourcing Allowed,false,Odisha
754006,Sourcing Allowed,false,Odisha
754007,Sourcing Allowed,false,Odisha
754008,Sourcing Allowed,false,Odisha
754009,Sourcing Allowed,false,Odisha
754010,Sourcing Allowed,false,Odisha
754011,Sourcing Allowed,false,Odisha
754012,Sourcing Allowed,false,Odisha
754013,Sourcing Allowed,false,Odisha
754016,Sourcing Allowed,false,Odisha
754018,Sourcing Allowed,false,Odisha
754021,Sourcing Allowed,false,Odisha
754022,Sourcing Allowed,false,Odisha
754023,Sourcing Allowed,false,Odisha
754024,Sourcing Allowed,false,Odisha
754025,Sourcing Allowed,false,Odisha
754026,Sourcing Allowed,false,Odisha
754027,Sourcing Allowed,false,Odisha
754028,Sourcing Allowed,false,Odisha
754029,Sourcing Allowed,false,Odisha
754030,Sourcing Allowed,false,Odisha
754031,Sourcing Allowed,false,Odisha
754032,Sourcing Allowed,false,Odisha
754034,Sourcing Allowed,false,Odisha
754035,Sourcing Allowed,false,Odisha
754037,Sourcing Allowed,false,Odisha
754071,Sourcing Allowed,false,Odisha
754082,Sourcing Allowed,false,Odisha
754100,Sourcing Allowed,false,Odisha
754105,Sourcing Allowed,false,Odisha
754112,Sourcing Allowed,false,Odisha
754118,Sourcing Allowed,false,Odisha
754134,Sourcing Allowed,false,Odisha
754143,Sourcing Allowed,false,Odisha
754153,Sourcing Allowed,false,Odisha
754156,Sourcing Allowed,false,Odisha
754157,Sourcing Allowed,false,Odisha
754159,Sourcing Allowed,false,Odisha
754162,Sourcing Allowed,false,Odisha
754200,Sourcing Allowed,false,Odisha
754201,Sourcing Allowed,false,Odisha
754202,Sourcing Allowed,false,Odisha
754203,Sourcing Allowed,false,Odisha
754204,Sourcing Allowed,false,Odisha
754205,Sourcing Allowed,false,Odisha
754206,Sourcing Allowed,false,Odisha
754207,Sourcing Allowed,false,Odisha
754208,Sourcing Allowed,false,Odisha
754209,Sourcing Allowed,false,Odisha
754210,Sourcing Allowed,false,Odisha
754211,Sourcing Allowed,false,Odisha
754212,Sourcing Allowed,false,Odisha
754213,Sourcing Allowed,false,Odisha
754214,Sourcing Allowed,false,Odisha
754215,Sourcing Allowed,false,Odisha
754216,Sourcing Allowed,false,Odisha
754217,Sourcing Allowed,false,Odisha
754218,Sourcing Allowed,false,Odisha
754219,Sourcing Allowed,false,Odisha
754220,Sourcing Allowed,false,Odisha
754221,Sourcing Allowed,false,Odisha
754222,Sourcing Allowed,false,Odisha
754223,Sourcing Allowed,false,Odisha
754224,Sourcing Allowed,false,Odisha
754225,Sourcing Allowed,false,Odisha
754226,Sourcing Allowed,false,Odisha
754227,Sourcing Allowed,false,Odisha
754228,Sourcing Allowed,false,Odisha
754229,Sourcing Allowed,false,Odisha
754231,Sourcing Allowed,false,Odisha
754233,Sourcing Allowed,false,Odisha
754237,Sourcing Allowed,false,Odisha
754238,Sourcing Allowed,false,Odisha
754239,Sourcing Allowed,false,Odisha
754240,Sourcing Allowed,false,Odisha
754241,Sourcing Allowed,false,Odisha
754242,Sourcing Allowed,false,Odisha
754243,Sourcing Allowed,false,Odisha
754244,Sourcing Allowed,false,Odisha
754245,Sourcing Allowed,false,Odisha
754246,Sourcing Allowed,false,Odisha
754248,Sourcing Allowed,false,Odisha
754250,Sourcing Allowed,false,Odisha
754251,Sourcing Allowed,false,Odisha
754253,Sourcing Allowed,false,Odisha
754261,Sourcing Allowed,false,Odisha
754282,Sourcing Allowed,false,Odisha
754285,Sourcing Allowed,false,Odisha
754286,Sourcing Allowed,false,Odisha
754288,Sourcing Allowed,false,Odisha
754289,Sourcing Allowed,false,Odisha
754290,Sourcing Allowed,false,Odisha
754292,Sourcing Allowed,false,Odisha
754293,Sourcing Allowed,false,Odisha
754294,Sourcing Allowed,false,Odisha
754295,Sourcing Allowed,false,Odisha
754297,Sourcing Allowed,false,Odisha
754298,Sourcing Allowed,false,Odisha
755001,Sourcing Allowed,false,Odisha
755003,Sourcing Allowed,false,Odisha
755004,Sourcing Allowed,false,Odisha
755005,Sourcing Allowed,false,Odisha
755006,Sourcing Allowed,false,Odisha
755007,Sourcing Allowed,false,Odisha
755008,Sourcing Allowed,false,Odisha
755009,Sourcing Allowed,false,Odisha
755010,Sourcing Allowed,false,Odisha
755011,Sourcing Allowed,false,Odisha
755012,Sourcing Allowed,false,Odisha
755013,Sourcing Allowed,false,Odisha
755014,Sourcing Allowed,false,Odisha
755015,Sourcing Allowed,false,Odisha
755016,Sourcing Allowed,false,Odisha
755017,Sourcing Allowed,false,Odisha
755018,Sourcing Allowed,false,Odisha
755019,Sourcing Allowed,false,Odisha
755020,Sourcing Allowed,false,Odisha
755021,Sourcing Allowed,false,Odisha
755022,Sourcing Allowed,false,Odisha
755023,Sourcing Allowed,false,Odisha
755024,Sourcing Allowed,false,Odisha
755025,Sourcing Allowed,false,Odisha
755026,Sourcing Allowed,false,Odisha
755028,Sourcing Allowed,false,Odisha
755029,Sourcing Allowed,false,Odisha
755030,Sourcing Allowed,false,Odisha
755031,Sourcing Allowed,false,Odisha
755032,Sourcing Allowed,false,Odisha
755033,Sourcing Allowed,false,Odisha
755036,Sourcing Allowed,false,Odisha
755038,Sourcing Allowed,false,Odisha
755039,Sourcing Allowed,false,Odisha
755041,Sourcing Allowed,false,Odisha
755043,Sourcing Allowed,false,Odisha
755044,Sourcing Allowed,false,Odisha
755045,Sourcing Allowed,false,Odisha
755046,Sourcing Allowed,false,Odisha
755047,Sourcing Allowed,false,Odisha
755049,Sourcing Allowed,false,Odisha
755050,Sourcing Allowed,false,Odisha
755061,Sourcing Allowed,false,Odisha
756001,Sourcing Allowed,false,Odisha
756002,Sourcing Allowed,false,Odisha
756003,Sourcing Allowed,false,Odisha
756018,Sourcing Allowed,false,Odisha
756019,Sourcing Allowed,false,Odisha
756020,Sourcing Allowed,false,Odisha
756021,Sourcing Allowed,false,Odisha
756022,Sourcing Allowed,false,Odisha
756023,Sourcing Allowed,false,Odisha
756024,Sourcing Allowed,false,Odisha
756025,Sourcing Allowed,false,Odisha
756026,Sourcing Allowed,false,Odisha
756027,Sourcing Allowed,false,Odisha
756028,Sourcing Allowed,false,Odisha
756029,Sourcing Allowed,false,Odisha
756030,Sourcing Allowed,false,Odisha
756032,Sourcing Allowed,false,Odisha
756033,Sourcing Allowed,false,Odisha
756034,Sourcing Allowed,false,Odisha
756035,Sourcing Allowed,false,Odisha
756036,Sourcing Allowed,false,Odisha
756037,Sourcing Allowed,false,Odisha
756038,Sourcing Allowed,false,Odisha
756039,Sourcing Allowed,false,Odisha
756040,Sourcing Allowed,false,Odisha
756041,Sourcing Allowed,false,Odisha
756042,Sourcing Allowed,false,Odisha
756043,Sourcing Allowed,false,Odisha
756044,Sourcing Allowed,false,Odisha
756045,Sourcing Allowed,false,Odisha
756046,Sourcing Allowed,false,Odisha
756047,Sourcing Allowed,false,Odisha
756048,Sourcing Allowed,false,Odisha
756049,Sourcing Allowed,false,Odisha
756051,Sourcing Allowed,false,Odisha
756053,Sourcing Allowed,false,Odisha
756055,Sourcing Allowed,false,Odisha
756056,Sourcing Allowed,false,Odisha
756058,Sourcing Allowed,false,Odisha
756059,Sourcing Allowed,false,Odisha
756060,Sourcing Allowed,false,Odisha
756079,Sourcing Allowed,false,Odisha
756080,Sourcing Allowed,false,Odisha
756081,Sourcing Allowed,false,Odisha
756083,Sourcing Allowed,false,Odisha
756084,Sourcing Allowed,false,Odisha
756085,Sourcing Allowed,false,Odisha
756086,Sourcing Allowed,false,Odisha
756087,Sourcing Allowed,false,Odisha
756088,Sourcing Allowed,false,Odisha
756089,Sourcing Allowed,false,Odisha
756100,Sourcing Allowed,false,Odisha
756101,Sourcing Allowed,false,Odisha
756111,Sourcing Allowed,false,Odisha
756112,Sourcing Allowed,false,Odisha
756113,Sourcing Allowed,false,Odisha
756114,Sourcing Allowed,false,Odisha
756115,Sourcing Allowed,false,Odisha
756116,Sourcing Allowed,false,Odisha
756117,Sourcing Allowed,false,Odisha
756118,Sourcing Allowed,false,Odisha
756119,Sourcing Allowed,false,Odisha
756120,Sourcing Allowed,false,Odisha
756121,Sourcing Allowed,false,Odisha
756122,Sourcing Allowed,false,Odisha
756123,Sourcing Allowed,false,Odisha
756124,Sourcing Allowed,false,Odisha
756125,Sourcing Allowed,false,Odisha
756126,Sourcing Allowed,false,Odisha
756127,Sourcing Allowed,false,Odisha
756128,Sourcing Allowed,false,Odisha
756129,Sourcing Allowed,false,Odisha
756130,Sourcing Allowed,false,Odisha
756131,Sourcing Allowed,false,Odisha
756132,Sourcing Allowed,false,Odisha
756133,Sourcing Allowed,false,Odisha
756134,Sourcing Allowed,false,Odisha
756135,Sourcing Allowed,false,Odisha
756137,Sourcing Allowed,false,Odisha
756138,Sourcing Allowed,false,Odisha
756139,Sourcing Allowed,false,Odisha
756142,Sourcing Allowed,false,Odisha
756144,Sourcing Allowed,false,Odisha
756162,Sourcing Allowed,false,Odisha
756163,Sourcing Allowed,false,Odisha
756164,Sourcing Allowed,false,Odisha
756165,Sourcing Allowed,false,Odisha
756166,Sourcing Allowed,false,Odisha
756167,Sourcing Allowed,false,Odisha
756168,Sourcing Allowed,false,Odisha
756171,Sourcing Allowed,false,Odisha
756181,Sourcing Allowed,false,Odisha
756182,Sourcing Allowed,false,Odisha
757001,Sourcing Allowed,false,Odisha
757002,Sourcing Allowed,false,Odisha
757015,Sourcing Allowed,false,Odisha
757016,Sourcing Allowed,false,Odisha
757018,Sourcing Allowed,false,Odisha
757025,Sourcing Allowed,false,Odisha
757027,Sourcing Allowed,false,Odisha
757028,Sourcing Allowed,false,Odisha
757029,Sourcing Allowed,false,Odisha
757039,Sourcing Allowed,false,Odisha
757040,Sourcing Allowed,false,Odisha
757041,Sourcing Allowed,false,Odisha
757045,Sourcing Allowed,false,Odisha
757046,Sourcing Allowed,false,Odisha
757048,Sourcing Allowed,false,Odisha
757049,Sourcing Allowed,false,Odisha
757053,Sourcing Allowed,false,Odisha
757075,Sourcing Allowed,false,Odisha
757077,Sourcing Allowed,false,Odisha
757082,Sourcing Allowed,false,Odisha
757086,Sourcing Allowed,false,Odisha
757101,Sourcing Allowed,false,Odisha
757105,Sourcing Allowed,false,Odisha
757106,Sourcing Allowed,false,Odisha
757107,Sourcing Allowed,false,Odisha
758001,Sourcing Allowed,false,Odisha
758002,Sourcing Allowed,false,Odisha
758013,Sourcing Allowed,false,Odisha
758014,Sourcing Allowed,false,Odisha
758015,Sourcing Allowed,false,Odisha
758016,Sourcing Allowed,false,Odisha
758017,Sourcing Allowed,false,Odisha
758018,Sourcing Allowed,false,Odisha
758019,Sourcing Allowed,false,Odisha
758020,Sourcing Allowed,false,Odisha
758021,Sourcing Allowed,false,Odisha
758022,Sourcing Allowed,false,Odisha
758023,Sourcing Allowed,false,Odisha
758025,Sourcing Allowed,false,Odisha
758026,Sourcing Allowed,false,Odisha
758027,Sourcing Allowed,false,Odisha
758028,Sourcing Allowed,false,Odisha
758029,Sourcing Allowed,false,Odisha
758030,Sourcing Allowed,false,Odisha
758031,Sourcing Allowed,false,Odisha
758032,Sourcing Allowed,false,Odisha
758034,Sourcing Allowed,false,Odisha
758035,Sourcing Allowed,false,Odisha
758036,Sourcing Allowed,false,Odisha
758037,Sourcing Allowed,false,Odisha
758038,Sourcing Allowed,false,Odisha
758040,Sourcing Allowed,false,Odisha
758041,Sourcing Allowed,false,Odisha
758043,Sourcing Allowed,false,Odisha
758044,Sourcing Allowed,false,Odisha
758045,Sourcing Allowed,false,Odisha
758046,Sourcing Allowed,false,Odisha
758047,Sourcing Allowed,false,Odisha
758052,Sourcing Allowed,false,Odisha
758054,Sourcing Allowed,false,Odisha
758072,Sourcing Allowed,false,Odisha
758076,Sourcing Allowed,false,Odisha
758078,Sourcing Allowed,false,Odisha
758079,Sourcing Allowed,false,Odisha
758080,Sourcing Allowed,false,Odisha
758081,Sourcing Allowed,false,Odisha
758082,Sourcing Allowed,false,Odisha
758083,Sourcing Allowed,false,Odisha
758084,Sourcing Allowed,false,Odisha
758085,Sourcing Allowed,false,Odisha
758086,Sourcing Allowed,false,Odisha
758087,Sourcing Allowed,false,Odisha
759001,Sourcing Allowed,false,Odisha
759013,Sourcing Allowed,false,Odisha
759014,Sourcing Allowed,false,Odisha
759015,Sourcing Allowed,false,Odisha
759016,Sourcing Allowed,false,Odisha
759017,Sourcing Allowed,false,Odisha
759018,Sourcing Allowed,false,Odisha
759019,Sourcing Allowed,false,Odisha
759020,Sourcing Allowed,false,Odisha
759021,Sourcing Allowed,false,Odisha
759022,Sourcing Allowed,false,Odisha
759023,Sourcing Allowed,false,Odisha
759024,Sourcing Allowed,false,Odisha
759025,Sourcing Allowed,false,Odisha
759026,Sourcing Allowed,false,Odisha
759027,Sourcing Allowed,false,Odisha
759028,Sourcing Allowed,false,Odisha
759029,Sourcing Allowed,false,Odisha
759037,Sourcing Allowed,false,Odisha
759039,Sourcing Allowed,false,Odisha
759040,Sourcing Allowed,false,Odisha
759100,Sourcing Allowed,false,Odisha
759101,Sourcing Allowed,false,Odisha
759102,Sourcing Allowed,false,Odisha
759103,Sourcing Allowed,false,Odisha
759104,Sourcing Allowed,false,Odisha
759105,Sourcing Allowed,false,Odisha
759106,Sourcing Allowed,false,Odisha
759107,Sourcing Allowed,false,Odisha
759111,Sourcing Allowed,false,Odisha
759116,Sourcing Allowed,false,Odisha
759117,Sourcing Allowed,false,Odisha
759118,Sourcing Allowed,false,Odisha
759119,Sourcing Allowed,false,Odisha
759120,Sourcing Allowed,false,Odisha
759121,Sourcing Allowed,false,Odisha
759122,Sourcing Allowed,false,Odisha
759123,Sourcing Allowed,false,Odisha
759124,Sourcing Allowed,false,Odisha
759125,Sourcing Allowed,false,Odisha
759126,Sourcing Allowed,false,Odisha
759127,Sourcing Allowed,false,Odisha
759128,Sourcing Allowed,false,Odisha
759129,Sourcing Allowed,false,Odisha
759130,Sourcing Allowed,false,Odisha
759132,Sourcing Allowed,false,Odisha
759141,Sourcing Allowed,false,Odisha
759143,Sourcing Allowed,false,Odisha
759145,Sourcing Allowed,false,Odisha
759146,Sourcing Allowed,false,Odisha
759147,Sourcing Allowed,false,Odisha
759148,Sourcing Allowed,false,Odisha
759149,Sourcing Allowed,false,Odisha
759151,Sourcing Allowed,false,Odisha
760001,Sourcing Allowed,false,Odisha
760002,Sourcing Allowed,false,Odisha
760003,Sourcing Allowed,false,Odisha
760004,Sourcing Allowed,false,Odisha
760005,Sourcing Allowed,false,Odisha
760006,Sourcing Allowed,false,Odisha
760007,Sourcing Allowed,false,Odisha
760008,Sourcing Allowed,false,Odisha
760009,Sourcing Allowed,false,Odisha
760010,Sourcing Allowed,false,Odisha
760011,Sourcing Allowed,false,Odisha
761001,Sourcing Allowed,false,Odisha
761002,Sourcing Allowed,false,Odisha
761003,Sourcing Allowed,false,Odisha
761004,Sourcing Allowed,false,Odisha
761005,Sourcing Allowed,false,Odisha
761006,Sourcing Allowed,false,Odisha
761007,Sourcing Allowed,false,Odisha
761008,Sourcing Allowed,false,Odisha
761009,Sourcing Allowed,false,Odisha
761010,Sourcing Allowed,false,Odisha
761011,Sourcing Allowed,false,Odisha
761012,Sourcing Allowed,false,Odisha
761013,Sourcing Allowed,false,Odisha
761014,Sourcing Allowed,false,Odisha
761016,Sourcing Allowed,false,Odisha
761018,Sourcing Allowed,false,Odisha
761019,Sourcing Allowed,false,Odisha
761020,Sourcing Allowed,false,Odisha
761025,Sourcing Allowed,false,Odisha
761026,Sourcing Allowed,false,Odisha
761027,Sourcing Allowed,false,Odisha
761028,Sourcing Allowed,false,Odisha
761029,Sourcing Allowed,false,Odisha
761030,Sourcing Allowed,false,Odisha
761031,Sourcing Allowed,false,Odisha
761032,Sourcing Allowed,false,Odisha
761035,Sourcing Allowed,false,Odisha
761036,Sourcing Allowed,false,Odisha
761037,Sourcing Allowed,false,Odisha
761041,Sourcing Allowed,false,Odisha
761042,Sourcing Allowed,false,Odisha
761043,Sourcing Allowed,false,Odisha
761045,Sourcing Allowed,false,Odisha
761052,Sourcing Allowed,false,Odisha
761054,Sourcing Allowed,false,Odisha
761055,Sourcing Allowed,false,Odisha
761100,Sourcing Allowed,false,Odisha
761101,Sourcing Allowed,false,Odisha
761102,Sourcing Allowed,false,Odisha
761103,Sourcing Allowed,false,Odisha
761104,Sourcing Allowed,false,Odisha
761105,Sourcing Allowed,false,Odisha
761106,Sourcing Allowed,false,Odisha
761107,Sourcing Allowed,false,Odisha
761108,Sourcing Allowed,false,Odisha
761109,Sourcing Allowed,false,Odisha
761110,Sourcing Allowed,false,Odisha
761111,Sourcing Allowed,false,Odisha
761114,Sourcing Allowed,false,Odisha
761115,Sourcing Allowed,false,Odisha
761116,Sourcing Allowed,false,Odisha
761117,Sourcing Allowed,false,Odisha
761118,Sourcing Allowed,false,Odisha
761119,Sourcing Allowed,false,Odisha
761120,Sourcing Allowed,false,Odisha
761121,Sourcing Allowed,false,Odisha
761122,Sourcing Allowed,false,Odisha
761123,Sourcing Allowed,false,Odisha
761124,Sourcing Allowed,false,Odisha
761125,Sourcing Allowed,false,Odisha
761126,Sourcing Allowed,false,Odisha
761128,Sourcing Allowed,false,Odisha
761131,Sourcing Allowed,false,Odisha
761132,Sourcing Allowed,false,Odisha
761133,Sourcing Allowed,false,Odisha
761140,Sourcing Allowed,false,Odisha
761141,Sourcing Allowed,false,Odisha
761143,Sourcing Allowed,false,Odisha
761144,Sourcing Allowed,false,Odisha
761146,Sourcing Allowed,false,Odisha
761151,Sourcing Allowed,false,Odisha
761209,Sourcing Allowed,false,Odisha
761217,Sourcing Allowed,false,Odisha
762001,Sourcing Allowed,false,Odisha
762010,Sourcing Allowed,false,Odisha
762014,Sourcing Allowed,false,Odisha
762015,Sourcing Allowed,false,Odisha
762024,Sourcing Allowed,false,Odisha
762027,Sourcing Allowed,false,Odisha
762102,Sourcing Allowed,false,Odisha
762104,Sourcing Allowed,false,Odisha
764027,Sourcing Allowed,false,Odisha
764059,Sourcing Allowed,false,Odisha
764071,Sourcing Allowed,false,Odisha
764072,Sourcing Allowed,false,Odisha
764073,Sourcing Allowed,false,Odisha
764074,Sourcing Allowed,false,Odisha
764076,Sourcing Allowed,false,Odisha
764078,Sourcing Allowed,false,Odisha
766104,Sourcing Allowed,false,Odisha
766106,Sourcing Allowed,false,Odisha
766107,Sourcing Allowed,false,Odisha
766111,Sourcing Allowed,false,Odisha
767001,Sourcing Allowed,false,Odisha
767002,Sourcing Allowed,false,Odisha
767016,Sourcing Allowed,false,Odisha
767018,Sourcing Allowed,false,Odisha
767019,Sourcing Allowed,false,Odisha
767023,Sourcing Allowed,false,Odisha
767024,Sourcing Allowed,false,Odisha
767027,Sourcing Allowed,false,Odisha
767032,Sourcing Allowed,false,Odisha
767033,Sourcing Allowed,false,Odisha
767039,Sourcing Allowed,false,Odisha
767041,Sourcing Allowed,false,Odisha
767045,Sourcing Allowed,false,Odisha
767048,Sourcing Allowed,false,Odisha
767065,Sourcing Allowed,false,Odisha
768001,Sourcing Allowed,false,Odisha
768002,Sourcing Allowed,false,Odisha
768003,Sourcing Allowed,false,Odisha
768004,Sourcing Allowed,false,Odisha
768005,Sourcing Allowed,false,Odisha
768006,Sourcing Allowed,false,Odisha
768016,Sourcing Allowed,false,Odisha
768017,Sourcing Allowed,false,Odisha
768018,Sourcing Allowed,false,Odisha
768019,Sourcing Allowed,false,Odisha
768020,Sourcing Allowed,false,Odisha
768025,Sourcing Allowed,false,Odisha
768026,Sourcing Allowed,false,Odisha
768027,Sourcing Allowed,false,Odisha
768053,Sourcing Allowed,false,Odisha
768105,Sourcing Allowed,false,Odisha
768106,Sourcing Allowed,false,Odisha
768107,Sourcing Allowed,false,Odisha
768108,Sourcing Allowed,false,Odisha
768109,Sourcing Allowed,false,Odisha
768111,Sourcing Allowed,false,Odisha
768112,Sourcing Allowed,false,Odisha
768113,Sourcing Allowed,false,Odisha
768118,Sourcing Allowed,false,Odisha
768119,Sourcing Allowed,false,Odisha
768200,Sourcing Allowed,false,Odisha
768201,Sourcing Allowed,false,Odisha
768202,Sourcing Allowed,false,Odisha
768203,Sourcing Allowed,false,Odisha
768204,Sourcing Allowed,false,Odisha
768210,Sourcing Allowed,false,Odisha
768211,Sourcing Allowed,false,Odisha
768212,Sourcing Allowed,false,Odisha
768213,Sourcing Allowed,false,Odisha
768214,Sourcing Allowed,false,Odisha
768215,Sourcing Allowed,false,Odisha
768216,Sourcing Allowed,false,Odisha
768217,Sourcing Allowed,false,Odisha
768218,Sourcing Allowed,false,Odisha
768219,Sourcing Allowed,false,Odisha
768220,Sourcing Allowed,false,Odisha
768221,Sourcing Allowed,false,Odisha
768222,Sourcing Allowed,false,Odisha
768224,Sourcing Allowed,false,Odisha
768225,Sourcing Allowed,false,Odisha
768226,Sourcing Allowed,false,Odisha
768227,Sourcing Allowed,false,Odisha
768228,Sourcing Allowed,false,Odisha
768230,Sourcing Allowed,false,Odisha
768233,Sourcing Allowed,false,Odisha
768234,Sourcing Allowed,false,Odisha
769001,Sourcing Allowed,false,Odisha
769002,Sourcing Allowed,false,Odisha
769003,Sourcing Allowed,false,Odisha
769004,Sourcing Allowed,false,Odisha
769006,Sourcing Allowed,false,Odisha
769008,Sourcing Allowed,false,Odisha
769009,Sourcing Allowed,false,Odisha
769012,Sourcing Allowed,false,Odisha
769013,Sourcing Allowed,false,Odisha
769014,Sourcing Allowed,false,Odisha
769016,Sourcing Allowed,false,Odisha
769042,Sourcing Allowed,false,Odisha
770001,Sourcing Allowed,false,Odisha
770002,Sourcing Allowed,false,Odisha
770011,Sourcing Allowed,false,Odisha
770016,Sourcing Allowed,false,Odisha
770017,Sourcing Allowed,false,Odisha
770019,Sourcing Allowed,false,Odisha
770031,Sourcing Allowed,false,Odisha
770032,Sourcing Allowed,false,Odisha
770033,Sourcing Allowed,false,Odisha
770035,Sourcing Allowed,false,Odisha
770040,Sourcing Allowed,false,Odisha
770044,Sourcing Allowed,false,Odisha
770048,Sourcing Allowed,false,Odisha
781001,Sourcing Allowed,false,Assam
781002,Sourcing Allowed,false,Assam
781003,Sourcing Allowed,false,Assam
781004,Sourcing Allowed,false,Assam
781005,Sourcing Allowed,false,Assam
781006,Sourcing Allowed,false,Assam
781007,Sourcing Allowed,false,Assam
781008,Sourcing Allowed,false,Assam
781009,Sourcing Allowed,false,Assam
781010,Sourcing Allowed,false,Assam
781011,Sourcing Allowed,false,Assam
781012,Sourcing Allowed,false,Assam
781013,Sourcing Allowed,false,Assam
781014,Sourcing Allowed,false,Assam
781015,Sourcing Allowed,false,Assam
781016,Sourcing Allowed,false,Assam
781017,Sourcing Allowed,false,Assam
781018,Sourcing Allowed,false,Assam
781019,Sourcing Allowed,false,Assam
781020,Sourcing Allowed,false,Assam
781021,Sourcing Allowed,false,Assam
781022,Sourcing Allowed,false,Assam
781023,Sourcing Allowed,false,Assam
781024,Sourcing Allowed,false,Assam
781025,Sourcing Allowed,false,Assam
781026,Sourcing Allowed,false,Assam
781027,Sourcing Allowed,false,Assam
781028,Sourcing Allowed,false,Assam
781029,Sourcing Allowed,false,Assam
781030,Sourcing Allowed,false,Assam
781031,Sourcing Allowed,false,Assam
781032,Sourcing Allowed,false,Assam
781035,Sourcing Allowed,false,Assam
781036,Sourcing Allowed,false,Assam
781038,Sourcing Allowed,false,Assam
781039,Sourcing Allowed,false,Assam
781040,Sourcing Allowed,false,Assam
781101,Sourcing Allowed,false,Assam
781102,Sourcing Allowed,false,Assam
781103,Sourcing Allowed,false,Assam
781104,Sourcing Allowed,false,Assam
781112,Sourcing Allowed,false,Assam
781120,Sourcing Allowed,false,Assam
781121,Sourcing Allowed,false,Assam
781122,Sourcing Allowed,false,Assam
781123,Sourcing Allowed,false,Assam
781124,Sourcing Allowed,false,Assam
781125,Sourcing Allowed,false,Assam
781127,Sourcing Allowed,false,Assam
781128,Sourcing Allowed,false,Assam
781129,Sourcing Allowed,false,Assam
781130,Sourcing Allowed,false,Assam
781131,Sourcing Allowed,false,Assam
781132,Sourcing Allowed,false,Assam
781133,Sourcing Allowed,false,Assam
781134,Sourcing Allowed,false,Assam
781135,Sourcing Allowed,false,Assam
781136,Sourcing Allowed,false,Assam
781137,Sourcing Allowed,false,Assam
781138,Sourcing Allowed,false,Assam
781141,Sourcing Allowed,false,Assam
781171,Sourcing Allowed,false,Assam
781320,Sourcing Allowed,false,Assam
781351,Sourcing Allowed,false,Assam
781354,Sourcing Allowed,false,Assam
781364,Sourcing Allowed,false,Assam
781365,Sourcing Allowed,false,Assam
781366,Sourcing Allowed,false,Assam
781380,Sourcing Allowed,false,Assam
781381,Sourcing Allowed,false,Assam
782402,Sourcing Allowed,false,Assam
782403,Sourcing Allowed,false,Assam
785688,Sourcing Allowed,false,Assam
800001,Sourcing Allowed,false,Bihar
800002,Sourcing Allowed,false,Bihar
800003,Sourcing Allowed,false,Bihar
800004,Sourcing Allowed,false,Bihar
800005,Sourcing Allowed,false,Bihar
800006,Sourcing Allowed,false,Bihar
800007,Sourcing Allowed,false,Bihar
800008,Sourcing Allowed,false,Bihar
800009,Sourcing Allowed,false,Bihar
800010,Sourcing Allowed,false,Bihar
800011,Sourcing Allowed,false,Bihar
800012,Sourcing Allowed,false,Bihar
800013,Sourcing Allowed,false,Bihar
800014,Sourcing Allowed,false,Bihar
800015,Sourcing Allowed,false,Bihar
800016,Sourcing Allowed,false,Bihar
800017,Sourcing Allowed,false,Bihar
800018,Sourcing Allowed,false,Bihar
800019,Sourcing Allowed,false,Bihar
800020,Sourcing Allowed,false,Bihar
800021,Sourcing Allowed,false,Bihar
800022,Sourcing Allowed,false,Bihar
800023,Sourcing Allowed,false,Bihar
800024,Sourcing Allowed,false,Bihar
800025,Sourcing Allowed,false,Bihar
800026,Sourcing Allowed,false,Bihar
800027,Sourcing Allowed,false,Bihar
800028,Sourcing Allowed,false,Bihar
800029,Sourcing Allowed,false,Bihar
800030,Sourcing Allowed,false,Bihar
800111,Sourcing Allowed,false,Bihar
801101,Sourcing Allowed,false,Bihar
801102,Sourcing Allowed,false,Bihar
801103,Sourcing Allowed,false,Bihar
801104,Sourcing Allowed,false,Bihar
801105,Sourcing Allowed,false,Bihar
801106,Sourcing Allowed,false,Bihar
801108,Sourcing Allowed,false,Bihar
801109,Sourcing Allowed,false,Bihar
801110,Sourcing Allowed,false,Bihar
801111,Sourcing Allowed,false,Bihar
801112,Sourcing Allowed,false,Bihar
801113,Sourcing Allowed,false,Bihar
801117,Sourcing Allowed,false,Bihar
801118,Sourcing Allowed,false,Bihar
801302,Sourcing Allowed,false,Bihar
801303,Sourcing Allowed,false,Bihar
801304,Sourcing Allowed,false,Bihar
801307,Sourcing Allowed,false,Bihar
801501,Sourcing Allowed,false,Bihar
801502,Sourcing Allowed,false,Bihar
801503,Sourcing Allowed,false,Bihar
801505,Sourcing Allowed,false,Bihar
801506,Sourcing Allowed,false,Bihar
801507,Sourcing Allowed,false,Bihar
802101,Sourcing Allowed,false,Bihar
802102,Sourcing Allowed,false,Bihar
802103,Sourcing Allowed,false,Bihar
802111,Sourcing Allowed,false,Bihar
802112,Sourcing Allowed,false,Bihar
802113,Sourcing Allowed,false,Bihar
802114,Sourcing Allowed,false,Bihar
802115,Sourcing Allowed,false,Bihar
802116,Sourcing Allowed,false,Bihar
802117,Sourcing Allowed,false,Bihar
802118,Sourcing Allowed,false,Bihar
802119,Sourcing Allowed,false,Bihar
802120,Sourcing Allowed,false,Bihar
802122,Sourcing Allowed,false,Bihar
802123,Sourcing Allowed,false,Bihar
802125,Sourcing Allowed,false,Bihar
802126,Sourcing Allowed,false,Bihar
802127,Sourcing Allowed,false,Bihar
802128,Sourcing Allowed,false,Bihar
802129,Sourcing Allowed,false,Bihar
802130,Sourcing Allowed,false,Bihar
802131,Sourcing Allowed,false,Bihar
802133,Sourcing Allowed,false,Bihar
802134,Sourcing Allowed,false,Bihar
802135,Sourcing Allowed,false,Bihar
802136,Sourcing Allowed,false,Bihar
802152,Sourcing Allowed,false,Bihar
802154,Sourcing Allowed,false,Bihar
802155,Sourcing Allowed,false,Bihar
802156,Sourcing Allowed,false,Bihar
802157,Sourcing Allowed,false,Bihar
802158,Sourcing Allowed,false,Bihar
802159,Sourcing Allowed,false,Bihar
802160,Sourcing Allowed,false,Bihar
802161,Sourcing Allowed,false,Bihar
802162,Sourcing Allowed,false,Bihar
802163,Sourcing Allowed,false,Bihar
802164,Sourcing Allowed,false,Bihar
802165,Sourcing Allowed,false,Bihar
802166,Sourcing Allowed,false,Bihar
802183,Sourcing Allowed,false,Bihar
802201,Sourcing Allowed,false,Bihar
802202,Sourcing Allowed,false,Bihar
802203,Sourcing Allowed,false,Bihar
802204,Sourcing Allowed,false,Bihar
802205,Sourcing Allowed,false,Bihar
802206,Sourcing Allowed,false,Bihar
802207,Sourcing Allowed,false,Bihar
802208,Sourcing Allowed,false,Bihar
802209,Sourcing Allowed,false,Bihar
802210,Sourcing Allowed,false,Bihar
802215,Sourcing Allowed,false,Bihar
802217,Sourcing Allowed,false,Bihar
802222,Sourcing Allowed,false,Bihar
802223,Sourcing Allowed,false,Bihar
802237,Sourcing Allowed,false,Bihar
802301,Sourcing Allowed,false,Bihar
802302,Sourcing Allowed,false,Bihar
802311,Sourcing Allowed,false,Bihar
802312,Sourcing Allowed,false,Bihar
802313,Sourcing Allowed,false,Bihar
802314,Sourcing Allowed,false,Bihar
802315,Sourcing Allowed,false,Bihar
802316,Sourcing Allowed,false,Bihar
802351,Sourcing Allowed,false,Bihar
802352,Sourcing Allowed,false,Bihar
803101,Sourcing Allowed,false,Bihar
803109,Sourcing Allowed,false,Bihar
803111,Sourcing Allowed,false,Bihar
803112,Sourcing Allowed,false,Bihar
803113,Sourcing Allowed,false,Bihar
803115,Sourcing Allowed,false,Bihar
803116,Sourcing Allowed,false,Bihar
803118,Sourcing Allowed,false,Bihar
803201,Sourcing Allowed,false,Bihar
803202,Sourcing Allowed,false,Bihar
803203,Sourcing Allowed,false,Bihar
803204,Sourcing Allowed,false,Bihar
803206,Sourcing Allowed,false,Bihar
803211,Sourcing Allowed,false,Bihar
803212,Sourcing Allowed,false,Bihar
803213,Sourcing Allowed,false,Bihar
803214,Sourcing Allowed,false,Bihar
803218,Sourcing Allowed,false,Bihar
803221,Sourcing Allowed,false,Bihar
803301,Sourcing Allowed,false,Bihar
803302,Sourcing Allowed,false,Bihar
803303,Sourcing Allowed,false,Bihar
803306,Sourcing Allowed,false,Bihar
803307,Sourcing Allowed,false,Bihar
804401,Sourcing Allowed,false,Bihar
804402,Sourcing Allowed,false,Bihar
804403,Sourcing Allowed,false,Bihar
804404,Sourcing Allowed,false,Bihar
804405,Sourcing Allowed,false,Bihar
804406,Sourcing Allowed,false,Bihar
804407,Sourcing Allowed,false,Bihar
804408,Sourcing Allowed,false,Bihar
804417,Sourcing Allowed,false,Bihar
804418,Sourcing Allowed,false,Bihar
804419,Sourcing Allowed,false,Bihar
804420,Sourcing Allowed,false,Bihar
804421,Sourcing Allowed,false,Bihar
804422,Sourcing Allowed,false,Bihar
804423,Sourcing Allowed,false,Bihar
804424,Sourcing Allowed,false,Bihar
804426,Sourcing Allowed,false,Bihar
804427,Sourcing Allowed,false,Bihar
804428,Sourcing Allowed,false,Bihar
804429,Sourcing Allowed,false,Bihar
804430,Sourcing Allowed,false,Bihar
804432,Sourcing Allowed,false,Bihar
804433,Sourcing Allowed,false,Bihar
804434,Sourcing Allowed,false,Bihar
804435,Sourcing Allowed,false,Bihar
804451,Sourcing Allowed,false,Bihar
804452,Sourcing Allowed,false,Bihar
804453,Sourcing Allowed,false,Bihar
804454,Sourcing Allowed,false,Bihar
805108,Sourcing Allowed,false,Bihar
805109,Sourcing Allowed,false,Bihar
805122,Sourcing Allowed,false,Bihar
805124,Sourcing Allowed,false,Bihar
805125,Sourcing Allowed,false,Bihar
805126,Sourcing Allowed,false,Bihar
805129,Sourcing Allowed,false,Bihar
805131,Sourcing Allowed,false,Bihar
805135,Sourcing Allowed,false,Bihar
805236,Sourcing Allowed,false,Bihar
811101,Sourcing Allowed,false,Bihar
811102,Sourcing Allowed,false,Bihar
811103,Sourcing Allowed,false,Bihar
811105,Sourcing Allowed,false,Bihar
811106,Sourcing Allowed,false,Bihar
811107,Sourcing Allowed,false,Bihar
811201,Sourcing Allowed,false,Bihar
811202,Sourcing Allowed,false,Bihar
811211,Sourcing Allowed,false,Bihar
811212,Sourcing Allowed,false,Bihar
811213,Sourcing Allowed,false,Bihar
811214,Sourcing Allowed,false,Bihar
811301,Sourcing Allowed,false,Bihar
811302,Sourcing Allowed,false,Bihar
811304,Sourcing Allowed,false,Bihar
811305,Sourcing Allowed,false,Bihar
811308,Sourcing Allowed,false,Bihar
811309,Sourcing Allowed,false,Bihar
811310,Sourcing Allowed,false,Bihar
811311,Sourcing Allowed,false,Bihar
811312,Sourcing Allowed,false,Bihar
811313,Sourcing Allowed,false,Bihar
811315,Sourcing Allowed,false,Bihar
811316,Sourcing Allowed,false,Bihar
811317,Sourcing Allowed,false,Bihar
812001,Sourcing Allowed,false,Bihar
812002,Sourcing Allowed,false,Bihar
812003,Sourcing Allowed,false,Bihar
812004,Sourcing Allowed,false,Bihar
812005,Sourcing Allowed,false,Bihar
812006,Sourcing Allowed,false,Bihar
812007,Sourcing Allowed,false,Bihar
813101,Sourcing Allowed,false,Bihar
813103,Sourcing Allowed,false,Bihar
813104,Sourcing Allowed,false,Bihar
813105,Sourcing Allowed,false,Bihar
813106,Sourcing Allowed,false,Bihar
813107,Sourcing Allowed,false,Bihar
813108,Sourcing Allowed,false,Bihar
813109,Sourcing Allowed,false,Bihar
813112,Sourcing Allowed,false,Bihar
813113,Sourcing Allowed,false,Bihar
813117,Sourcing Allowed,false,Bihar
813201,Sourcing Allowed,false,Bihar
813202,Sourcing Allowed,false,Bihar
813203,Sourcing Allowed,false,Bihar
813204,Sourcing Allowed,false,Bihar
813205,Sourcing Allowed,false,Bihar
813206,Sourcing Allowed,false,Bihar
813207,Sourcing Allowed,false,Bihar
813208,Sourcing Allowed,false,Jharkhand
813209,Sourcing Allowed,false,Bihar
813210,Sourcing Allowed,false,Bihar
813211,Sourcing Allowed,false,Bihar
813212,Sourcing Allowed,false,Bihar
813213,Sourcing Allowed,false,Bihar
813214,Sourcing Allowed,false,Bihar
813221,Sourcing Allowed,false,Bihar
813222,Sourcing Allowed,false,Bihar
813223,Sourcing Allowed,false,Bihar
813225,Sourcing Allowed,false,Bihar
813227,Sourcing Allowed,false,Bihar
813228,Sourcing Allowed,false,Bihar
813231,Sourcing Allowed,false,Bihar
813233,Sourcing Allowed,false,Bihar
813321,Sourcing Allowed,false,Bihar
814112,Sourcing Allowed,false,Jharkhand
814113,Sourcing Allowed,false,Jharkhand
814114,Sourcing Allowed,false,Jharkhand
814115,Sourcing Allowed,false,Jharkhand
814116,Sourcing Allowed,false,Jharkhand
814122,Sourcing Allowed,false,Jharkhand
814131,Sourcing Allowed,false,Bihar
814142,Sourcing Allowed,false,Jharkhand
814143,Sourcing Allowed,false,Jharkhand
814149,Sourcing Allowed,false,Jharkhand
814150,Sourcing Allowed,false,Jharkhand
814151,Sourcing Allowed,false,Jharkhand
814152,Sourcing Allowed,false,Jharkhand
814157,Sourcing Allowed,false,Jharkhand
815301,Sourcing Allowed,false,Jharkhand
815311,Sourcing Allowed,false,Bihar
815313,Sourcing Allowed,false,Bihar
815315,Sourcing Allowed,false,Bihar
815317,Sourcing Allowed,false,Bihar
815318,Sourcing Allowed,false,Bihar
815353,Sourcing Allowed,false,Jharkhand
815357,Sourcing Allowed,false,Jharkhand
815552,Sourcing Allowed,false,Jharkhand
816101,Sourcing Allowed,false,Jharkhand
816102,Sourcing Allowed,false,Jharkhand
816104,Sourcing Allowed,false,Jharkhand
816105,Sourcing Allowed,false,Jharkhand
816106,Sourcing Allowed,false,Jharkhand
816107,Sourcing Allowed,false,Jharkhand
816108,Sourcing Allowed,false,Jharkhand
816109,Sourcing Allowed,false,Jharkhand
816110,Sourcing Allowed,false,Jharkhand
816115,Sourcing Allowed,false,Jharkhand
816116,Sourcing Allowed,false,Jharkhand
816117,Sourcing Allowed,false,Jharkhand
816120,Sourcing Allowed,false,Jharkhand
816129,Sourcing Allowed,false,Jharkhand
818142,Sourcing Allowed,false,Jharkhand
821101,Sourcing Allowed,false,Bihar
821102,Sourcing Allowed,false,Bihar
821105,Sourcing Allowed,false,Bihar
821107,Sourcing Allowed,false,Bihar
821108,Sourcing Allowed,false,Bihar
821109,Sourcing Allowed,false,Bihar
821110,Sourcing Allowed,false,Bihar
821112,Sourcing Allowed,false,Bihar
821113,Sourcing Allowed,false,Bihar
821115,Sourcing Allowed,false,Bihar
821304,Sourcing Allowed,false,Bihar
821305,Sourcing Allowed,false,Bihar
821307,Sourcing Allowed,false,Bihar
821308,Sourcing Allowed,false,Bihar
821309,Sourcing Allowed,false,Bihar
821310,Sourcing Allowed,false,Bihar
821312,Sourcing Allowed,false,Bihar
823001,Sourcing Allowed,false,Bihar
823002,Sourcing Allowed,false,Bihar
823003,Sourcing Allowed,false,Bihar
823004,Sourcing Allowed,false,Bihar
823005,Sourcing Allowed,false,Bihar
823311,Sourcing Allowed,false,Bihar
824101,Sourcing Allowed,false,Bihar
824102,Sourcing Allowed,false,Bihar
824103,Sourcing Allowed,false,Bihar
824111,Sourcing Allowed,false,Bihar
824112,Sourcing Allowed,false,Bihar
824113,Sourcing Allowed,false,Bihar
824114,Sourcing Allowed,false,Bihar
824115,Sourcing Allowed,false,Bihar
824116,Sourcing Allowed,false,Bihar
824118,Sourcing Allowed,false,Bihar
824120,Sourcing Allowed,false,Bihar
824121,Sourcing Allowed,false,Bihar
824122,Sourcing Allowed,false,Bihar
824123,Sourcing Allowed,false,Bihar
824124,Sourcing Allowed,false,Bihar
824125,Sourcing Allowed,false,Bihar
824127,Sourcing Allowed,false,Bihar
824129,Sourcing Allowed,false,Bihar
824130,Sourcing Allowed,false,Bihar
824143,Sourcing Allowed,false,Bihar
824201,Sourcing Allowed,false,Bihar
824202,Sourcing Allowed,false,Bihar
824203,Sourcing Allowed,false,Bihar
824205,Sourcing Allowed,false,Bihar
824206,Sourcing Allowed,false,Bihar
824207,Sourcing Allowed,false,Bihar
824208,Sourcing Allowed,false,Bihar
824209,Sourcing Allowed,false,Bihar
824210,Sourcing Allowed,false,Bihar
824211,Sourcing Allowed,false,Bihar
824213,Sourcing Allowed,false,Maharashtra
824216,Sourcing Allowed,false,Bihar
824217,Sourcing Allowed,false,Bihar
824218,Sourcing Allowed,false,Bihar
824219,Sourcing Allowed,false,Bihar
824220,Sourcing Allowed,false,Bihar
824221,Sourcing Allowed,false,Bihar
824231,Sourcing Allowed,false,Bihar
824232,Sourcing Allowed,false,Bihar
824233,Sourcing Allowed,false,Bihar
824234,Sourcing Allowed,false,Bihar
824235,Sourcing Allowed,false,Bihar
824236,Sourcing Allowed,false,Bihar
824237,Sourcing Allowed,false,Bihar
824301,Sourcing Allowed,false,Bihar
824302,Sourcing Allowed,false,Bihar
824303,Sourcing Allowed,false,Bihar
824304,Sourcing Allowed,false,Bihar
825102,Sourcing Allowed,false,Bihar
825103,Sourcing Allowed,false,Bihar
825108,Sourcing Allowed,false,Bihar
825109,Sourcing Allowed,false,Jharkhand
825132,Sourcing Allowed,false,Jharkhand
825301,Sourcing Allowed,false,Jharkhand
825311,Sourcing Allowed,false,Jharkhand
825313,Sourcing Allowed,false,Bihar
825314,Sourcing Allowed,false,Bihar
825316,Sourcing Allowed,false,Bihar
825317,Sourcing Allowed,false,Bihar
825318,Sourcing Allowed,false,Bihar
825319,Sourcing Allowed,false,Jharkhand
825402,Sourcing Allowed,false,Jharkhand
825407,Sourcing Allowed,false,Jharkhand
825409,Sourcing Allowed,false,Jharkhand
825411,Sourcing Allowed,false,Jharkhand
825418,Sourcing Allowed,false,Jharkhand
826001,Sourcing Allowed,false,Jharkhand
826003,Sourcing Allowed,false,Jharkhand
826004,Sourcing Allowed,false,Jharkhand
826005,Sourcing Allowed,false,Jharkhand
826006,Sourcing Allowed,false,Jharkhand
826007,Sourcing Allowed,false,Jharkhand
826008,Sourcing Allowed,false,Jharkhand
826009,Sourcing Allowed,false,Jharkhand
826010,Sourcing Allowed,false,Jharkhand
826011,Sourcing Allowed,false,Jharkhand
826124,Sourcing Allowed,false,Jharkhand
827001,Sourcing Allowed,false,Jharkhand
827003,Sourcing Allowed,false,Jharkhand
827004,Sourcing Allowed,false,Jharkhand
827006,Sourcing Allowed,false,Jharkhand
827009,Sourcing Allowed,false,Jharkhand
827010,Sourcing Allowed,false,Jharkhand
827011,Sourcing Allowed,false,Jharkhand
827012,Sourcing Allowed,false,Jharkhand
827013,Sourcing Allowed,false,Jharkhand
827014,Sourcing Allowed,false,Jharkhand
827015,Sourcing Allowed,false,Jharkhand
827016,Sourcing Allowed,false,Jharkhand
828101,Sourcing Allowed,false,Jharkhand
828102,Sourcing Allowed,false,Jharkhand
828103,Sourcing Allowed,false,Jharkhand
828104,Sourcing Allowed,false,Jharkhand
828105,Sourcing Allowed,false,Jharkhand
828106,Sourcing Allowed,false,Jharkhand
828107,Sourcing Allowed,false,Jharkhand
828108,Sourcing Allowed,false,Jharkhand
828109,Sourcing Allowed,false,Jharkhand
828110,Sourcing Allowed,false,Jharkhand
828111,Sourcing Allowed,false,Jharkhand
828112,Sourcing Allowed,false,Jharkhand
828113,Sourcing Allowed,false,Jharkhand
828114,Sourcing Allowed,false,Jharkhand
828115,Sourcing Allowed,false,Jharkhand
828116,Sourcing Allowed,false,Jharkhand
828117,Sourcing Allowed,false,Jharkhand
828119,Sourcing Allowed,false,Jharkhand
828120,Sourcing Allowed,false,Jharkhand
828121,Sourcing Allowed,false,Jharkhand
828122,Sourcing Allowed,false,Jharkhand
828123,Sourcing Allowed,false,Jharkhand
828124,Sourcing Allowed,false,Jharkhand
828125,Sourcing Allowed,false,Jharkhand
828126,Sourcing Allowed,false,Jharkhand
828127,Sourcing Allowed,false,Jharkhand
828128,Sourcing Allowed,false,Jharkhand
828129,Sourcing Allowed,false,Jharkhand
828130,Sourcing Allowed,false,Jharkhand
828131,Sourcing Allowed,false,Jharkhand
828132,Sourcing Allowed,false,Jharkhand
828133,Sourcing Allowed,false,Jharkhand
828134,Sourcing Allowed,false,Jharkhand
828135,Sourcing Allowed,false,Jharkhand
828142,Sourcing Allowed,false,Jharkhand
828201,Sourcing Allowed,false,Jharkhand
828202,Sourcing Allowed,false,Jharkhand
828203,Sourcing Allowed,false,Jharkhand
828204,Sourcing Allowed,false,Jharkhand
828205,Sourcing Allowed,false,Jharkhand
828206,Sourcing Allowed,false,Jharkhand
828207,Sourcing Allowed,false,Jharkhand
828301,Sourcing Allowed,false,Jharkhand
828302,Sourcing Allowed,false,Jharkhand
828303,Sourcing Allowed,false,Jharkhand
828304,Sourcing Allowed,false,Jharkhand
828305,Sourcing Allowed,false,Jharkhand
828306,Sourcing Allowed,false,Jharkhand
828308,Sourcing Allowed,false,Jharkhand
828309,Sourcing Allowed,false,Jharkhand
828311,Sourcing Allowed,false,Jharkhand
828401,Sourcing Allowed,false,Jharkhand
828402,Sourcing Allowed,false,Jharkhand
828403,Sourcing Allowed,false,Jharkhand
829104,Sourcing Allowed,false,Jharkhand
829107,Sourcing Allowed,false,Jharkhand
829110,Sourcing Allowed,false,Jharkhand
829111,Sourcing Allowed,false,Jharkhand
829112,Sourcing Allowed,false,Jharkhand
829113,Sourcing Allowed,false,Jharkhand
829114,Sourcing Allowed,false,Jharkhand
829115,Sourcing Allowed,false,Jharkhand
829116,Sourcing Allowed,false,Jharkhand
829121,Sourcing Allowed,false,Jharkhand
829122,Sourcing Allowed,false,Jharkhand
829127,Sourcing Allowed,false,Jharkhand
829128,Sourcing Allowed,false,Jharkhand
829129,Sourcing Allowed,false,Jharkhand
829202,Sourcing Allowed,false,Jharkhand
829203,Sourcing Allowed,false,Jharkhand
829205,Sourcing Allowed,false,Jharkhand
829206,Sourcing Allowed,false,Jharkhand
829208,Sourcing Allowed,false,Jharkhand
829209,Sourcing Allowed,false,Jharkhand
829210,Sourcing Allowed,false,Jharkhand
831001,Sourcing Allowed,false,Jharkhand
831002,Sourcing Allowed,false,Jharkhand
831003,Sourcing Allowed,false,Jharkhand
831004,Sourcing Allowed,false,Jharkhand
831007,Sourcing Allowed,false,Jharkhand
831008,Sourcing Allowed,false,Jharkhand
831009,Sourcing Allowed,false,Jharkhand
831010,Sourcing Allowed,false,Jharkhand
831011,Sourcing Allowed,false,Jharkhand
831012,Sourcing Allowed,false,Jharkhand
831013,Sourcing Allowed,false,Jharkhand
831015,Sourcing Allowed,false,Jharkhand
831017,Sourcing Allowed,false,Jharkhand
831018,Sourcing Allowed,false,Jharkhand
831019,Sourcing Allowed,false,Jharkhand
831020,Sourcing Allowed,false,Jharkhand
831021,Sourcing Allowed,false,Jharkhand
832101,Sourcing Allowed,false,Jharkhand
832102,Sourcing Allowed,false,Jharkhand
832105,Sourcing Allowed,false,Jharkhand
832106,Sourcing Allowed,false,Jharkhand
832107,Sourcing Allowed,false,Jharkhand
832108,Sourcing Allowed,false,Jharkhand
832109,Sourcing Allowed,false,Jharkhand
832111,Sourcing Allowed,false,Jharkhand
832113,Sourcing Allowed,false,Jharkhand
832119,Sourcing Allowed,false,Jharkhand
832301,Sourcing Allowed,false,Jharkhand
832304,Sourcing Allowed,false,Jharkhand
832404,Sourcing Allowed,false,Jharkhand
833101,Sourcing Allowed,false,Jharkhand
833210,Sourcing Allowed,false,Jharkhand
833219,Sourcing Allowed,false,Jharkhand
833220,Sourcing Allowed,false,Jharkhand
834001,Sourcing Allowed,false,Jharkhand
834002,Sourcing Allowed,false,Jharkhand
834003,Sourcing Allowed,false,Jharkhand
834004,Sourcing Allowed,false,Jharkhand
834005,Sourcing Allowed,false,Jharkhand
834006,Sourcing Allowed,false,Jharkhand
834007,Sourcing Allowed,false,Jharkhand
834008,Sourcing Allowed,false,Jharkhand
834009,Sourcing Allowed,false,Jharkhand
834010,Sourcing Allowed,false,Jharkhand
834011,Sourcing Allowed,false,Jharkhand
834012,Sourcing Allowed,false,Jharkhand
834013,Sourcing Allowed,false,Jharkhand
834014,Sourcing Allowed,false,Jharkhand
835101,Sourcing Allowed,false,Jharkhand
835102,Sourcing Allowed,false,Jharkhand
835103,Sourcing Allowed,false,Jharkhand
835202,Sourcing Allowed,false,Jharkhand
835204,Sourcing Allowed,false,Jharkhand
835205,Sourcing Allowed,false,Jharkhand
835209,Sourcing Allowed,false,Jharkhand
835213,Sourcing Allowed,false,Jharkhand
835214,Sourcing Allowed,false,Jharkhand
835215,Sourcing Allowed,false,Jharkhand
835216,Sourcing Allowed,false,Jharkhand
835217,Sourcing Allowed,false,Jharkhand
835219,Sourcing Allowed,false,Jharkhand
835221,Sourcing Allowed,false,Jharkhand
835222,Sourcing Allowed,false,Jharkhand
835225,Sourcing Allowed,false,Jharkhand
835227,Sourcing Allowed,false,Jharkhand
835234,Sourcing Allowed,false,Jharkhand
835236,Sourcing Allowed,false,Jharkhand
835238,Sourcing Allowed,false,Jharkhand
835239,Sourcing Allowed,false,Jharkhand
835240,Sourcing Allowed,false,Jharkhand
835244,Sourcing Allowed,false,Jharkhand
835301,Sourcing Allowed,false,Jharkhand
835303,Sourcing Allowed,false,Jharkhand
841101,Sourcing Allowed,false,Bihar
841105,Sourcing Allowed,false,Bihar
841201,Sourcing Allowed,false,Bihar
841202,Sourcing Allowed,false,Bihar
841203,Sourcing Allowed,false,Bihar
841204,Sourcing Allowed,false,Bihar
841205,Sourcing Allowed,false,Bihar
841206,Sourcing Allowed,false,Bihar
841207,Sourcing Allowed,false,Bihar
841208,Sourcing Allowed,false,Bihar
841209,Sourcing Allowed,false,Bihar
841210,Sourcing Allowed,false,Bihar
841211,Sourcing Allowed,false,Bihar
841212,Sourcing Allowed,false,Bihar
841213,Sourcing Allowed,false,Bihar
841214,Sourcing Allowed,false,Bihar
841215,Sourcing Allowed,false,Bihar
841216,Sourcing Allowed,false,Bihar
841217,Sourcing Allowed,false,Bihar
841218,Sourcing Allowed,false,Bihar
841219,Sourcing Allowed,false,Bihar
841220,Sourcing Allowed,false,Bihar
841221,Sourcing Allowed,false,Bihar
841222,Sourcing Allowed,false,Bihar
841223,Sourcing Allowed,false,Bihar
841224,Sourcing Allowed,false,Bihar
841225,Sourcing Allowed,false,Bihar
841226,Sourcing Allowed,false,Bihar
841227,Sourcing Allowed,false,Bihar
841231,Sourcing Allowed,false,Bihar
841232,Sourcing Allowed,false,Bihar
841233,Sourcing Allowed,false,Bihar
841234,Sourcing Allowed,false,Bihar
841235,Sourcing Allowed,false,Bihar
841236,Sourcing Allowed,false,Bihar
841237,Sourcing Allowed,false,Bihar
841238,Sourcing Allowed,false,Bihar
841239,Sourcing Allowed,false,Bihar
841240,Sourcing Allowed,false,Bihar
841241,Sourcing Allowed,false,Bihar
841242,Sourcing Allowed,false,Bihar
841243,Sourcing Allowed,false,Bihar
841244,Sourcing Allowed,false,Bihar
841245,Sourcing Allowed,false,Bihar
841247,Sourcing Allowed,false,Bihar
841286,Sourcing Allowed,false,Bihar
841287,Sourcing Allowed,false,Bihar
841301,Sourcing Allowed,false,Bihar
841302,Sourcing Allowed,false,Bihar
841305,Sourcing Allowed,false,Bihar
841311,Sourcing Allowed,false,Bihar
841312,Sourcing Allowed,false,Bihar
841313,Sourcing Allowed,false,Bihar
841316,Sourcing Allowed,false,Bihar
841401,Sourcing Allowed,false,Bihar
841402,Sourcing Allowed,false,Bihar
841403,Sourcing Allowed,false,Bihar
841404,Sourcing Allowed,false,Bihar
841405,Sourcing Allowed,false,Bihar
841406,Sourcing Allowed,false,Bihar
841407,Sourcing Allowed,false,Bihar
841408,Sourcing Allowed,false,Bihar
841409,Sourcing Allowed,false,Bihar
841410,Sourcing Allowed,false,Bihar
841411,Sourcing Allowed,false,Bihar
841412,Sourcing Allowed,false,Bihar
841413,Sourcing Allowed,false,Bihar
841414,Sourcing Allowed,false,Bihar
841415,Sourcing Allowed,false,Bihar
841416,Sourcing Allowed,false,Bihar
841417,Sourcing Allowed,false,Bihar
841418,Sourcing Allowed,false,Bihar
841419,Sourcing Allowed,false,Bihar
841420,Sourcing Allowed,false,Bihar
841421,Sourcing Allowed,false,Bihar
841422,Sourcing Allowed,false,Bihar
841423,Sourcing Allowed,false,Bihar
841424,Sourcing Allowed,false,Bihar
841425,Sourcing Allowed,false,Bihar
841426,Sourcing Allowed,false,Bihar
841427,Sourcing Allowed,false,Bihar
841428,Sourcing Allowed,false,Bihar
841433,Sourcing Allowed,false,Bihar
841434,Sourcing Allowed,false,Bihar
841435,Sourcing Allowed,false,Bihar
841436,Sourcing Allowed,false,Bihar
841437,Sourcing Allowed,false,Bihar
841438,Sourcing Allowed,false,Bihar
841439,Sourcing Allowed,false,Bihar
841440,Sourcing Allowed,false,Bihar
841441,Sourcing Allowed,false,Bihar
841442,Sourcing Allowed,false,Bihar
841443,Sourcing Allowed,false,Bihar
841446,Sourcing Allowed,false,Bihar
841447,Sourcing Allowed,false,Bihar
841460,Sourcing Allowed,false,Bihar
841501,Sourcing Allowed,false,Bihar
841502,Sourcing Allowed,false,Bihar
841503,Sourcing Allowed,false,Bihar
841504,Sourcing Allowed,false,Bihar
841505,Sourcing Allowed,false,Bihar
841506,Sourcing Allowed,false,Bihar
841507,Sourcing Allowed,false,Bihar
841508,Sourcing Allowed,false,Bihar
841509,Sourcing Allowed,false,Bihar
842001,Sourcing Allowed,false,Bihar
842002,Sourcing Allowed,false,Bihar
842003,Sourcing Allowed,false,Bihar
842004,Sourcing Allowed,false,Bihar
842005,Sourcing Allowed,false,Bihar
842006,Sourcing Allowed,false,Bihar
843101,Sourcing Allowed,false,Bihar
843102,Sourcing Allowed,false,Bihar
843103,Sourcing Allowed,false,Bihar
843104,Sourcing Allowed,false,Bihar
843105,Sourcing Allowed,false,Bihar
843106,Sourcing Allowed,false,Bihar
843107,Sourcing Allowed,false,Bihar
843108,Sourcing Allowed,false,Bihar
843109,Sourcing Allowed,false,Bihar
843110,Sourcing Allowed,false,Bihar
843111,Sourcing Allowed,false,Bihar
843112,Sourcing Allowed,false,Bihar
843113,Sourcing Allowed,false,Bihar
843114,Sourcing Allowed,false,Bihar
843115,Sourcing Allowed,false,Bihar
843116,Sourcing Allowed,false,Bihar
843117,Sourcing Allowed,false,Bihar
843118,Sourcing Allowed,false,Bihar
843119,Sourcing Allowed,false,Bihar
843120,Sourcing Allowed,false,Bihar
843121,Sourcing Allowed,false,Bihar
843122,Sourcing Allowed,false,Bihar
843123,Sourcing Allowed,false,Bihar
843124,Sourcing Allowed,false,Bihar
843125,Sourcing Allowed,false,Bihar
843126,Sourcing Allowed,false,Bihar
843127,Sourcing Allowed,false,Bihar
843128,Sourcing Allowed,false,Bihar
843129,Sourcing Allowed,false,Bihar
843130,Sourcing Allowed,false,Bihar
843131,Sourcing Allowed,false,Bihar
843132,Sourcing Allowed,false,Bihar
843133,Sourcing Allowed,false,Bihar
843139,Sourcing Allowed,false,Bihar
843141,Sourcing Allowed,false,Bihar
843143,Sourcing Allowed,false,Bihar
843144,Sourcing Allowed,false,Bihar
843146,Sourcing Allowed,false,Bihar
843147,Sourcing Allowed,false,Bihar
843152,Sourcing Allowed,false,Bihar
843153,Sourcing Allowed,false,Bihar
843161,Sourcing Allowed,false,Bihar
843162,Sourcing Allowed,false,Bihar
843165,Sourcing Allowed,false,Bihar
843312,Sourcing Allowed,false,Bihar
843321,Sourcing Allowed,false,Bihar
843335,Sourcing Allowed,false,Bihar
843360,Sourcing Allowed,false,Bihar
844101,Sourcing Allowed,false,Bihar
844102,Sourcing Allowed,false,Bihar
844103,Sourcing Allowed,false,Bihar
844111,Sourcing Allowed,false,Bihar
844112,Sourcing Allowed,false,Bihar
844113,Sourcing Allowed,false,Bihar
844114,Sourcing Allowed,false,Bihar
844115,Sourcing Allowed,false,Bihar
844116,Sourcing Allowed,false,Bihar
844117,Sourcing Allowed,false,Bihar
844118,Sourcing Allowed,false,Bihar
844119,Sourcing Allowed,false,Bihar
844120,Sourcing Allowed,false,Bihar
844121,Sourcing Allowed,false,Bihar
844122,Sourcing Allowed,false,Bihar
844123,Sourcing Allowed,false,Bihar
844124,Sourcing Allowed,false,Bihar
844125,Sourcing Allowed,false,Bihar
844126,Sourcing Allowed,false,Bihar
844127,Sourcing Allowed,false,Bihar
844128,Sourcing Allowed,false,Bihar
844131,Sourcing Allowed,false,Bihar
844134,Sourcing Allowed,false,Bihar
844139,Sourcing Allowed,false,Bihar
844141,Sourcing Allowed,false,Bihar
844501,Sourcing Allowed,false,Bihar
844502,Sourcing Allowed,false,Bihar
844503,Sourcing Allowed,false,Bihar
844504,Sourcing Allowed,false,Bihar
844505,Sourcing Allowed,false,Bihar
844506,Sourcing Allowed,false,Bihar
844507,Sourcing Allowed,false,Bihar
844508,Sourcing Allowed,false,Bihar
844509,Sourcing Allowed,false,Bihar
845101,Sourcing Allowed,false,Bihar
845102,Sourcing Allowed,false,Bihar
845103,Sourcing Allowed,false,Bihar
845104,Sourcing Allowed,false,Bihar
845105,Sourcing Allowed,false,Bihar
845106,Sourcing Allowed,false,Bihar
845107,Sourcing Allowed,false,Bihar
845301,Sourcing Allowed,false,Bihar
845302,Sourcing Allowed,false,Bihar
845303,Sourcing Allowed,false,Bihar
845304,Sourcing Allowed,false,Bihar
845305,Sourcing Allowed,false,Bihar
845306,Sourcing Allowed,false,Bihar
845307,Sourcing Allowed,false,Bihar
845315,Sourcing Allowed,false,Bihar
845401,Sourcing Allowed,false,Bihar
845404,Sourcing Allowed,false,Bihar
845406,Sourcing Allowed,false,Bihar
845411,Sourcing Allowed,false,Bihar
845412,Sourcing Allowed,false,Bihar
845413,Sourcing Allowed,false,Bihar
845414,Sourcing Allowed,false,Bihar
845415,Sourcing Allowed,false,Bihar
845416,Sourcing Allowed,false,Bihar
845417,Sourcing Allowed,false,Bihar
845418,Sourcing Allowed,false,Bihar
845419,Sourcing Allowed,false,Bihar
845420,Sourcing Allowed,false,Bihar
845422,Sourcing Allowed,false,Bihar
845423,Sourcing Allowed,false,Bihar
845424,Sourcing Allowed,false,Bihar
845425,Sourcing Allowed,false,Bihar
845426,Sourcing Allowed,false,Bihar
845427,Sourcing Allowed,false,Bihar
845428,Sourcing Allowed,false,Bihar
845429,Sourcing Allowed,false,Bihar
845430,Sourcing Allowed,false,Bihar
845431,Sourcing Allowed,false,Bihar
845432,Sourcing Allowed,false,Bihar
845433,Sourcing Allowed,false,Bihar
845434,Sourcing Allowed,false,Bihar
845435,Sourcing Allowed,false,Bihar
845436,Sourcing Allowed,false,Bihar
845437,Sourcing Allowed,false,Bihar
845440,Sourcing Allowed,false,Bihar
845449,Sourcing Allowed,false,Bihar
845450,Sourcing Allowed,false,Bihar
845451,Sourcing Allowed,false,Bihar
845452,Sourcing Allowed,false,Bihar
845453,Sourcing Allowed,false,Bihar
845454,Sourcing Allowed,false,Bihar
845455,Sourcing Allowed,false,Bihar
845456,Sourcing Allowed,false,Bihar
845457,Sourcing Allowed,false,Bihar
845458,Sourcing Allowed,false,Bihar
845459,Sourcing Allowed,false,Bihar
846001,Sourcing Allowed,false,Bihar
846002,Sourcing Allowed,false,Bihar
846003,Sourcing Allowed,false,Bihar
846004,Sourcing Allowed,false,Bihar
846005,Sourcing Allowed,false,Bihar
846006,Sourcing Allowed,false,Bihar
846007,Sourcing Allowed,false,Bihar
846008,Sourcing Allowed,false,Bihar
846009,Sourcing Allowed,false,Bihar
847101,Sourcing Allowed,false,Bihar
847102,Sourcing Allowed,false,Bihar
847103,Sourcing Allowed,false,Bihar
847104,Sourcing Allowed,false,Bihar
847105,Sourcing Allowed,false,Bihar
847106,Sourcing Allowed,false,Bihar
847107,Sourcing Allowed,false,Bihar
847108,Sourcing Allowed,false,Bihar
847109,Sourcing Allowed,false,Bihar
847115,Sourcing Allowed,false,Bihar
847121,Sourcing Allowed,false,Bihar
847122,Sourcing Allowed,false,Bihar
847123,Sourcing Allowed,false,Bihar
847201,Sourcing Allowed,false,Bihar
847202,Sourcing Allowed,false,Bihar
847203,Sourcing Allowed,false,Bihar
847204,Sourcing Allowed,false,Bihar
847211,Sourcing Allowed,false,Bihar
847212,Sourcing Allowed,false,Bihar
847213,Sourcing Allowed,false,Bihar
847214,Sourcing Allowed,false,Bihar
847215,Sourcing Allowed,false,Bihar
847222,Sourcing Allowed,false,Bihar
847223,Sourcing Allowed,false,Bihar
847224,Sourcing Allowed,false,Bihar
847225,Sourcing Allowed,false,Bihar
847226,Sourcing Allowed,false,Bihar
847227,Sourcing Allowed,false,Bihar
847228,Sourcing Allowed,false,Bihar
847229,Sourcing Allowed,false,Bihar
847230,Sourcing Allowed,false,Bihar
847231,Sourcing Allowed,false,Bihar
847232,Sourcing Allowed,false,Bihar
847233,Sourcing Allowed,false,Bihar
847234,Sourcing Allowed,false,Bihar
847235,Sourcing Allowed,false,Bihar
847236,Sourcing Allowed,false,Bihar
847237,Sourcing Allowed,false,Bihar
847238,Sourcing Allowed,false,Bihar
847239,Sourcing Allowed,false,Bihar
847240,Sourcing Allowed,false,Bihar
847301,Sourcing Allowed,false,Bihar
847302,Sourcing Allowed,false,Bihar
847303,Sourcing Allowed,false,Bihar
847304,Sourcing Allowed,false,Bihar
847305,Sourcing Allowed,false,Bihar
847306,Sourcing Allowed,false,Bihar
847307,Sourcing Allowed,false,Bihar
847308,Sourcing Allowed,false,Bihar
847337,Sourcing Allowed,false,Bihar
847401,Sourcing Allowed,false,Bihar
847402,Sourcing Allowed,false,Bihar
847403,Sourcing Allowed,false,Bihar
847404,Sourcing Allowed,false,Bihar
847405,Sourcing Allowed,false,Bihar
847406,Sourcing Allowed,false,Bihar
847407,Sourcing Allowed,false,Bihar
847408,Sourcing Allowed,false,Bihar
847409,Sourcing Allowed,false,Bihar
847410,Sourcing Allowed,false,Bihar
847411,Sourcing Allowed,false,Bihar
847421,Sourcing Allowed,false,Bihar
847422,Sourcing Allowed,false,Bihar
847423,Sourcing Allowed,false,Bihar
847424,Sourcing Allowed,false,Bihar
847427,Sourcing Allowed,false,Bihar
847428,Sourcing Allowed,false,Bihar
847429,Sourcing Allowed,false,Bihar
847451,Sourcing Allowed,false,Bihar
847452,Sourcing Allowed,false,Bihar
848101,Sourcing Allowed,false,Bihar
848102,Sourcing Allowed,false,Bihar
848111,Sourcing Allowed,false,Bihar
848113,Sourcing Allowed,false,Bihar
848114,Sourcing Allowed,false,Bihar
848115,Sourcing Allowed,false,Bihar
848116,Sourcing Allowed,false,Bihar
848117,Sourcing Allowed,false,Bihar
848118,Sourcing Allowed,false,Bihar
848121,Sourcing Allowed,false,Bihar
848122,Sourcing Allowed,false,Bihar
848125,Sourcing Allowed,false,Bihar
848127,Sourcing Allowed,false,Bihar
848129,Sourcing Allowed,false,Bihar
848130,Sourcing Allowed,false,Bihar
848131,Sourcing Allowed,false,Bihar
848132,Sourcing Allowed,false,Bihar
848133,Sourcing Allowed,false,Bihar
848134,Sourcing Allowed,false,Bihar
848160,Sourcing Allowed,false,Bihar
848201,Sourcing Allowed,false,Bihar
848202,Sourcing Allowed,false,Bihar
848203,Sourcing Allowed,false,Bihar
848204,Sourcing Allowed,false,Bihar
848205,Sourcing Allowed,false,Bihar
848206,Sourcing Allowed,false,Bihar
848207,Sourcing Allowed,false,Bihar
848208,Sourcing Allowed,false,Bihar
848209,Sourcing Allowed,false,Bihar
848210,Sourcing Allowed,false,Bihar
848211,Sourcing Allowed,false,Bihar
848213,Sourcing Allowed,false,Bihar
848216,Sourcing Allowed,false,Bihar
848220,Sourcing Allowed,false,Bihar
848236,Sourcing Allowed,false,Bihar
848237,Sourcing Allowed,false,Bihar
848301,Sourcing Allowed,false,Bihar
848302,Sourcing Allowed,false,Bihar
848501,Sourcing Allowed,false,Bihar
848502,Sourcing Allowed,false,Bihar
848503,Sourcing Allowed,false,Bihar
848504,Sourcing Allowed,false,Bihar
848505,Sourcing Allowed,false,Bihar
848506,Sourcing Allowed,false,Bihar
851101,Sourcing Allowed,false,Bihar
851103,Sourcing Allowed,false,Bihar
851111,Sourcing Allowed,false,Bihar
851112,Sourcing Allowed,false,Bihar
851113,Sourcing Allowed,false,Bihar
851114,Sourcing Allowed,false,Bihar
851115,Sourcing Allowed,false,Bihar
851116,Sourcing Allowed,false,Bihar
851117,Sourcing Allowed,false,Bihar
851118,Sourcing Allowed,false,Bihar
851119,Sourcing Allowed,false,Bihar
851120,Sourcing Allowed,false,Bihar
851122,Sourcing Allowed,false,Bihar
851126,Sourcing Allowed,false,Bihar
851127,Sourcing Allowed,false,Bihar
851128,Sourcing Allowed,false,Bihar
851129,Sourcing Allowed,false,Bihar
851130,Sourcing Allowed,false,Bihar
851131,Sourcing Allowed,false,Bihar
851132,Sourcing Allowed,false,Bihar
851133,Sourcing Allowed,false,Bihar
851134,Sourcing Allowed,false,Bihar
851135,Sourcing Allowed,false,Bihar
851201,Sourcing Allowed,false,Bihar
851202,Sourcing Allowed,false,Bihar
851203,Sourcing Allowed,false,Bihar
851204,Sourcing Allowed,false,Bihar
851205,Sourcing Allowed,false,Bihar
851206,Sourcing Allowed,false,Bihar
851210,Sourcing Allowed,false,Bihar
851211,Sourcing Allowed,false,Bihar
851212,Sourcing Allowed,false,Bihar
851213,Sourcing Allowed,false,Bihar
851214,Sourcing Allowed,false,Bihar
851215,Sourcing Allowed,false,Bihar
851216,Sourcing Allowed,false,Bihar
851217,Sourcing Allowed,false,Bihar
851218,Sourcing Allowed,false,Bihar
851219,Sourcing Allowed,false,Bihar
851220,Sourcing Allowed,false,Bihar
851225,Sourcing Allowed,false,Bihar
852101,Sourcing Allowed,false,Bihar
852105,Sourcing Allowed,false,Bihar
852106,Sourcing Allowed,false,Bihar
852107,Sourcing Allowed,false,Bihar
852108,Sourcing Allowed,false,Bihar
852109,Sourcing Allowed,false,Bihar
852110,Sourcing Allowed,false,Bihar
852111,Sourcing Allowed,false,Bihar
852112,Sourcing Allowed,false,Bihar
852113,Sourcing Allowed,false,Bihar
852114,Sourcing Allowed,false,Bihar
852115,Sourcing Allowed,false,Bihar
852116,Sourcing Allowed,false,Bihar
852121,Sourcing Allowed,false,Bihar
852122,Sourcing Allowed,false,Bihar
852123,Sourcing Allowed,false,Bihar
852124,Sourcing Allowed,false,Bihar
852125,Sourcing Allowed,false,Bihar
852126,Sourcing Allowed,false,Bihar
852127,Sourcing Allowed,false,Bihar
852128,Sourcing Allowed,false,Bihar
852129,Sourcing Allowed,false,Bihar
852130,Sourcing Allowed,false,Bihar
852131,Sourcing Allowed,false,Bihar
852132,Sourcing Allowed,false,Bihar
852133,Sourcing Allowed,false,Bihar
852137,Sourcing Allowed,false,Bihar
852138,Sourcing Allowed,false,Bihar
852139,Sourcing Allowed,false,Bihar
852161,Sourcing Allowed,false,Bihar
852201,Sourcing Allowed,false,Bihar
852202,Sourcing Allowed,false,Bihar
852210,Sourcing Allowed,false,Bihar
852212,Sourcing Allowed,false,Bihar
852213,Sourcing Allowed,false,Bihar
852214,Sourcing Allowed,false,Bihar
852215,Sourcing Allowed,false,Bihar
852216,Sourcing Allowed,false,Bihar
852217,Sourcing Allowed,false,Bihar
852218,Sourcing Allowed,false,Bihar
852219,Sourcing Allowed,false,Bihar
852220,Sourcing Allowed,false,Bihar
852221,Sourcing Allowed,false,Bihar
853201,Sourcing Allowed,false,Bihar
853202,Sourcing Allowed,false,Bihar
853203,Sourcing Allowed,false,Bihar
853204,Sourcing Allowed,false,Bihar
853205,Sourcing Allowed,false,Bihar
853207,Sourcing Allowed,false,Bihar
854101,Sourcing Allowed,false,Bihar
854102,Sourcing Allowed,false,Bihar
854103,Sourcing Allowed,false,Bihar
854104,Sourcing Allowed,false,Bihar
854105,Sourcing Allowed,false,Bihar
854106,Sourcing Allowed,false,Bihar
854107,Sourcing Allowed,false,Bihar
854108,Sourcing Allowed,false,Bihar
854109,Sourcing Allowed,false,Bihar
854112,Sourcing Allowed,false,Bihar
854113,Sourcing Allowed,false,Bihar
854114,Sourcing Allowed,false,Bihar
854115,Sourcing Allowed,false,Bihar
854116,Sourcing Allowed,false,Bihar
854117,Sourcing Allowed,false,Bihar
854201,Sourcing Allowed,false,Bihar
854202,Sourcing Allowed,false,Bihar
854203,Sourcing Allowed,false,Bihar
854204,Sourcing Allowed,false,Bihar
854205,Sourcing Allowed,false,Bihar
854206,Sourcing Allowed,false,Bihar
854301,Sourcing Allowed,false,Bihar
854302,Sourcing Allowed,false,Bihar
854303,Sourcing Allowed,false,Bihar
854304,Sourcing Allowed,false,Bihar
854305,Sourcing Allowed,false,Bihar
854306,Sourcing Allowed,false,Bihar
854311,Sourcing Allowed,false,Bihar
854312,Sourcing Allowed,false,Bihar
854315,Sourcing Allowed,false,Bihar
854316,Sourcing Allowed,false,Bihar
854317,Sourcing Allowed,false,Bihar
854318,Sourcing Allowed,false,Bihar
854325,Sourcing Allowed,false,Bihar
854326,Sourcing Allowed,false,Bihar
854327,Sourcing Allowed,false,Bihar
854328,Sourcing Allowed,false,Bihar
854329,Sourcing Allowed,false,Bihar
854330,Sourcing Allowed,false,Bihar
854331,Sourcing Allowed,false,Bihar
854332,Sourcing Allowed,false,Bihar
854333,Sourcing Allowed,false,Bihar
854334,Sourcing Allowed,false,Bihar
854335,Sourcing Allowed,false,Bihar
854336,Sourcing Allowed,false,Bihar
854337,Sourcing Allowed,false,Bihar
854338,Sourcing Allowed,false,Bihar
854339,Sourcing Allowed,false,Bihar
854340,Sourcing Allowed,false,Bihar
855101,Sourcing Allowed,false,Bihar
855102,Sourcing Allowed,false,Bihar
855105,Sourcing Allowed,false,Bihar
855106,Sourcing Allowed,false,Bihar
855107,Sourcing Allowed,false,Bihar
855108,Sourcing Allowed,false,Bihar
855113,Sourcing Allowed,false,Bihar
855114,Sourcing Allowed,false,Bihar
855115,Sourcing Allowed,false,Bihar
855116,Sourcing Allowed,false,Bihar
855117,Sourcing Allowed,false,Bihar
855456,Sourcing Allowed,false,Bihar
